solid OpenSCAD_Model
  facet normal -1 0 0
    outer loop
      vertex 218.5 22.5 0
      vertex 218.5 26.5 3
      vertex 218.5 26.5 0
    endloop
  endfacet
  facet normal -1 -0 0
    outer loop
      vertex 218.5 26.5 3
      vertex 218.5 22.5 0
      vertex 218.5 22.5 3
    endloop
  endfacet
  facet normal 1 -0 0
    outer loop
      vertex 172.5 22.5 3
      vertex 172.5 26.5 0
      vertex 172.5 26.5 3
    endloop
  endfacet
  facet normal 1 0 0
    outer loop
      vertex 172.5 26.5 0
      vertex 172.5 22.5 3
      vertex 172.5 22.5 0
    endloop
  endfacet
  facet normal 0 -1 0
    outer loop
      vertex 172.5 26.5 0
      vertex 218.5 26.5 3
      vertex 172.5 26.5 3
    endloop
  endfacet
  facet normal 0 -1 -0
    outer loop
      vertex 218.5 26.5 3
      vertex 172.5 26.5 0
      vertex 218.5 26.5 0
    endloop
  endfacet
  facet normal 0 1 -0
    outer loop
      vertex 218.5 22.5 0
      vertex 204.5 22.5 3
      vertex 218.5 22.5 3
    endloop
  endfacet
  facet normal 0 1 0
    outer loop
      vertex 204.5 22.5 3
      vertex 218.5 22.5 0
      vertex 200.5 22.5 3
    endloop
  endfacet
  facet normal 0 1 0
    outer loop
      vertex 172.5 22.5 0
      vertex 200.5 22.5 3
      vertex 218.5 22.5 0
    endloop
  endfacet
  facet normal 0 1 0
    outer loop
      vertex 200.5 22.5 3
      vertex 172.5 22.5 0
      vertex 172.5 22.5 3
    endloop
  endfacet
  facet normal -1 0 0
    outer loop
      vertex 218.5 32.5 0
      vertex 218.5 36.5 3
      vertex 218.5 36.5 0
    endloop
  endfacet
  facet normal -1 -0 0
    outer loop
      vertex 218.5 36.5 3
      vertex 218.5 32.5 0
      vertex 218.5 32.5 3
    endloop
  endfacet
  facet normal 1 -0 0
    outer loop
      vertex 172.5 32.5 3
      vertex 172.5 36.5 0
      vertex 172.5 36.5 3
    endloop
  endfacet
  facet normal 1 0 0
    outer loop
      vertex 172.5 36.5 0
      vertex 172.5 32.5 3
      vertex 172.5 32.5 0
    endloop
  endfacet
  facet normal 0 -1 0
    outer loop
      vertex 172.5 36.5 0
      vertex 218.5 36.5 3
      vertex 172.5 36.5 3
    endloop
  endfacet
  facet normal 0 -1 -0
    outer loop
      vertex 218.5 36.5 3
      vertex 172.5 36.5 0
      vertex 218.5 36.5 0
    endloop
  endfacet
  facet normal 0 1 -0
    outer loop
      vertex 218.5 32.5 0
      vertex 172.5 32.5 3
      vertex 218.5 32.5 3
    endloop
  endfacet
  facet normal 0 1 0
    outer loop
      vertex 172.5 32.5 3
      vertex 218.5 32.5 0
      vertex 172.5 32.5 0
    endloop
  endfacet
  facet normal -1 0 0
    outer loop
      vertex 218.5 42.5 0
      vertex 218.5 46.5 3
      vertex 218.5 46.5 0
    endloop
  endfacet
  facet normal -1 -0 0
    outer loop
      vertex 218.5 46.5 3
      vertex 218.5 42.5 0
      vertex 218.5 42.5 3
    endloop
  endfacet
  facet normal 1 -0 0
    outer loop
      vertex 172.5 42.5 3
      vertex 172.5 46.5 0
      vertex 172.5 46.5 3
    endloop
  endfacet
  facet normal 1 0 0
    outer loop
      vertex 172.5 46.5 0
      vertex 172.5 42.5 3
      vertex 172.5 42.5 0
    endloop
  endfacet
  facet normal 0 -1 0
    outer loop
      vertex 172.5 46.5 0
      vertex 218.5 46.5 3
      vertex 172.5 46.5 3
    endloop
  endfacet
  facet normal 0 -1 -0
    outer loop
      vertex 218.5 46.5 3
      vertex 172.5 46.5 0
      vertex 218.5 46.5 0
    endloop
  endfacet
  facet normal 0 1 -0
    outer loop
      vertex 218.5 42.5 0
      vertex 172.5 42.5 3
      vertex 218.5 42.5 3
    endloop
  endfacet
  facet normal 0 1 0
    outer loop
      vertex 172.5 42.5 3
      vertex 218.5 42.5 0
      vertex 172.5 42.5 0
    endloop
  endfacet
  facet normal -1 0 0
    outer loop
      vertex 218.5 52.5 0
      vertex 218.5 56.5 3
      vertex 218.5 56.5 0
    endloop
  endfacet
  facet normal -1 -0 0
    outer loop
      vertex 218.5 56.5 3
      vertex 218.5 52.5 0
      vertex 218.5 52.5 3
    endloop
  endfacet
  facet normal 1 -0 0
    outer loop
      vertex 172.5 52.5 3
      vertex 172.5 56.5 0
      vertex 172.5 56.5 3
    endloop
  endfacet
  facet normal 1 0 0
    outer loop
      vertex 172.5 56.5 0
      vertex 172.5 52.5 3
      vertex 172.5 52.5 0
    endloop
  endfacet
  facet normal 0 -1 0
    outer loop
      vertex 172.5 56.5 0
      vertex 218.5 56.5 3
      vertex 172.5 56.5 3
    endloop
  endfacet
  facet normal 0 -1 -0
    outer loop
      vertex 218.5 56.5 3
      vertex 172.5 56.5 0
      vertex 218.5 56.5 0
    endloop
  endfacet
  facet normal 0 1 -0
    outer loop
      vertex 218.5 52.5 0
      vertex 172.5 52.5 3
      vertex 218.5 52.5 3
    endloop
  endfacet
  facet normal 0 1 0
    outer loop
      vertex 172.5 52.5 3
      vertex 218.5 52.5 0
      vertex 172.5 52.5 0
    endloop
  endfacet
  facet normal -1 0 0
    outer loop
      vertex 218.5 62.5 0
      vertex 218.5 66.5 3
      vertex 218.5 66.5 0
    endloop
  endfacet
  facet normal -1 -0 0
    outer loop
      vertex 218.5 66.5 3
      vertex 218.5 62.5 0
      vertex 218.5 62.5 3
    endloop
  endfacet
  facet normal 1 -0 0
    outer loop
      vertex 172.5 62.5 3
      vertex 172.5 66.5 0
      vertex 172.5 66.5 3
    endloop
  endfacet
  facet normal 1 0 0
    outer loop
      vertex 172.5 66.5 0
      vertex 172.5 62.5 3
      vertex 172.5 62.5 0
    endloop
  endfacet
  facet normal 0 -1 0
    outer loop
      vertex 172.5 66.5 0
      vertex 200.809 66.5 3
      vertex 172.5 66.5 3
    endloop
  endfacet
  facet normal 0 -1 0
    outer loop
      vertex 218.5 66.5 0
      vertex 200.809 66.5 3
      vertex 172.5 66.5 0
    endloop
  endfacet
  facet normal 0 -1 0
    outer loop
      vertex 200.809 66.5 3
      vertex 218.5 66.5 0
      vertex 204.191 66.5 3
    endloop
  endfacet
  facet normal 0 -1 0
    outer loop
      vertex 204.191 66.5 3
      vertex 218.5 66.5 0
      vertex 218.5 66.5 3
    endloop
  endfacet
  facet normal 0 1 -0
    outer loop
      vertex 218.5 62.5 0
      vertex 172.5 62.5 3
      vertex 218.5 62.5 3
    endloop
  endfacet
  facet normal 0 1 0
    outer loop
      vertex 172.5 62.5 3
      vertex 218.5 62.5 0
      vertex 172.5 62.5 0
    endloop
  endfacet
  facet normal -1 0 0
    outer loop
      vertex 218.5 72.5 0
      vertex 218.5 76.5 3
      vertex 218.5 76.5 0
    endloop
  endfacet
  facet normal -1 -0 0
    outer loop
      vertex 218.5 76.5 3
      vertex 218.5 72.5 0
      vertex 218.5 72.5 3
    endloop
  endfacet
  facet normal 1 -0 0
    outer loop
      vertex 172.5 72.5 3
      vertex 172.5 76.5 0
      vertex 172.5 76.5 3
    endloop
  endfacet
  facet normal 1 0 0
    outer loop
      vertex 172.5 76.5 0
      vertex 172.5 72.5 3
      vertex 172.5 72.5 0
    endloop
  endfacet
  facet normal 0 -1 0
    outer loop
      vertex 172.5 76.5 0
      vertex 218.5 76.5 3
      vertex 172.5 76.5 3
    endloop
  endfacet
  facet normal 0 -1 -0
    outer loop
      vertex 218.5 76.5 3
      vertex 172.5 76.5 0
      vertex 218.5 76.5 0
    endloop
  endfacet
  facet normal 0 1 -0
    outer loop
      vertex 218.5 72.5 0
      vertex 172.5 72.5 3
      vertex 218.5 72.5 3
    endloop
  endfacet
  facet normal 0 1 0
    outer loop
      vertex 172.5 72.5 3
      vertex 218.5 72.5 0
      vertex 172.5 72.5 0
    endloop
  endfacet
  facet normal -1 0 0
    outer loop
      vertex 218.5 82.5 0
      vertex 218.5 86.5 3
      vertex 218.5 86.5 0
    endloop
  endfacet
  facet normal -1 -0 0
    outer loop
      vertex 218.5 86.5 3
      vertex 218.5 82.5 0
      vertex 218.5 82.5 3
    endloop
  endfacet
  facet normal 1 -0 0
    outer loop
      vertex 172.5 82.5 3
      vertex 172.5 86.5 0
      vertex 172.5 86.5 3
    endloop
  endfacet
  facet normal 1 0 0
    outer loop
      vertex 172.5 86.5 0
      vertex 172.5 82.5 3
      vertex 172.5 82.5 0
    endloop
  endfacet
  facet normal 0 -1 0
    outer loop
      vertex 172.5 86.5 0
      vertex 218.5 86.5 3
      vertex 172.5 86.5 3
    endloop
  endfacet
  facet normal 0 -1 -0
    outer loop
      vertex 218.5 86.5 3
      vertex 172.5 86.5 0
      vertex 218.5 86.5 0
    endloop
  endfacet
  facet normal 0 1 -0
    outer loop
      vertex 218.5 82.5 0
      vertex 172.5 82.5 3
      vertex 218.5 82.5 3
    endloop
  endfacet
  facet normal 0 1 0
    outer loop
      vertex 172.5 82.5 3
      vertex 218.5 82.5 0
      vertex 172.5 82.5 0
    endloop
  endfacet
  facet normal -1 0 0
    outer loop
      vertex 218.5 92.5 0
      vertex 218.5 96.5 3
      vertex 218.5 96.5 0
    endloop
  endfacet
  facet normal -1 -0 0
    outer loop
      vertex 218.5 96.5 3
      vertex 218.5 92.5 0
      vertex 218.5 92.5 3
    endloop
  endfacet
  facet normal 1 -0 0
    outer loop
      vertex 172.5 92.5 3
      vertex 172.5 96.5 0
      vertex 172.5 96.5 3
    endloop
  endfacet
  facet normal 1 0 0
    outer loop
      vertex 172.5 96.5 0
      vertex 172.5 92.5 3
      vertex 172.5 92.5 0
    endloop
  endfacet
  facet normal 0 -1 0
    outer loop
      vertex 172.5 96.5 0
      vertex 218.5 96.5 3
      vertex 172.5 96.5 3
    endloop
  endfacet
  facet normal 0 -1 -0
    outer loop
      vertex 218.5 96.5 3
      vertex 172.5 96.5 0
      vertex 218.5 96.5 0
    endloop
  endfacet
  facet normal 0 1 -0
    outer loop
      vertex 218.5 92.5 0
      vertex 172.5 92.5 3
      vertex 218.5 92.5 3
    endloop
  endfacet
  facet normal 0 1 0
    outer loop
      vertex 172.5 92.5 3
      vertex 218.5 92.5 0
      vertex 172.5 92.5 0
    endloop
  endfacet
  facet normal -1 0 0
    outer loop
      vertex 218.5 102.5 0
      vertex 218.5 106.5 3
      vertex 218.5 106.5 0
    endloop
  endfacet
  facet normal -1 -0 0
    outer loop
      vertex 218.5 106.5 3
      vertex 218.5 102.5 0
      vertex 218.5 102.5 3
    endloop
  endfacet
  facet normal 1 -0 0
    outer loop
      vertex 172.5 102.5 3
      vertex 172.5 106.5 0
      vertex 172.5 106.5 3
    endloop
  endfacet
  facet normal 1 0 0
    outer loop
      vertex 172.5 106.5 0
      vertex 172.5 102.5 3
      vertex 172.5 102.5 0
    endloop
  endfacet
  facet normal 0 -1 0
    outer loop
      vertex 172.5 106.5 0
      vertex 218.5 106.5 3
      vertex 172.5 106.5 3
    endloop
  endfacet
  facet normal 0 -1 -0
    outer loop
      vertex 218.5 106.5 3
      vertex 172.5 106.5 0
      vertex 218.5 106.5 0
    endloop
  endfacet
  facet normal 0 1 -0
    outer loop
      vertex 218.5 102.5 0
      vertex 172.5 102.5 3
      vertex 218.5 102.5 3
    endloop
  endfacet
  facet normal 0 1 0
    outer loop
      vertex 172.5 102.5 3
      vertex 218.5 102.5 0
      vertex 172.5 102.5 0
    endloop
  endfacet
  facet normal -1 0 0
    outer loop
      vertex 218.5 112.5 0
      vertex 218.5 116.5 3
      vertex 218.5 116.5 0
    endloop
  endfacet
  facet normal -1 -0 0
    outer loop
      vertex 218.5 116.5 3
      vertex 218.5 112.5 0
      vertex 218.5 112.5 3
    endloop
  endfacet
  facet normal 1 -0 0
    outer loop
      vertex 172.5 112.5 3
      vertex 172.5 116.5 0
      vertex 172.5 116.5 3
    endloop
  endfacet
  facet normal 1 0 0
    outer loop
      vertex 172.5 116.5 0
      vertex 172.5 112.5 3
      vertex 172.5 112.5 0
    endloop
  endfacet
  facet normal 0 -1 0
    outer loop
      vertex 172.5 116.5 0
      vertex 218.5 116.5 3
      vertex 172.5 116.5 3
    endloop
  endfacet
  facet normal 0 -1 -0
    outer loop
      vertex 218.5 116.5 3
      vertex 172.5 116.5 0
      vertex 218.5 116.5 0
    endloop
  endfacet
  facet normal 0 1 -0
    outer loop
      vertex 218.5 112.5 0
      vertex 204.5 112.5 3
      vertex 218.5 112.5 3
    endloop
  endfacet
  facet normal 0 1 0
    outer loop
      vertex 204.5 112.5 3
      vertex 218.5 112.5 0
      vertex 200.5 112.5 3
    endloop
  endfacet
  facet normal 0 1 0
    outer loop
      vertex 172.5 112.5 0
      vertex 200.5 112.5 3
      vertex 218.5 112.5 0
    endloop
  endfacet
  facet normal 0 1 0
    outer loop
      vertex 200.5 112.5 3
      vertex 172.5 112.5 0
      vertex 172.5 112.5 3
    endloop
  endfacet
  facet normal -1 0 0
    outer loop
      vertex 218.5 122.5 0
      vertex 218.5 126.5 3
      vertex 218.5 126.5 0
    endloop
  endfacet
  facet normal -1 -0 0
    outer loop
      vertex 218.5 126.5 3
      vertex 218.5 122.5 0
      vertex 218.5 122.5 3
    endloop
  endfacet
  facet normal 1 -0 0
    outer loop
      vertex 172.5 122.5 3
      vertex 172.5 126.5 0
      vertex 172.5 126.5 3
    endloop
  endfacet
  facet normal 1 0 0
    outer loop
      vertex 172.5 126.5 0
      vertex 172.5 122.5 3
      vertex 172.5 122.5 0
    endloop
  endfacet
  facet normal 0 -1 0
    outer loop
      vertex 172.5 126.5 0
      vertex 218.5 126.5 3
      vertex 172.5 126.5 3
    endloop
  endfacet
  facet normal 0 -1 -0
    outer loop
      vertex 218.5 126.5 3
      vertex 172.5 126.5 0
      vertex 218.5 126.5 0
    endloop
  endfacet
  facet normal 0 1 -0
    outer loop
      vertex 218.5 122.5 0
      vertex 172.5 122.5 3
      vertex 218.5 122.5 3
    endloop
  endfacet
  facet normal 0 1 0
    outer loop
      vertex 172.5 122.5 3
      vertex 218.5 122.5 0
      vertex 172.5 122.5 0
    endloop
  endfacet
  facet normal -1 0 0
    outer loop
      vertex 218.5 132.5 0
      vertex 218.5 136.5 3
      vertex 218.5 136.5 0
    endloop
  endfacet
  facet normal -1 -0 0
    outer loop
      vertex 218.5 136.5 3
      vertex 218.5 132.5 0
      vertex 218.5 132.5 3
    endloop
  endfacet
  facet normal 1 -0 0
    outer loop
      vertex 172.5 132.5 3
      vertex 172.5 136.5 0
      vertex 172.5 136.5 3
    endloop
  endfacet
  facet normal 1 0 0
    outer loop
      vertex 172.5 136.5 0
      vertex 172.5 132.5 3
      vertex 172.5 132.5 0
    endloop
  endfacet
  facet normal 0 -1 0
    outer loop
      vertex 172.5 136.5 0
      vertex 218.5 136.5 3
      vertex 172.5 136.5 3
    endloop
  endfacet
  facet normal 0 -1 -0
    outer loop
      vertex 218.5 136.5 3
      vertex 172.5 136.5 0
      vertex 218.5 136.5 0
    endloop
  endfacet
  facet normal 0 1 -0
    outer loop
      vertex 218.5 132.5 0
      vertex 172.5 132.5 3
      vertex 218.5 132.5 3
    endloop
  endfacet
  facet normal 0 1 0
    outer loop
      vertex 172.5 132.5 3
      vertex 218.5 132.5 0
      vertex 172.5 132.5 0
    endloop
  endfacet
  facet normal -1 0 0
    outer loop
      vertex 218.5 142.5 0
      vertex 218.5 146.5 3
      vertex 218.5 146.5 0
    endloop
  endfacet
  facet normal -1 -0 0
    outer loop
      vertex 218.5 146.5 3
      vertex 218.5 142.5 0
      vertex 218.5 142.5 3
    endloop
  endfacet
  facet normal 1 -0 0
    outer loop
      vertex 172.5 142.5 3
      vertex 172.5 146.5 0
      vertex 172.5 146.5 3
    endloop
  endfacet
  facet normal 1 0 0
    outer loop
      vertex 172.5 146.5 0
      vertex 172.5 142.5 3
      vertex 172.5 142.5 0
    endloop
  endfacet
  facet normal 0 -1 0
    outer loop
      vertex 172.5 146.5 0
      vertex 218.5 146.5 3
      vertex 172.5 146.5 3
    endloop
  endfacet
  facet normal 0 -1 -0
    outer loop
      vertex 218.5 146.5 3
      vertex 172.5 146.5 0
      vertex 218.5 146.5 0
    endloop
  endfacet
  facet normal 0 1 -0
    outer loop
      vertex 218.5 142.5 0
      vertex 172.5 142.5 3
      vertex 218.5 142.5 3
    endloop
  endfacet
  facet normal 0 1 0
    outer loop
      vertex 172.5 142.5 3
      vertex 218.5 142.5 0
      vertex 172.5 142.5 0
    endloop
  endfacet
  facet normal -1 0 0
    outer loop
      vertex 218.5 152.5 0
      vertex 218.5 156.5 3
      vertex 218.5 156.5 0
    endloop
  endfacet
  facet normal -1 -0 0
    outer loop
      vertex 218.5 156.5 3
      vertex 218.5 152.5 0
      vertex 218.5 152.5 3
    endloop
  endfacet
  facet normal 1 -0 0
    outer loop
      vertex 172.5 152.5 3
      vertex 172.5 156.5 0
      vertex 172.5 156.5 3
    endloop
  endfacet
  facet normal 1 0 0
    outer loop
      vertex 172.5 156.5 0
      vertex 172.5 152.5 3
      vertex 172.5 152.5 0
    endloop
  endfacet
  facet normal 0 -1 0
    outer loop
      vertex 172.5 156.5 0
      vertex 200.809 156.5 3
      vertex 172.5 156.5 3
    endloop
  endfacet
  facet normal 0 -1 0
    outer loop
      vertex 218.5 156.5 0
      vertex 200.809 156.5 3
      vertex 172.5 156.5 0
    endloop
  endfacet
  facet normal 0 -1 0
    outer loop
      vertex 200.809 156.5 3
      vertex 218.5 156.5 0
      vertex 204.191 156.5 3
    endloop
  endfacet
  facet normal 0 -1 0
    outer loop
      vertex 204.191 156.5 3
      vertex 218.5 156.5 0
      vertex 218.5 156.5 3
    endloop
  endfacet
  facet normal 0 1 -0
    outer loop
      vertex 218.5 152.5 0
      vertex 172.5 152.5 3
      vertex 218.5 152.5 3
    endloop
  endfacet
  facet normal 0 1 0
    outer loop
      vertex 172.5 152.5 3
      vertex 218.5 152.5 0
      vertex 172.5 152.5 0
    endloop
  endfacet
  facet normal -1 0 0
    outer loop
      vertex 218.5 162.5 0
      vertex 218.5 166.5 3
      vertex 218.5 166.5 0
    endloop
  endfacet
  facet normal -1 -0 0
    outer loop
      vertex 218.5 166.5 3
      vertex 218.5 162.5 0
      vertex 218.5 162.5 3
    endloop
  endfacet
  facet normal 1 -0 0
    outer loop
      vertex 172.5 162.5 3
      vertex 172.5 166.5 0
      vertex 172.5 166.5 3
    endloop
  endfacet
  facet normal 1 0 0
    outer loop
      vertex 172.5 166.5 0
      vertex 172.5 162.5 3
      vertex 172.5 162.5 0
    endloop
  endfacet
  facet normal 0 -1 0
    outer loop
      vertex 172.5 166.5 0
      vertex 218.5 166.5 3
      vertex 172.5 166.5 3
    endloop
  endfacet
  facet normal 0 -1 -0
    outer loop
      vertex 218.5 166.5 3
      vertex 172.5 166.5 0
      vertex 218.5 166.5 0
    endloop
  endfacet
  facet normal 0 1 -0
    outer loop
      vertex 218.5 162.5 0
      vertex 172.5 162.5 3
      vertex 218.5 162.5 3
    endloop
  endfacet
  facet normal 0 1 0
    outer loop
      vertex 172.5 162.5 3
      vertex 218.5 162.5 0
      vertex 172.5 162.5 0
    endloop
  endfacet
  facet normal 1 -0 0
    outer loop
      vertex 261 1.4641 52.5
      vertex 261 187.536 5.5
      vertex 261 187.536 52.5
    endloop
  endfacet
  facet normal 1 0 0
    outer loop
      vertex 261 187.536 5.5
      vertex 261 1.4641 52.5
      vertex 261 1.4641 5.5
    endloop
  endfacet
  facet normal 0 0 1
    outer loop
      vertex -6 0 58.5
      vertex 2.5 2.5 58.5
      vertex -6 189 58.5
    endloop
  endfacet
  facet normal 0 0 1
    outer loop
      vertex 2.5 2.5 58.5
      vertex -6 0 58.5
      vertex -5.4641 0 58.5
    endloop
  endfacet
  facet normal 0 0 1
    outer loop
      vertex -6 191 58.5
      vertex -3.3 191 58.5
      vertex -5.8637 192.035 58.5
    endloop
  endfacet
  facet normal 0 0 1
    outer loop
      vertex -3.3 191 58.5
      vertex -5.8637 189.965 58.5
      vertex -5.4641 189 58.5
    endloop
  endfacet
  facet normal 0 0 1
    outer loop
      vertex -3.3 191 58.5
      vertex -6 191 58.5
      vertex -5.8637 189.965 58.5
    endloop
  endfacet
  facet normal -0 0 1
    outer loop
      vertex -1.08076 190.081 58.5
      vertex 2.5 186.5 58.5
      vertex -0.874166 190.35 58.5
    endloop
  endfacet
  facet normal 0 0 1
    outer loop
      vertex 2.5 2.5 58.5
      vertex -0.744296 -1.66354 58.5
      vertex -0.7 -2 58.5
    endloop
  endfacet
  facet normal -0 0 1
    outer loop
      vertex -1.35 189.874 58.5
      vertex 2.5 186.5 58.5
      vertex -1.08076 190.081 58.5
    endloop
  endfacet
  facet normal 0 0 1
    outer loop
      vertex 2.5 2.5 58.5
      vertex -0.874166 -1.35 58.5
      vertex -0.744296 -1.66354 58.5
    endloop
  endfacet
  facet normal -0 0 1
    outer loop
      vertex -1.66354 189.744 58.5
      vertex 2.5 186.5 58.5
      vertex -1.35 189.874 58.5
    endloop
  endfacet
  facet normal 0 0 1
    outer loop
      vertex 2.5 2.5 58.5
      vertex -1.08076 -1.08076 58.5
      vertex -0.874166 -1.35 58.5
    endloop
  endfacet
  facet normal -0 0 1
    outer loop
      vertex -2 189.7 58.5
      vertex 2.5 186.5 58.5
      vertex -1.66354 189.744 58.5
    endloop
  endfacet
  facet normal 0 0 1
    outer loop
      vertex 2.5 2.5 58.5
      vertex -1.35 -0.874166 58.5
      vertex -1.08076 -1.08076 58.5
    endloop
  endfacet
  facet normal -0 0 1
    outer loop
      vertex -6 189 58.5
      vertex 2.5 186.5 58.5
      vertex -5.4641 189 58.5
    endloop
  endfacet
  facet normal 0 0 1
    outer loop
      vertex 2.5 2.5 58.5
      vertex -1.66354 -0.744296 58.5
      vertex -1.35 -0.874166 58.5
    endloop
  endfacet
  facet normal 0 0 1
    outer loop
      vertex 2.5 186.5 58.5
      vertex -2 189.7 58.5
      vertex -5.4641 189 58.5
    endloop
  endfacet
  facet normal 0 0 1
    outer loop
      vertex 2.5 186.5 58.5
      vertex -6 189 58.5
      vertex 2.5 2.5 58.5
    endloop
  endfacet
  facet normal 0 0 1
    outer loop
      vertex -5.4641 189 58.5
      vertex -2 189.7 58.5
      vertex -2.33646 189.744 58.5
    endloop
  endfacet
  facet normal 0 -0 1
    outer loop
      vertex -2 -0.7 58.5
      vertex 2.5 2.5 58.5
      vertex -5.4641 0 58.5
    endloop
  endfacet
  facet normal 0 0 1
    outer loop
      vertex -5.4641 189 58.5
      vertex -2.33646 189.744 58.5
      vertex -2.65 189.874 58.5
    endloop
  endfacet
  facet normal 0 0 1
    outer loop
      vertex 2.5 2.5 58.5
      vertex -2 -0.7 58.5
      vertex -1.66354 -0.744296 58.5
    endloop
  endfacet
  facet normal 0 0 1
    outer loop
      vertex -5.4641 189 58.5
      vertex -2.65 189.874 58.5
      vertex -2.91924 190.081 58.5
    endloop
  endfacet
  facet normal 0 0 1
    outer loop
      vertex -2 -0.7 58.5
      vertex -5.4641 0 58.5
      vertex -2.33646 -0.744296 58.5
    endloop
  endfacet
  facet normal 0 0 1
    outer loop
      vertex -5.4641 189 58.5
      vertex -2.91924 190.081 58.5
      vertex -3.12583 190.35 58.5
    endloop
  endfacet
  facet normal 0 0 1
    outer loop
      vertex -2.33646 -0.744296 58.5
      vertex -5.4641 0 58.5
      vertex -2.65 -0.874166 58.5
    endloop
  endfacet
  facet normal 0 0 1
    outer loop
      vertex -5.4641 189 58.5
      vertex -3.12583 190.35 58.5
      vertex -3.2557 190.664 58.5
    endloop
  endfacet
  facet normal 0 0 1
    outer loop
      vertex -2.65 -0.874166 58.5
      vertex -5.4641 0 58.5
      vertex -2.91924 -1.08076 58.5
    endloop
  endfacet
  facet normal 0 0 1
    outer loop
      vertex -5.4641 189 58.5
      vertex -3.2557 190.664 58.5
      vertex -3.3 191 58.5
    endloop
  endfacet
  facet normal 0 0 1
    outer loop
      vertex -2.91924 -1.08076 58.5
      vertex -5.4641 0 58.5
      vertex -3.12583 -1.35 58.5
    endloop
  endfacet
  facet normal -0 0 1
    outer loop
      vertex -0.874166 190.35 58.5
      vertex 2.5 186.5 58.5
      vertex -0.744296 190.664 58.5
    endloop
  endfacet
  facet normal 0 0 1
    outer loop
      vertex 0 194.464 58.5
      vertex -0.744296 191.336 58.5
      vertex -0.7 191 58.5
    endloop
  endfacet
  facet normal 0 0 1
    outer loop
      vertex 0 194.464 58.5
      vertex -0.874166 191.65 58.5
      vertex -0.744296 191.336 58.5
    endloop
  endfacet
  facet normal 0 0 1
    outer loop
      vertex -1.35 192.126 58.5
      vertex 0 194.464 58.5
      vertex -0.964724 194.864 58.5
    endloop
  endfacet
  facet normal 0 0 1
    outer loop
      vertex 0 194.464 58.5
      vertex -1.08076 191.919 58.5
      vertex -0.874166 191.65 58.5
    endloop
  endfacet
  facet normal 0 0 1
    outer loop
      vertex 0 194.464 58.5
      vertex -1.35 192.126 58.5
      vertex -1.08076 191.919 58.5
    endloop
  endfacet
  facet normal 0 0 1
    outer loop
      vertex -0.964724 194.864 58.5
      vertex -1.66354 192.256 58.5
      vertex -1.35 192.126 58.5
    endloop
  endfacet
  facet normal 0 0 1
    outer loop
      vertex -2 195 58.5
      vertex -1.66354 192.256 58.5
      vertex -0.964724 194.864 58.5
    endloop
  endfacet
  facet normal 0 0 1
    outer loop
      vertex -2 195 58.5
      vertex -2 192.3 58.5
      vertex -1.66354 192.256 58.5
    endloop
  endfacet
  facet normal 0 0 1
    outer loop
      vertex -2 195 58.5
      vertex -2.33646 192.256 58.5
      vertex -2 192.3 58.5
    endloop
  endfacet
  facet normal -0 0 1
    outer loop
      vertex -3.03528 194.864 58.5
      vertex -2.33646 192.256 58.5
      vertex -2 195 58.5
    endloop
  endfacet
  facet normal 0 0 1
    outer loop
      vertex -2.33646 192.256 58.5
      vertex -3.03528 194.864 58.5
      vertex -2.65 192.126 58.5
    endloop
  endfacet
  facet normal -0 0 1
    outer loop
      vertex -4 194.464 58.5
      vertex -2.65 192.126 58.5
      vertex -3.03528 194.864 58.5
    endloop
  endfacet
  facet normal 0 0 1
    outer loop
      vertex -2.65 192.126 58.5
      vertex -4 194.464 58.5
      vertex -2.91924 191.919 58.5
    endloop
  endfacet
  facet normal -0 0 1
    outer loop
      vertex -4.82843 193.828 58.5
      vertex -2.91924 191.919 58.5
      vertex -4 194.464 58.5
    endloop
  endfacet
  facet normal 0 0 1
    outer loop
      vertex -2.91924 191.919 58.5
      vertex -4.82843 193.828 58.5
      vertex -3.12583 191.65 58.5
    endloop
  endfacet
  facet normal 0 0 1
    outer loop
      vertex -3.12583 191.65 58.5
      vertex -5.4641 193 58.5
      vertex -3.2557 191.336 58.5
    endloop
  endfacet
  facet normal -0 0 1
    outer loop
      vertex -5.4641 193 58.5
      vertex -3.12583 191.65 58.5
      vertex -4.82843 193.828 58.5
    endloop
  endfacet
  facet normal 0 0 1
    outer loop
      vertex 2.5 2.5 58.5
      vertex -0.7 -2 58.5
      vertex 0 -5.4641 58.5
    endloop
  endfacet
  facet normal -0 0 1
    outer loop
      vertex -0.744296 -2.33646 58.5
      vertex 0 -5.4641 58.5
      vertex -0.7 -2 58.5
    endloop
  endfacet
  facet normal -0 0 1
    outer loop
      vertex -0.874166 -2.65 58.5
      vertex 0 -5.4641 58.5
      vertex -0.744296 -2.33646 58.5
    endloop
  endfacet
  facet normal -0 0 1
    outer loop
      vertex -1.08076 -2.91924 58.5
      vertex 0 -5.4641 58.5
      vertex -0.874166 -2.65 58.5
    endloop
  endfacet
  facet normal -0 0 1
    outer loop
      vertex -1.35 -3.12583 58.5
      vertex 0 -5.4641 58.5
      vertex -1.08076 -2.91924 58.5
    endloop
  endfacet
  facet normal 0 0 1
    outer loop
      vertex 0 -5.4641 58.5
      vertex -1.35 -3.12583 58.5
      vertex -0.964724 -5.8637 58.5
    endloop
  endfacet
  facet normal -0 0 1
    outer loop
      vertex -1.66354 -3.2557 58.5
      vertex -0.964724 -5.8637 58.5
      vertex -1.35 -3.12583 58.5
    endloop
  endfacet
  facet normal -0 0 1
    outer loop
      vertex -2 -3.3 58.5
      vertex -0.964724 -5.8637 58.5
      vertex -1.66354 -3.2557 58.5
    endloop
  endfacet
  facet normal 0 0 1
    outer loop
      vertex -2 -3.3 58.5
      vertex -2 -6 58.5
      vertex -0.964724 -5.8637 58.5
    endloop
  endfacet
  facet normal 0 0 1
    outer loop
      vertex -2.33646 -3.2557 58.5
      vertex -2 -6 58.5
      vertex -2 -3.3 58.5
    endloop
  endfacet
  facet normal 0 0 1
    outer loop
      vertex -3.03528 -5.8637 58.5
      vertex -2.33646 -3.2557 58.5
      vertex -2.65 -3.12583 58.5
    endloop
  endfacet
  facet normal 0 0 1
    outer loop
      vertex -4 -5.4641 58.5
      vertex -2.65 -3.12583 58.5
      vertex -2.91924 -2.91924 58.5
    endloop
  endfacet
  facet normal 0 0 1
    outer loop
      vertex -2.33646 -3.2557 58.5
      vertex -3.03528 -5.8637 58.5
      vertex -2 -6 58.5
    endloop
  endfacet
  facet normal 0 0 1
    outer loop
      vertex -4.82843 -4.82843 58.5
      vertex -2.91924 -2.91924 58.5
      vertex -3.12583 -2.65 58.5
    endloop
  endfacet
  facet normal 0 0 1
    outer loop
      vertex -5.4641 -4 58.5
      vertex -3.12583 -2.65 58.5
      vertex -3.2557 -2.33646 58.5
    endloop
  endfacet
  facet normal 0 0 1
    outer loop
      vertex -5.8637 -3.03528 58.5
      vertex -3.2557 -2.33646 58.5
      vertex -3.3 -2 58.5
    endloop
  endfacet
  facet normal 0 0 1
    outer loop
      vertex -2.65 -3.12583 58.5
      vertex -4 -5.4641 58.5
      vertex -3.03528 -5.8637 58.5
    endloop
  endfacet
  facet normal 0 0 1
    outer loop
      vertex -3.12583 -1.35 58.5
      vertex -5.4641 0 58.5
      vertex -3.2557 -1.66354 58.5
    endloop
  endfacet
  facet normal -0 0 1
    outer loop
      vertex -5.8637 192.035 58.5
      vertex -3.2557 191.336 58.5
      vertex -5.4641 193 58.5
    endloop
  endfacet
  facet normal -0 0 1
    outer loop
      vertex -5.8637 -0.964724 58.5
      vertex -3.2557 -1.66354 58.5
      vertex -5.4641 0 58.5
    endloop
  endfacet
  facet normal 0 0 1
    outer loop
      vertex -3.2557 191.336 58.5
      vertex -5.8637 192.035 58.5
      vertex -3.3 191 58.5
    endloop
  endfacet
  facet normal 0 0 1
    outer loop
      vertex -3.2557 -1.66354 58.5
      vertex -5.8637 -0.964724 58.5
      vertex -3.3 -2 58.5
    endloop
  endfacet
  facet normal 0 0 1
    outer loop
      vertex -2.91924 -2.91924 58.5
      vertex -4.82843 -4.82843 58.5
      vertex -4 -5.4641 58.5
    endloop
  endfacet
  facet normal 0 0 1
    outer loop
      vertex -3.12583 -2.65 58.5
      vertex -5.4641 -4 58.5
      vertex -4.82843 -4.82843 58.5
    endloop
  endfacet
  facet normal 0 0 1
    outer loop
      vertex -6 -2 58.5
      vertex -3.3 -2 58.5
      vertex -5.8637 -0.964724 58.5
    endloop
  endfacet
  facet normal 0 0 1
    outer loop
      vertex -3.2557 -2.33646 58.5
      vertex -5.8637 -3.03528 58.5
      vertex -5.4641 -4 58.5
    endloop
  endfacet
  facet normal 0 0 1
    outer loop
      vertex -3.3 -2 58.5
      vertex -6 -2 58.5
      vertex -5.8637 -3.03528 58.5
    endloop
  endfacet
  facet normal -0 0 1
    outer loop
      vertex 2.5 2.5 58.5
      vertex 168.3 0 58.5
      vertex 258.5 2.5 58.5
    endloop
  endfacet
  facet normal 0 0 1
    outer loop
      vertex 168.3 0 58.5
      vertex 2.5 2.5 58.5
      vertex 7.5 0 58.5
    endloop
  endfacet
  facet normal 0 0 1
    outer loop
      vertex 0 -5.4641 58.5
      vertex 7.5 0 58.5
      vertex 2.5 2.5 58.5
    endloop
  endfacet
  facet normal -0 0 1
    outer loop
      vertex -0.7 191 58.5
      vertex 2.5 186.5 58.5
      vertex 0 194.464 58.5
    endloop
  endfacet
  facet normal -0 0 1
    outer loop
      vertex -0.744296 190.664 58.5
      vertex 2.5 186.5 58.5
      vertex -0.7 191 58.5
    endloop
  endfacet
  facet normal 0 0 1
    outer loop
      vertex 7.5 0 58.5
      vertex 0 -5.4641 58.5
      vertex 7.5 -6 58.5
    endloop
  endfacet
  facet normal 0 0 1
    outer loop
      vertex 7.5 -6 58.5
      vertex 0 -5.4641 58.5
      vertex 0 -6 58.5
    endloop
  endfacet
  facet normal 0 0 1
    outer loop
      vertex 258.5 186.5 58.5
      vertex 261 194.464 58.5
      vertex 261 195 58.5
    endloop
  endfacet
  facet normal 0 0 1
    outer loop
      vertex 261 194.464 58.5
      vertex 258.5 186.5 58.5
      vertex 261 -5.4641 58.5
    endloop
  endfacet
  facet normal -0 0 1
    outer loop
      vertex 258.5 2.5 58.5
      vertex 261 -5.4641 58.5
      vertex 258.5 186.5 58.5
    endloop
  endfacet
  facet normal 0 0 1
    outer loop
      vertex 261 195 58.5
      vertex 2.5 186.5 58.5
      vertex 258.5 186.5 58.5
    endloop
  endfacet
  facet normal -0 0 1
    outer loop
      vertex 0 194.464 58.5
      vertex 2.5 186.5 58.5
      vertex 0 195 58.5
    endloop
  endfacet
  facet normal -0 0 1
    outer loop
      vertex 0 195 58.5
      vertex 2.5 186.5 58.5
      vertex 261 195 58.5
    endloop
  endfacet
  facet normal 0 0 1
    outer loop
      vertex 261 -5.4641 58.5
      vertex 258.5 2.5 58.5
      vertex 261 -6 58.5
    endloop
  endfacet
  facet normal 0 0 1
    outer loop
      vertex 168.3 -6 58.5
      vertex 258.5 2.5 58.5
      vertex 168.3 0 58.5
    endloop
  endfacet
  facet normal 0 0 1
    outer loop
      vertex 258.5 2.5 58.5
      vertex 168.3 -6 58.5
      vertex 261 -6 58.5
    endloop
  endfacet
  facet normal -0 0 1
    outer loop
      vertex 263.919 190.081 58.5
      vertex 266.464 189 58.5
      vertex 264.126 190.35 58.5
    endloop
  endfacet
  facet normal 0 0 1
    outer loop
      vertex 266.464 0 58.5
      vertex 264.256 -1.66354 58.5
      vertex 264.3 -2 58.5
    endloop
  endfacet
  facet normal -0 0 1
    outer loop
      vertex 263.65 189.874 58.5
      vertex 266.464 189 58.5
      vertex 263.919 190.081 58.5
    endloop
  endfacet
  facet normal 0 0 1
    outer loop
      vertex 266.464 0 58.5
      vertex 264.126 -1.35 58.5
      vertex 264.256 -1.66354 58.5
    endloop
  endfacet
  facet normal -0 0 1
    outer loop
      vertex 263.336 189.744 58.5
      vertex 266.464 189 58.5
      vertex 263.65 189.874 58.5
    endloop
  endfacet
  facet normal 0 0 1
    outer loop
      vertex 266.464 0 58.5
      vertex 263.919 -1.08076 58.5
      vertex 264.126 -1.35 58.5
    endloop
  endfacet
  facet normal -0 0 1
    outer loop
      vertex 263 189.7 58.5
      vertex 266.464 189 58.5
      vertex 263.336 189.744 58.5
    endloop
  endfacet
  facet normal 0 0 1
    outer loop
      vertex 266.464 0 58.5
      vertex 263.65 -0.874166 58.5
      vertex 263.919 -1.08076 58.5
    endloop
  endfacet
  facet normal 0 0 1
    outer loop
      vertex 262.664 189.744 58.5
      vertex 266.464 189 58.5
      vertex 263 189.7 58.5
    endloop
  endfacet
  facet normal 0 0 1
    outer loop
      vertex 266.464 0 58.5
      vertex 263.336 -0.744296 58.5
      vertex 263.65 -0.874166 58.5
    endloop
  endfacet
  facet normal 0 0 1
    outer loop
      vertex 266.464 189 58.5
      vertex 262.664 189.744 58.5
      vertex 266.464 0 58.5
    endloop
  endfacet
  facet normal 0 0 1
    outer loop
      vertex 266.464 0 58.5
      vertex 263 -0.7 58.5
      vertex 263.336 -0.744296 58.5
    endloop
  endfacet
  facet normal 0 0 1
    outer loop
      vertex 262.664 -0.744296 58.5
      vertex 266.464 0 58.5
      vertex 262.664 189.744 58.5
    endloop
  endfacet
  facet normal 0 0 1
    outer loop
      vertex 266.464 0 58.5
      vertex 262.664 -0.744296 58.5
      vertex 263 -0.7 58.5
    endloop
  endfacet
  facet normal 0 0 1
    outer loop
      vertex 262.35 189.874 58.5
      vertex 262.664 -0.744296 58.5
      vertex 262.664 189.744 58.5
    endloop
  endfacet
  facet normal 0 0 1
    outer loop
      vertex 262.35 189.874 58.5
      vertex 262.35 -0.874166 58.5
      vertex 262.664 -0.744296 58.5
    endloop
  endfacet
  facet normal 0 0 1
    outer loop
      vertex 262.081 190.081 58.5
      vertex 262.35 -0.874166 58.5
      vertex 262.35 189.874 58.5
    endloop
  endfacet
  facet normal 0 0 1
    outer loop
      vertex 262.081 190.081 58.5
      vertex 262.081 -1.08076 58.5
      vertex 262.35 -0.874166 58.5
    endloop
  endfacet
  facet normal 0 0 1
    outer loop
      vertex 261.874 190.35 58.5
      vertex 262.081 -1.08076 58.5
      vertex 262.081 190.081 58.5
    endloop
  endfacet
  facet normal 0 0 1
    outer loop
      vertex 261.874 190.35 58.5
      vertex 261.874 -1.35 58.5
      vertex 262.081 -1.08076 58.5
    endloop
  endfacet
  facet normal 0 0 1
    outer loop
      vertex 261.744 190.664 58.5
      vertex 261.874 -1.35 58.5
      vertex 261.874 190.35 58.5
    endloop
  endfacet
  facet normal 0 0 1
    outer loop
      vertex 261.744 190.664 58.5
      vertex 261.744 -1.66354 58.5
      vertex 261.874 -1.35 58.5
    endloop
  endfacet
  facet normal 0 0 1
    outer loop
      vertex 261 194.464 58.5
      vertex 261.744 190.664 58.5
      vertex 261.7 191 58.5
    endloop
  endfacet
  facet normal 0 0 1
    outer loop
      vertex 261.744 190.664 58.5
      vertex 261 194.464 58.5
      vertex 261.744 -1.66354 58.5
    endloop
  endfacet
  facet normal 0 0 1
    outer loop
      vertex 264.3 191 58.5
      vertex 267 191 58.5
      vertex 266.864 192.035 58.5
    endloop
  endfacet
  facet normal 0 0 1
    outer loop
      vertex 264.256 191.336 58.5
      vertex 266.864 192.035 58.5
      vertex 266.464 193 58.5
    endloop
  endfacet
  facet normal 0 0 1
    outer loop
      vertex 267 191 58.5
      vertex 264.3 191 58.5
      vertex 266.864 189.965 58.5
    endloop
  endfacet
  facet normal -0 0 1
    outer loop
      vertex 264.256 190.664 58.5
      vertex 266.864 189.965 58.5
      vertex 264.3 191 58.5
    endloop
  endfacet
  facet normal 0 0 1
    outer loop
      vertex 266.864 189.965 58.5
      vertex 264.256 190.664 58.5
      vertex 266.464 189 58.5
    endloop
  endfacet
  facet normal 0 0 1
    outer loop
      vertex 264.126 191.65 58.5
      vertex 266.464 193 58.5
      vertex 265.828 193.828 58.5
    endloop
  endfacet
  facet normal -0 0 1
    outer loop
      vertex 264.126 190.35 58.5
      vertex 266.464 189 58.5
      vertex 264.256 190.664 58.5
    endloop
  endfacet
  facet normal 0 0 1
    outer loop
      vertex 263.919 191.919 58.5
      vertex 265.828 193.828 58.5
      vertex 265 194.464 58.5
    endloop
  endfacet
  facet normal 0 0 1
    outer loop
      vertex 266.464 0 58.5
      vertex 264.3 -2 58.5
      vertex 266.464 -4 58.5
    endloop
  endfacet
  facet normal -0 0 1
    outer loop
      vertex 264.256 -2.33646 58.5
      vertex 266.464 -4 58.5
      vertex 264.3 -2 58.5
    endloop
  endfacet
  facet normal 0 0 1
    outer loop
      vertex 266.864 192.035 58.5
      vertex 264.256 191.336 58.5
      vertex 264.3 191 58.5
    endloop
  endfacet
  facet normal 0 0 1
    outer loop
      vertex 266.464 193 58.5
      vertex 264.126 191.65 58.5
      vertex 264.256 191.336 58.5
    endloop
  endfacet
  facet normal 0 0 1
    outer loop
      vertex 263.65 192.126 58.5
      vertex 265 194.464 58.5
      vertex 264.035 194.864 58.5
    endloop
  endfacet
  facet normal 0 0 1
    outer loop
      vertex 265.828 193.828 58.5
      vertex 263.919 191.919 58.5
      vertex 264.126 191.65 58.5
    endloop
  endfacet
  facet normal 0 0 1
    outer loop
      vertex 265 194.464 58.5
      vertex 263.65 192.126 58.5
      vertex 263.919 191.919 58.5
    endloop
  endfacet
  facet normal 0 0 1
    outer loop
      vertex 264.035 194.864 58.5
      vertex 263.336 192.256 58.5
      vertex 263.65 192.126 58.5
    endloop
  endfacet
  facet normal 0 0 1
    outer loop
      vertex 263 195 58.5
      vertex 263.336 192.256 58.5
      vertex 264.035 194.864 58.5
    endloop
  endfacet
  facet normal 0 0 1
    outer loop
      vertex 263 195 58.5
      vertex 263 192.3 58.5
      vertex 263.336 192.256 58.5
    endloop
  endfacet
  facet normal 0 0 1
    outer loop
      vertex 263 195 58.5
      vertex 262.664 192.256 58.5
      vertex 263 192.3 58.5
    endloop
  endfacet
  facet normal -0 0 1
    outer loop
      vertex 261.965 194.864 58.5
      vertex 262.664 192.256 58.5
      vertex 263 195 58.5
    endloop
  endfacet
  facet normal 0 0 1
    outer loop
      vertex 262.664 192.256 58.5
      vertex 261.965 194.864 58.5
      vertex 262.35 192.126 58.5
    endloop
  endfacet
  facet normal -0 0 1
    outer loop
      vertex 261 194.464 58.5
      vertex 262.35 192.126 58.5
      vertex 261.965 194.864 58.5
    endloop
  endfacet
  facet normal 0 0 1
    outer loop
      vertex 262.35 192.126 58.5
      vertex 261 194.464 58.5
      vertex 262.081 191.919 58.5
    endloop
  endfacet
  facet normal 0 0 1
    outer loop
      vertex 262.081 191.919 58.5
      vertex 261 194.464 58.5
      vertex 261.874 191.65 58.5
    endloop
  endfacet
  facet normal 0 0 1
    outer loop
      vertex 261.874 191.65 58.5
      vertex 261 194.464 58.5
      vertex 261.744 191.336 58.5
    endloop
  endfacet
  facet normal 0 0 1
    outer loop
      vertex 261 -5.4641 58.5
      vertex 261.744 -1.66354 58.5
      vertex 261 194.464 58.5
    endloop
  endfacet
  facet normal 0 0 1
    outer loop
      vertex 261.744 191.336 58.5
      vertex 261 194.464 58.5
      vertex 261.7 191 58.5
    endloop
  endfacet
  facet normal -0 0 1
    outer loop
      vertex 266.464 189 58.5
      vertex 267 0 58.5
      vertex 267 189 58.5
    endloop
  endfacet
  facet normal 0 0 1
    outer loop
      vertex 267 0 58.5
      vertex 266.464 189 58.5
      vertex 266.464 0 58.5
    endloop
  endfacet
  facet normal 0 0 1
    outer loop
      vertex 266.864 -0.964724 58.5
      vertex 266.864 -3.03528 58.5
      vertex 267 -2 58.5
    endloop
  endfacet
  facet normal 0 0 1
    outer loop
      vertex 266.464 0 58.5
      vertex 266.864 -3.03528 58.5
      vertex 266.864 -0.964724 58.5
    endloop
  endfacet
  facet normal 0 0 1
    outer loop
      vertex 266.864 -3.03528 58.5
      vertex 266.464 0 58.5
      vertex 266.464 -4 58.5
    endloop
  endfacet
  facet normal -0 0 1
    outer loop
      vertex 264.126 -2.65 58.5
      vertex 266.464 -4 58.5
      vertex 264.256 -2.33646 58.5
    endloop
  endfacet
  facet normal 0 0 1
    outer loop
      vertex 266.464 -4 58.5
      vertex 264.126 -2.65 58.5
      vertex 265.828 -4.82843 58.5
    endloop
  endfacet
  facet normal -0 0 1
    outer loop
      vertex 263.919 -2.91924 58.5
      vertex 265.828 -4.82843 58.5
      vertex 264.126 -2.65 58.5
    endloop
  endfacet
  facet normal 0 0 1
    outer loop
      vertex 265.828 -4.82843 58.5
      vertex 263.919 -2.91924 58.5
      vertex 265 -5.4641 58.5
    endloop
  endfacet
  facet normal -0 0 1
    outer loop
      vertex 263.65 -3.12583 58.5
      vertex 265 -5.4641 58.5
      vertex 263.919 -2.91924 58.5
    endloop
  endfacet
  facet normal 0 0 1
    outer loop
      vertex 265 -5.4641 58.5
      vertex 263.65 -3.12583 58.5
      vertex 264.035 -5.8637 58.5
    endloop
  endfacet
  facet normal -0 0 1
    outer loop
      vertex 263.336 -3.2557 58.5
      vertex 264.035 -5.8637 58.5
      vertex 263.65 -3.12583 58.5
    endloop
  endfacet
  facet normal -0 0 1
    outer loop
      vertex 263 -3.3 58.5
      vertex 264.035 -5.8637 58.5
      vertex 263.336 -3.2557 58.5
    endloop
  endfacet
  facet normal 0 0 1
    outer loop
      vertex 263 -3.3 58.5
      vertex 263 -6 58.5
      vertex 264.035 -5.8637 58.5
    endloop
  endfacet
  facet normal 0 0 1
    outer loop
      vertex 262.664 -3.2557 58.5
      vertex 263 -6 58.5
      vertex 263 -3.3 58.5
    endloop
  endfacet
  facet normal 0 0 1
    outer loop
      vertex 261.965 -5.8637 58.5
      vertex 262.664 -3.2557 58.5
      vertex 262.35 -3.12583 58.5
    endloop
  endfacet
  facet normal 0 0 1
    outer loop
      vertex 261 -5.4641 58.5
      vertex 262.35 -3.12583 58.5
      vertex 262.081 -2.91924 58.5
    endloop
  endfacet
  facet normal 0 0 1
    outer loop
      vertex 262.664 -3.2557 58.5
      vertex 261.965 -5.8637 58.5
      vertex 263 -6 58.5
    endloop
  endfacet
  facet normal 0 0 1
    outer loop
      vertex 261 -5.4641 58.5
      vertex 262.081 -2.91924 58.5
      vertex 261.874 -2.65 58.5
    endloop
  endfacet
  facet normal 0 0 1
    outer loop
      vertex 261 -5.4641 58.5
      vertex 261.874 -2.65 58.5
      vertex 261.744 -2.33646 58.5
    endloop
  endfacet
  facet normal 0 0 1
    outer loop
      vertex 261 -5.4641 58.5
      vertex 261.744 -2.33646 58.5
      vertex 261.7 -2 58.5
    endloop
  endfacet
  facet normal 0 0 1
    outer loop
      vertex 262.35 -3.12583 58.5
      vertex 261 -5.4641 58.5
      vertex 261.965 -5.8637 58.5
    endloop
  endfacet
  facet normal 0 0 1
    outer loop
      vertex 261.744 -1.66354 58.5
      vertex 261 -5.4641 58.5
      vertex 261.7 -2 58.5
    endloop
  endfacet
  facet normal 0 0 -1
    outer loop
      vertex -6 0 0
      vertex -5.4641 189 0
      vertex -5.4641 0 0
    endloop
  endfacet
  facet normal -0 0 -1
    outer loop
      vertex -5.4641 189 0
      vertex -6 0 0
      vertex -6 189 0
    endloop
  endfacet
  facet normal 0 0 -1
    outer loop
      vertex -5.8637 -3.03528 0
      vertex -5.4641 0 0
      vertex -5.4641 -4 0
    endloop
  endfacet
  facet normal 0 0 -1
    outer loop
      vertex -5.8637 -3.03528 0
      vertex -5.8637 -0.964724 0
      vertex -5.4641 0 0
    endloop
  endfacet
  facet normal 0 -0 -1
    outer loop
      vertex -5.8637 -0.964724 0
      vertex -5.8637 -3.03528 0
      vertex -6 -2 0
    endloop
  endfacet
  facet normal 0 0 -1
    outer loop
      vertex -5.4641 0 0
      vertex 0 -5.4641 0
      vertex -0.964724 -5.8637 0
    endloop
  endfacet
  facet normal 0 0 -1
    outer loop
      vertex 0 -5.4641 0
      vertex -5.4641 0 0
      vertex 0 194.464 0
    endloop
  endfacet
  facet normal 0 0 -1
    outer loop
      vertex -5.4641 0 0
      vertex -0.964724 -5.8637 0
      vertex -2 -6 0
    endloop
  endfacet
  facet normal 0 0 -1
    outer loop
      vertex -5.4641 189 0
      vertex 0 194.464 0
      vertex -5.4641 0 0
    endloop
  endfacet
  facet normal 0 0 -1
    outer loop
      vertex -5.4641 0 0
      vertex -2 -6 0
      vertex -3.03528 -5.8637 0
    endloop
  endfacet
  facet normal -0 0 -1
    outer loop
      vertex 0 194.464 0
      vertex -5.4641 189 0
      vertex -0.964724 194.864 0
    endloop
  endfacet
  facet normal 0 0 -1
    outer loop
      vertex -5.4641 0 0
      vertex -3.03528 -5.8637 0
      vertex -4 -5.4641 0
    endloop
  endfacet
  facet normal -0 0 -1
    outer loop
      vertex -0.964724 194.864 0
      vertex -5.4641 189 0
      vertex -2 195 0
    endloop
  endfacet
  facet normal 0 0 -1
    outer loop
      vertex -5.4641 0 0
      vertex -4 -5.4641 0
      vertex -4.82843 -4.82843 0
    endloop
  endfacet
  facet normal 0 0 -1
    outer loop
      vertex -2 195 0
      vertex -5.4641 189 0
      vertex -3.03528 194.864 0
    endloop
  endfacet
  facet normal 0 0 -1
    outer loop
      vertex -5.4641 0 0
      vertex -4.82843 -4.82843 0
      vertex -5.4641 -4 0
    endloop
  endfacet
  facet normal 0 0 -1
    outer loop
      vertex -3.03528 194.864 0
      vertex -5.4641 189 0
      vertex -4 194.464 0
    endloop
  endfacet
  facet normal 0 0 -1
    outer loop
      vertex -4 194.464 0
      vertex -5.4641 189 0
      vertex -4.82843 193.828 0
    endloop
  endfacet
  facet normal 0 0 -1
    outer loop
      vertex -5.4641 189 0
      vertex -5.4641 193 0
      vertex -4.82843 193.828 0
    endloop
  endfacet
  facet normal 0 0 -1
    outer loop
      vertex -5.8637 189.965 0
      vertex -5.4641 193 0
      vertex -5.4641 189 0
    endloop
  endfacet
  facet normal 0 0 -1
    outer loop
      vertex -5.8637 189.965 0
      vertex -5.8637 192.035 0
      vertex -5.4641 193 0
    endloop
  endfacet
  facet normal 0 -0 -1
    outer loop
      vertex -5.8637 192.035 0
      vertex -5.8637 189.965 0
      vertex -6 191 0
    endloop
  endfacet
  facet normal 0 0 -1
    outer loop
      vertex 172.5 156.5 0
      vertex 218.5 162.5 0
      vertex 218.5 156.5 0
    endloop
  endfacet
  facet normal -0 0 -1
    outer loop
      vertex 218.5 162.5 0
      vertex 172.5 156.5 0
      vertex 172.5 162.5 0
    endloop
  endfacet
  facet normal 0 0 -1
    outer loop
      vertex 172.5 146.5 0
      vertex 218.5 152.5 0
      vertex 218.5 146.5 0
    endloop
  endfacet
  facet normal -0 0 -1
    outer loop
      vertex 218.5 152.5 0
      vertex 172.5 146.5 0
      vertex 172.5 152.5 0
    endloop
  endfacet
  facet normal 0 0 -1
    outer loop
      vertex 172.5 136.5 0
      vertex 218.5 142.5 0
      vertex 218.5 136.5 0
    endloop
  endfacet
  facet normal -0 0 -1
    outer loop
      vertex 218.5 142.5 0
      vertex 172.5 136.5 0
      vertex 172.5 142.5 0
    endloop
  endfacet
  facet normal 0 0 -1
    outer loop
      vertex 172.5 126.5 0
      vertex 218.5 132.5 0
      vertex 218.5 126.5 0
    endloop
  endfacet
  facet normal -0 0 -1
    outer loop
      vertex 218.5 132.5 0
      vertex 172.5 126.5 0
      vertex 172.5 132.5 0
    endloop
  endfacet
  facet normal 0 0 -1
    outer loop
      vertex 172.5 116.5 0
      vertex 218.5 122.5 0
      vertex 218.5 116.5 0
    endloop
  endfacet
  facet normal -0 0 -1
    outer loop
      vertex 218.5 122.5 0
      vertex 172.5 116.5 0
      vertex 172.5 122.5 0
    endloop
  endfacet
  facet normal 0 0 -1
    outer loop
      vertex 172.5 106.5 0
      vertex 218.5 112.5 0
      vertex 218.5 106.5 0
    endloop
  endfacet
  facet normal -0 0 -1
    outer loop
      vertex 218.5 112.5 0
      vertex 172.5 106.5 0
      vertex 172.5 112.5 0
    endloop
  endfacet
  facet normal 0 0 -1
    outer loop
      vertex 172.5 96.5 0
      vertex 218.5 102.5 0
      vertex 218.5 96.5 0
    endloop
  endfacet
  facet normal -0 0 -1
    outer loop
      vertex 218.5 102.5 0
      vertex 172.5 96.5 0
      vertex 172.5 102.5 0
    endloop
  endfacet
  facet normal 0 0 -1
    outer loop
      vertex 172.5 86.5 0
      vertex 218.5 92.5 0
      vertex 218.5 86.5 0
    endloop
  endfacet
  facet normal -0 0 -1
    outer loop
      vertex 218.5 92.5 0
      vertex 172.5 86.5 0
      vertex 172.5 92.5 0
    endloop
  endfacet
  facet normal 0 0 -1
    outer loop
      vertex 172.5 76.5 0
      vertex 218.5 82.5 0
      vertex 218.5 76.5 0
    endloop
  endfacet
  facet normal -0 0 -1
    outer loop
      vertex 218.5 82.5 0
      vertex 172.5 76.5 0
      vertex 172.5 82.5 0
    endloop
  endfacet
  facet normal 0 0 -1
    outer loop
      vertex 172.5 66.5 0
      vertex 218.5 72.5 0
      vertex 218.5 66.5 0
    endloop
  endfacet
  facet normal -0 0 -1
    outer loop
      vertex 218.5 72.5 0
      vertex 172.5 66.5 0
      vertex 172.5 72.5 0
    endloop
  endfacet
  facet normal 0 0 -1
    outer loop
      vertex 172.5 56.5 0
      vertex 218.5 62.5 0
      vertex 218.5 56.5 0
    endloop
  endfacet
  facet normal -0 0 -1
    outer loop
      vertex 218.5 62.5 0
      vertex 172.5 56.5 0
      vertex 172.5 62.5 0
    endloop
  endfacet
  facet normal 0 0 -1
    outer loop
      vertex 172.5 46.5 0
      vertex 218.5 52.5 0
      vertex 218.5 46.5 0
    endloop
  endfacet
  facet normal -0 0 -1
    outer loop
      vertex 218.5 52.5 0
      vertex 172.5 46.5 0
      vertex 172.5 52.5 0
    endloop
  endfacet
  facet normal 0 0 -1
    outer loop
      vertex 172.5 36.5 0
      vertex 218.5 42.5 0
      vertex 218.5 36.5 0
    endloop
  endfacet
  facet normal -0 0 -1
    outer loop
      vertex 218.5 42.5 0
      vertex 172.5 36.5 0
      vertex 172.5 42.5 0
    endloop
  endfacet
  facet normal 0 0 -1
    outer loop
      vertex 172.5 26.5 0
      vertex 218.5 32.5 0
      vertex 218.5 26.5 0
    endloop
  endfacet
  facet normal -0 0 -1
    outer loop
      vertex 218.5 32.5 0
      vertex 172.5 26.5 0
      vertex 172.5 32.5 0
    endloop
  endfacet
  facet normal 0 0 -1
    outer loop
      vertex 218.5 22.5 0
      vertex 261 -5.4641 0
      vertex 261 -6 0
    endloop
  endfacet
  facet normal 0 0 -1
    outer loop
      vertex 261 -5.4641 0
      vertex 218.5 92.5 0
      vertex 261 194.464 0
    endloop
  endfacet
  facet normal 0 0 -1
    outer loop
      vertex 261 -5.4641 0
      vertex 218.5 22.5 0
      vertex 218.5 26.5 0
    endloop
  endfacet
  facet normal 0 0 -1
    outer loop
      vertex 261 -6 0
      vertex 172.5 22.5 0
      vertex 218.5 22.5 0
    endloop
  endfacet
  facet normal 0 0 -1
    outer loop
      vertex 0 -5.4641 0
      vertex 172.5 26.5 0
      vertex 172.5 22.5 0
    endloop
  endfacet
  facet normal -0 0 -1
    outer loop
      vertex 172.5 26.5 0
      vertex 0 -5.4641 0
      vertex 172.5 32.5 0
    endloop
  endfacet
  facet normal -0 0 -1
    outer loop
      vertex 172.5 32.5 0
      vertex 0 -5.4641 0
      vertex 172.5 36.5 0
    endloop
  endfacet
  facet normal -0 0 -1
    outer loop
      vertex 172.5 36.5 0
      vertex 0 -5.4641 0
      vertex 172.5 42.5 0
    endloop
  endfacet
  facet normal -0 0 -1
    outer loop
      vertex 172.5 42.5 0
      vertex 0 -5.4641 0
      vertex 172.5 46.5 0
    endloop
  endfacet
  facet normal -0 0 -1
    outer loop
      vertex 172.5 46.5 0
      vertex 0 -5.4641 0
      vertex 172.5 52.5 0
    endloop
  endfacet
  facet normal -0 0 -1
    outer loop
      vertex 172.5 52.5 0
      vertex 0 -5.4641 0
      vertex 172.5 56.5 0
    endloop
  endfacet
  facet normal -0 0 -1
    outer loop
      vertex 172.5 56.5 0
      vertex 0 -5.4641 0
      vertex 172.5 62.5 0
    endloop
  endfacet
  facet normal -0 0 -1
    outer loop
      vertex 172.5 62.5 0
      vertex 0 -5.4641 0
      vertex 172.5 66.5 0
    endloop
  endfacet
  facet normal -0 0 -1
    outer loop
      vertex 172.5 66.5 0
      vertex 0 -5.4641 0
      vertex 172.5 72.5 0
    endloop
  endfacet
  facet normal -0 0 -1
    outer loop
      vertex 172.5 72.5 0
      vertex 0 -5.4641 0
      vertex 172.5 76.5 0
    endloop
  endfacet
  facet normal -0 0 -1
    outer loop
      vertex 172.5 76.5 0
      vertex 0 -5.4641 0
      vertex 172.5 82.5 0
    endloop
  endfacet
  facet normal -0 0 -1
    outer loop
      vertex 172.5 82.5 0
      vertex 0 -5.4641 0
      vertex 172.5 86.5 0
    endloop
  endfacet
  facet normal -0 0 -1
    outer loop
      vertex 172.5 86.5 0
      vertex 0 -5.4641 0
      vertex 172.5 92.5 0
    endloop
  endfacet
  facet normal -0 0 -1
    outer loop
      vertex 172.5 92.5 0
      vertex 0 -5.4641 0
      vertex 172.5 96.5 0
    endloop
  endfacet
  facet normal 0 0 -1
    outer loop
      vertex 0 194.464 0
      vertex 172.5 96.5 0
      vertex 0 -5.4641 0
    endloop
  endfacet
  facet normal 0 0 -1
    outer loop
      vertex 172.5 96.5 0
      vertex 0 194.464 0
      vertex 172.5 102.5 0
    endloop
  endfacet
  facet normal 0 0 -1
    outer loop
      vertex 172.5 102.5 0
      vertex 0 194.464 0
      vertex 172.5 106.5 0
    endloop
  endfacet
  facet normal 0 0 -1
    outer loop
      vertex 172.5 106.5 0
      vertex 0 194.464 0
      vertex 172.5 112.5 0
    endloop
  endfacet
  facet normal 0 0 -1
    outer loop
      vertex 172.5 112.5 0
      vertex 0 194.464 0
      vertex 172.5 116.5 0
    endloop
  endfacet
  facet normal 0 0 -1
    outer loop
      vertex 172.5 116.5 0
      vertex 0 194.464 0
      vertex 172.5 122.5 0
    endloop
  endfacet
  facet normal 0 0 -1
    outer loop
      vertex 172.5 122.5 0
      vertex 0 194.464 0
      vertex 172.5 126.5 0
    endloop
  endfacet
  facet normal 0 0 -1
    outer loop
      vertex 172.5 126.5 0
      vertex 0 194.464 0
      vertex 172.5 132.5 0
    endloop
  endfacet
  facet normal 0 0 -1
    outer loop
      vertex 172.5 132.5 0
      vertex 0 194.464 0
      vertex 172.5 136.5 0
    endloop
  endfacet
  facet normal 0 0 -1
    outer loop
      vertex 172.5 136.5 0
      vertex 0 194.464 0
      vertex 172.5 142.5 0
    endloop
  endfacet
  facet normal 0 0 -1
    outer loop
      vertex 172.5 142.5 0
      vertex 0 194.464 0
      vertex 172.5 146.5 0
    endloop
  endfacet
  facet normal 0 0 -1
    outer loop
      vertex 172.5 146.5 0
      vertex 0 194.464 0
      vertex 172.5 152.5 0
    endloop
  endfacet
  facet normal 0 0 -1
    outer loop
      vertex 172.5 152.5 0
      vertex 0 194.464 0
      vertex 172.5 156.5 0
    endloop
  endfacet
  facet normal 0 0 -1
    outer loop
      vertex 0 -5.4641 0
      vertex 172.5 22.5 0
      vertex 0 -6 0
    endloop
  endfacet
  facet normal 0 0 -1
    outer loop
      vertex 0 -6 0
      vertex 172.5 22.5 0
      vertex 261 -6 0
    endloop
  endfacet
  facet normal 0 0 -1
    outer loop
      vertex 266.864 -3.03528 0
      vertex 266.864 -0.964724 0
      vertex 267 -2 0
    endloop
  endfacet
  facet normal 0 0 -1
    outer loop
      vertex 266.464 -4 0
      vertex 266.864 -0.964724 0
      vertex 266.864 -3.03528 0
    endloop
  endfacet
  facet normal 0 0 -1
    outer loop
      vertex 266.464 -4 0
      vertex 266.464 0 0
      vertex 266.864 -0.964724 0
    endloop
  endfacet
  facet normal 0 0 -1
    outer loop
      vertex 261 -5.4641 0
      vertex 266.464 0 0
      vertex 266.464 -4 0
    endloop
  endfacet
  facet normal -0 0 -1
    outer loop
      vertex 266.464 0 0
      vertex 261 -5.4641 0
      vertex 266.464 189 0
    endloop
  endfacet
  facet normal 0 0 -1
    outer loop
      vertex 261 -5.4641 0
      vertex 266.464 -4 0
      vertex 265.828 -4.82843 0
    endloop
  endfacet
  facet normal 0 0 -1
    outer loop
      vertex 261 194.464 0
      vertex 266.464 189 0
      vertex 261 -5.4641 0
    endloop
  endfacet
  facet normal 0 0 -1
    outer loop
      vertex 261 -5.4641 0
      vertex 265.828 -4.82843 0
      vertex 265 -5.4641 0
    endloop
  endfacet
  facet normal 0 0 -1
    outer loop
      vertex 266.464 189 0
      vertex 261 194.464 0
      vertex 266.464 193 0
    endloop
  endfacet
  facet normal 0 0 -1
    outer loop
      vertex 261 -5.4641 0
      vertex 265 -5.4641 0
      vertex 264.035 -5.8637 0
    endloop
  endfacet
  facet normal 0 0 -1
    outer loop
      vertex 266.464 193 0
      vertex 261 194.464 0
      vertex 265.828 193.828 0
    endloop
  endfacet
  facet normal 0 0 -1
    outer loop
      vertex 261 -5.4641 0
      vertex 264.035 -5.8637 0
      vertex 263 -6 0
    endloop
  endfacet
  facet normal 0 0 -1
    outer loop
      vertex 265.828 193.828 0
      vertex 261 194.464 0
      vertex 265 194.464 0
    endloop
  endfacet
  facet normal 0 0 -1
    outer loop
      vertex 261 -5.4641 0
      vertex 263 -6 0
      vertex 261.965 -5.8637 0
    endloop
  endfacet
  facet normal 0 0 -1
    outer loop
      vertex 265 194.464 0
      vertex 261 194.464 0
      vertex 264.035 194.864 0
    endloop
  endfacet
  facet normal -0 0 -1
    outer loop
      vertex 264.035 194.864 0
      vertex 261 194.464 0
      vertex 263 195 0
    endloop
  endfacet
  facet normal 0 0 -1
    outer loop
      vertex 263 195 0
      vertex 261 194.464 0
      vertex 261.965 194.864 0
    endloop
  endfacet
  facet normal 0 0 -1
    outer loop
      vertex 266.464 0 0
      vertex 267 189 0
      vertex 267 0 0
    endloop
  endfacet
  facet normal -0 0 -1
    outer loop
      vertex 267 189 0
      vertex 266.464 0 0
      vertex 266.464 189 0
    endloop
  endfacet
  facet normal 0 0 -1
    outer loop
      vertex 266.864 189.965 0
      vertex 266.864 192.035 0
      vertex 267 191 0
    endloop
  endfacet
  facet normal 0 0 -1
    outer loop
      vertex 266.464 189 0
      vertex 266.864 192.035 0
      vertex 266.864 189.965 0
    endloop
  endfacet
  facet normal -0 0 -1
    outer loop
      vertex 266.864 192.035 0
      vertex 266.464 189 0
      vertex 266.464 193 0
    endloop
  endfacet
  facet normal 0 0 -1
    outer loop
      vertex 261 -5.4641 0
      vertex 218.5 26.5 0
      vertex 218.5 32.5 0
    endloop
  endfacet
  facet normal 0 0 -1
    outer loop
      vertex 261 -5.4641 0
      vertex 218.5 32.5 0
      vertex 218.5 36.5 0
    endloop
  endfacet
  facet normal 0 0 -1
    outer loop
      vertex 261 -5.4641 0
      vertex 218.5 36.5 0
      vertex 218.5 42.5 0
    endloop
  endfacet
  facet normal 0 0 -1
    outer loop
      vertex 261 -5.4641 0
      vertex 218.5 42.5 0
      vertex 218.5 46.5 0
    endloop
  endfacet
  facet normal 0 0 -1
    outer loop
      vertex 261 -5.4641 0
      vertex 218.5 46.5 0
      vertex 218.5 52.5 0
    endloop
  endfacet
  facet normal 0 0 -1
    outer loop
      vertex 261 -5.4641 0
      vertex 218.5 52.5 0
      vertex 218.5 56.5 0
    endloop
  endfacet
  facet normal 0 0 -1
    outer loop
      vertex 261 -5.4641 0
      vertex 218.5 56.5 0
      vertex 218.5 62.5 0
    endloop
  endfacet
  facet normal 0 0 -1
    outer loop
      vertex 261 -5.4641 0
      vertex 218.5 62.5 0
      vertex 218.5 66.5 0
    endloop
  endfacet
  facet normal 0 0 -1
    outer loop
      vertex 261 -5.4641 0
      vertex 218.5 66.5 0
      vertex 218.5 72.5 0
    endloop
  endfacet
  facet normal 0 0 -1
    outer loop
      vertex 261 -5.4641 0
      vertex 218.5 72.5 0
      vertex 218.5 76.5 0
    endloop
  endfacet
  facet normal 0 0 -1
    outer loop
      vertex 261 -5.4641 0
      vertex 218.5 76.5 0
      vertex 218.5 82.5 0
    endloop
  endfacet
  facet normal 0 0 -1
    outer loop
      vertex 261 -5.4641 0
      vertex 218.5 82.5 0
      vertex 218.5 86.5 0
    endloop
  endfacet
  facet normal 0 0 -1
    outer loop
      vertex 261 -5.4641 0
      vertex 218.5 86.5 0
      vertex 218.5 92.5 0
    endloop
  endfacet
  facet normal 0 0 -1
    outer loop
      vertex 218.5 96.5 0
      vertex 261 194.464 0
      vertex 218.5 92.5 0
    endloop
  endfacet
  facet normal 0 0 -1
    outer loop
      vertex 218.5 102.5 0
      vertex 261 194.464 0
      vertex 218.5 96.5 0
    endloop
  endfacet
  facet normal 0 0 -1
    outer loop
      vertex 218.5 106.5 0
      vertex 261 194.464 0
      vertex 218.5 102.5 0
    endloop
  endfacet
  facet normal 0 0 -1
    outer loop
      vertex 218.5 112.5 0
      vertex 261 194.464 0
      vertex 218.5 106.5 0
    endloop
  endfacet
  facet normal 0 0 -1
    outer loop
      vertex 218.5 116.5 0
      vertex 261 194.464 0
      vertex 218.5 112.5 0
    endloop
  endfacet
  facet normal 0 0 -1
    outer loop
      vertex 218.5 122.5 0
      vertex 261 194.464 0
      vertex 218.5 116.5 0
    endloop
  endfacet
  facet normal 0 0 -1
    outer loop
      vertex 218.5 126.5 0
      vertex 261 194.464 0
      vertex 218.5 122.5 0
    endloop
  endfacet
  facet normal 0 0 -1
    outer loop
      vertex 218.5 132.5 0
      vertex 261 194.464 0
      vertex 218.5 126.5 0
    endloop
  endfacet
  facet normal 0 0 -1
    outer loop
      vertex 218.5 136.5 0
      vertex 261 194.464 0
      vertex 218.5 132.5 0
    endloop
  endfacet
  facet normal 0 0 -1
    outer loop
      vertex 218.5 142.5 0
      vertex 261 194.464 0
      vertex 218.5 136.5 0
    endloop
  endfacet
  facet normal 0 0 -1
    outer loop
      vertex 218.5 146.5 0
      vertex 261 194.464 0
      vertex 218.5 142.5 0
    endloop
  endfacet
  facet normal 0 0 -1
    outer loop
      vertex 218.5 152.5 0
      vertex 261 194.464 0
      vertex 218.5 146.5 0
    endloop
  endfacet
  facet normal 0 0 -1
    outer loop
      vertex 218.5 156.5 0
      vertex 261 194.464 0
      vertex 218.5 152.5 0
    endloop
  endfacet
  facet normal 0 0 -1
    outer loop
      vertex 218.5 162.5 0
      vertex 261 194.464 0
      vertex 218.5 156.5 0
    endloop
  endfacet
  facet normal 0 0 -1
    outer loop
      vertex 218.5 166.5 0
      vertex 261 194.464 0
      vertex 218.5 162.5 0
    endloop
  endfacet
  facet normal -0 0 -1
    outer loop
      vertex 261 194.464 0
      vertex 218.5 166.5 0
      vertex 261 195 0
    endloop
  endfacet
  facet normal 0 0 -1
    outer loop
      vertex 172.5 166.5 0
      vertex 261 195 0
      vertex 218.5 166.5 0
    endloop
  endfacet
  facet normal 0 0 -1
    outer loop
      vertex 172.5 156.5 0
      vertex 0 194.464 0
      vertex 172.5 162.5 0
    endloop
  endfacet
  facet normal 0 0 -1
    outer loop
      vertex 172.5 162.5 0
      vertex 0 194.464 0
      vertex 172.5 166.5 0
    endloop
  endfacet
  facet normal 0 0 -1
    outer loop
      vertex 0 195 0
      vertex 172.5 166.5 0
      vertex 0 194.464 0
    endloop
  endfacet
  facet normal 0 0 -1
    outer loop
      vertex 172.5 166.5 0
      vertex 0 195 0
      vertex 261 195 0
    endloop
  endfacet
  facet normal -1 0 0
    outer loop
      vertex 0 1.4641 5.5
      vertex 0 187.536 52.5
      vertex 0 187.536 5.5
    endloop
  endfacet
  facet normal -1 -0 0
    outer loop
      vertex 0 187.536 52.5
      vertex 0 1.4641 5.5
      vertex 0 1.4641 52.5
    endloop
  endfacet
  facet normal 0 1 0
    outer loop
      vertex 239.965 189 33.1137
      vertex 259.536 189 52.5
      vertex 241 189 33.25
    endloop
  endfacet
  facet normal 0 1 0
    outer loop
      vertex 259.536 189 52.5
      vertex 242.035 189 33.1137
      vertex 241 189 33.25
    endloop
  endfacet
  facet normal 0 1 0
    outer loop
      vertex 259.536 189 52.5
      vertex 243 189 32.7141
      vertex 242.035 189 33.1137
    endloop
  endfacet
  facet normal 0 1 0
    outer loop
      vertex 259.536 189 52.5
      vertex 243.828 189 32.0784
      vertex 243 189 32.7141
    endloop
  endfacet
  facet normal 0 1 0
    outer loop
      vertex 259.536 189 52.5
      vertex 244.464 189 31.25
      vertex 243.828 189 32.0784
    endloop
  endfacet
  facet normal 0 1 0
    outer loop
      vertex 259.536 189 52.5
      vertex 244.864 189 30.2853
      vertex 244.464 189 31.25
    endloop
  endfacet
  facet normal 0 1 0
    outer loop
      vertex 259.536 189 52.5
      vertex 245 189 29.25
      vertex 244.864 189 30.2853
    endloop
  endfacet
  facet normal 0 1 -0
    outer loop
      vertex 259.536 189 5.5
      vertex 245 189 29.25
      vertex 259.536 189 52.5
    endloop
  endfacet
  facet normal 0 1 0
    outer loop
      vertex 245 189 29.25
      vertex 259.536 189 5.5
      vertex 244.864 189 28.2147
    endloop
  endfacet
  facet normal 0 1 0
    outer loop
      vertex 242.035 189 25.3863
      vertex 259.536 189 5.5
      vertex 241 189 25.25
    endloop
  endfacet
  facet normal 0 1 0
    outer loop
      vertex 243 189 25.7859
      vertex 259.536 189 5.5
      vertex 242.035 189 25.3863
    endloop
  endfacet
  facet normal 0 1 0
    outer loop
      vertex 243.828 189 26.4216
      vertex 259.536 189 5.5
      vertex 243 189 25.7859
    endloop
  endfacet
  facet normal 0 1 0
    outer loop
      vertex 244.464 189 27.25
      vertex 259.536 189 5.5
      vertex 243.828 189 26.4216
    endloop
  endfacet
  facet normal 0 1 0
    outer loop
      vertex 244.864 189 28.2147
      vertex 259.536 189 5.5
      vertex 244.464 189 27.25
    endloop
  endfacet
  facet normal 0 1 0
    outer loop
      vertex 239 189 32.7141
      vertex 259.536 189 52.5
      vertex 239.965 189 33.1137
    endloop
  endfacet
  facet normal 0 1 0
    outer loop
      vertex 238.172 189 32.0784
      vertex 259.536 189 52.5
      vertex 239 189 32.7141
    endloop
  endfacet
  facet normal 0 1 0
    outer loop
      vertex 259.536 189 52.5
      vertex 238.172 189 32.0784
      vertex 1.4641 189 52.5
    endloop
  endfacet
  facet normal 0 1 -0
    outer loop
      vertex 237.536 189 31.25
      vertex 1.4641 189 52.5
      vertex 238.172 189 32.0784
    endloop
  endfacet
  facet normal 0 1 -0
    outer loop
      vertex 237.136 189 30.2853
      vertex 1.4641 189 52.5
      vertex 237.536 189 31.25
    endloop
  endfacet
  facet normal 0 1 -0
    outer loop
      vertex 237 189 29.25
      vertex 1.4641 189 52.5
      vertex 237.136 189 30.2853
    endloop
  endfacet
  facet normal 0 1 0
    outer loop
      vertex 1.4641 189 5.5
      vertex 237 189 29.25
      vertex 237.136 189 28.2147
    endloop
  endfacet
  facet normal 0 1 0
    outer loop
      vertex 1.4641 189 5.5
      vertex 237.136 189 28.2147
      vertex 237.536 189 27.25
    endloop
  endfacet
  facet normal 0 1 0
    outer loop
      vertex 1.4641 189 5.5
      vertex 237.536 189 27.25
      vertex 238.172 189 26.4216
    endloop
  endfacet
  facet normal 0 1 0
    outer loop
      vertex 259.536 189 5.5
      vertex 238.172 189 26.4216
      vertex 239 189 25.7859
    endloop
  endfacet
  facet normal 0 1 0
    outer loop
      vertex 259.536 189 5.5
      vertex 239 189 25.7859
      vertex 239.965 189 25.3863
    endloop
  endfacet
  facet normal 0 1 0
    outer loop
      vertex 259.536 189 5.5
      vertex 239.965 189 25.3863
      vertex 241 189 25.25
    endloop
  endfacet
  facet normal 0 1 0
    outer loop
      vertex 238.172 189 26.4216
      vertex 259.536 189 5.5
      vertex 1.4641 189 5.5
    endloop
  endfacet
  facet normal 0 1 0
    outer loop
      vertex 237 189 29.25
      vertex 1.4641 189 5.5
      vertex 1.4641 189 52.5
    endloop
  endfacet
  facet normal 0 -1 0
    outer loop
      vertex 168.3 0 52.5
      vertex 210.441 0 38.4263
      vertex 212.9 0 38.75
    endloop
  endfacet
  facet normal 0 -1 0
    outer loop
      vertex 168.3 0 52.5
      vertex 208.15 0 37.4772
      vertex 210.441 0 38.4263
    endloop
  endfacet
  facet normal 0 -1 0
    outer loop
      vertex 168.3 0 52.5
      vertex 206.182 0 35.9675
      vertex 208.15 0 37.4772
    endloop
  endfacet
  facet normal 0 -1 0
    outer loop
      vertex 168.3 0 52.5
      vertex 204.673 0 34
      vertex 206.182 0 35.9675
    endloop
  endfacet
  facet normal 0 -1 0
    outer loop
      vertex 167.3 0 50.5
      vertex 203.724 0 31.7088
      vertex 204.673 0 34
    endloop
  endfacet
  facet normal 0 -1 0
    outer loop
      vertex 167.3 0 50.5
      vertex 203.4 0 29.25
      vertex 203.724 0 31.7088
    endloop
  endfacet
  facet normal 0 -1 0
    outer loop
      vertex 167.3 0 6
      vertex 203.4 0 29.25
      vertex 167.3 0 50.5
    endloop
  endfacet
  facet normal 0 -1 -0
    outer loop
      vertex 203.4 0 29.25
      vertex 167.3 0 6
      vertex 203.724 0 26.7912
    endloop
  endfacet
  facet normal 0 -1 -0
    outer loop
      vertex 203.724 0 26.7912
      vertex 167.3 0 6
      vertex 204.673 0 24.5
    endloop
  endfacet
  facet normal 0 -1 -0
    outer loop
      vertex 204.673 0 24.5
      vertex 167.3 0 6
      vertex 206.182 0 22.5325
    endloop
  endfacet
  facet normal 0 -1 -0
    outer loop
      vertex 210.441 0 20.0737
      vertex 167.3 0 6
      vertex 212.9 0 19.75
    endloop
  endfacet
  facet normal 0 -1 -0
    outer loop
      vertex 208.15 0 21.0228
      vertex 167.3 0 6
      vertex 210.441 0 20.0737
    endloop
  endfacet
  facet normal 0 -1 -0
    outer loop
      vertex 206.182 0 22.5325
      vertex 167.3 0 6
      vertex 208.15 0 21.0228
    endloop
  endfacet
  facet normal 0 -1 0
    outer loop
      vertex 8.5 0 50.5
      vertex 7.5 0 52.5
      vertex 1.4641 0 52.5
    endloop
  endfacet
  facet normal 0 -1 0
    outer loop
      vertex 7.5 0 52.5
      vertex 8.5 0 50.5
      vertex 168.3 0 52.5
    endloop
  endfacet
  facet normal 0 -1 0
    outer loop
      vertex 168.3 0 52.5
      vertex 8.5 0 50.5
      vertex 167.3 0 50.5
    endloop
  endfacet
  facet normal 0 -1 0
    outer loop
      vertex 1.4641 0 5.5
      vertex 8.5 0 50.5
      vertex 1.4641 0 52.5
    endloop
  endfacet
  facet normal 0 -1 -0
    outer loop
      vertex 8.5 0 6
      vertex 1.4641 0 5.5
      vertex 167.3 0 6
    endloop
  endfacet
  facet normal 0 -1 -0
    outer loop
      vertex 8.5 0 50.5
      vertex 1.4641 0 5.5
      vertex 8.5 0 6
    endloop
  endfacet
  facet normal 0 -1 0
    outer loop
      vertex 7.5 0 52.5
      vertex 168.3 0 58.5
      vertex 7.5 0 58.5
    endloop
  endfacet
  facet normal 0 -1 -0
    outer loop
      vertex 168.3 0 58.5
      vertex 7.5 0 52.5
      vertex 168.3 0 52.5
    endloop
  endfacet
  facet normal 0 -1 0
    outer loop
      vertex 204.673 0 34
      vertex 168.3 0 52.5
      vertex 167.3 0 50.5
    endloop
  endfacet
  facet normal 0 -1 0
    outer loop
      vertex 168.3 0 52.5
      vertex 212.9 0 38.75
      vertex 259.536 0 52.5
    endloop
  endfacet
  facet normal 0 -1 0
    outer loop
      vertex 215.359 0 38.4263
      vertex 259.536 0 52.5
      vertex 212.9 0 38.75
    endloop
  endfacet
  facet normal 0 -1 0
    outer loop
      vertex 217.65 0 37.4772
      vertex 259.536 0 52.5
      vertex 215.359 0 38.4263
    endloop
  endfacet
  facet normal 0 -1 0
    outer loop
      vertex 219.618 0 35.9675
      vertex 259.536 0 52.5
      vertex 217.65 0 37.4772
    endloop
  endfacet
  facet normal 0 -1 0
    outer loop
      vertex 221.127 0 34
      vertex 259.536 0 52.5
      vertex 219.618 0 35.9675
    endloop
  endfacet
  facet normal 0 -1 0
    outer loop
      vertex 222.076 0 31.7088
      vertex 259.536 0 52.5
      vertex 221.127 0 34
    endloop
  endfacet
  facet normal 0 -1 0
    outer loop
      vertex 222.4 0 29.25
      vertex 259.536 0 52.5
      vertex 222.076 0 31.7088
    endloop
  endfacet
  facet normal 0 -1 0
    outer loop
      vertex 259.536 0 5.5
      vertex 222.4 0 29.25
      vertex 222.076 0 26.7912
    endloop
  endfacet
  facet normal 0 -1 0
    outer loop
      vertex 259.536 0 5.5
      vertex 222.076 0 26.7912
      vertex 221.127 0 24.5
    endloop
  endfacet
  facet normal 0 -1 0
    outer loop
      vertex 259.536 0 5.5
      vertex 221.127 0 24.5
      vertex 219.618 0 22.5325
    endloop
  endfacet
  facet normal 0 -1 0
    outer loop
      vertex 259.536 0 5.5
      vertex 219.618 0 22.5325
      vertex 217.65 0 21.0228
    endloop
  endfacet
  facet normal 0 -1 0
    outer loop
      vertex 259.536 0 5.5
      vertex 212.9 0 19.75
      vertex 167.3 0 6
    endloop
  endfacet
  facet normal 0 -1 0
    outer loop
      vertex 222.4 0 29.25
      vertex 259.536 0 5.5
      vertex 259.536 0 52.5
    endloop
  endfacet
  facet normal 0 -1 0
    outer loop
      vertex 215.359 0 20.0737
      vertex 259.536 0 5.5
      vertex 217.65 0 21.0228
    endloop
  endfacet
  facet normal 0 -1 0
    outer loop
      vertex 212.9 0 19.75
      vertex 259.536 0 5.5
      vertex 215.359 0 20.0737
    endloop
  endfacet
  facet normal 0 -1 0
    outer loop
      vertex 259.536 0 5.5
      vertex 167.3 0 6
      vertex 1.4641 0 5.5
    endloop
  endfacet
  facet normal -1 0 0
    outer loop
      vertex 258.5 2.5 3
      vertex 258.5 186.5 5
      vertex 258.5 186.5 3
    endloop
  endfacet
  facet normal -1 -0 0
    outer loop
      vertex 258.5 186.5 5
      vertex 258.5 2.5 3
      vertex 258.5 2.5 5
    endloop
  endfacet
  facet normal -1 0 0
    outer loop
      vertex 258.5 174.5 15.5
      vertex 258.5 186.5 11
      vertex 258.5 174.5 13
    endloop
  endfacet
  facet normal -1 0 0
    outer loop
      vertex 258.5 186.5 11
      vertex 258.5 168.5 13
      vertex 258.5 174.5 13
    endloop
  endfacet
  facet normal -1 0 0
    outer loop
      vertex 258.5 168.5 13
      vertex 258.5 20.5 13
      vertex 258.5 168.5 15.5
    endloop
  endfacet
  facet normal -1 0 0
    outer loop
      vertex 258.5 186.5 11
      vertex 258.5 20.5 13
      vertex 258.5 168.5 13
    endloop
  endfacet
  facet normal -1 0 0
    outer loop
      vertex 258.5 2.5 11
      vertex 258.5 20.5 13
      vertex 258.5 186.5 11
    endloop
  endfacet
  facet normal -1 -0 0
    outer loop
      vertex 258.5 14.5 13
      vertex 258.5 2.5 11
      vertex 258.5 14.5 15.5
    endloop
  endfacet
  facet normal -1 -0 0
    outer loop
      vertex 258.5 20.5 13
      vertex 258.5 2.5 11
      vertex 258.5 14.5 13
    endloop
  endfacet
  facet normal -1 0 0
    outer loop
      vertex 258.5 186.5 11
      vertex 258.5 174.5 15.5
      vertex 258.5 186.5 58.5
    endloop
  endfacet
  facet normal -1 0 0
    outer loop
      vertex 258.5 168.5 15.5
      vertex 258.5 186.5 58.5
      vertex 258.5 174.5 15.5
    endloop
  endfacet
  facet normal -1 0 0
    outer loop
      vertex 258.5 20.5 15.5
      vertex 258.5 168.5 15.5
      vertex 258.5 20.5 13
    endloop
  endfacet
  facet normal -1 0 0
    outer loop
      vertex 258.5 168.5 15.5
      vertex 258.5 20.5 15.5
      vertex 258.5 186.5 58.5
    endloop
  endfacet
  facet normal -1 0 0
    outer loop
      vertex 258.5 2.5 58.5
      vertex 258.5 20.5 15.5
      vertex 258.5 14.5 15.5
    endloop
  endfacet
  facet normal -1 0 0
    outer loop
      vertex 258.5 20.5 15.5
      vertex 258.5 2.5 58.5
      vertex 258.5 186.5 58.5
    endloop
  endfacet
  facet normal -1 0 0
    outer loop
      vertex 258.5 2.5 58.5
      vertex 258.5 14.5 15.5
      vertex 258.5 2.5 11
    endloop
  endfacet
  facet normal 0 0 -1
    outer loop
      vertex 204.5 22.5 3
      vertex 203.914 23.9142 3
      vertex 204.348 23.2654 3
    endloop
  endfacet
  facet normal 0 0 -1
    outer loop
      vertex 204.5 22.5 3
      vertex 203.265 24.3478 3
      vertex 203.914 23.9142 3
    endloop
  endfacet
  facet normal 0 0 -1
    outer loop
      vertex 204.5 22.5 3
      vertex 202.5 24.5 3
      vertex 203.265 24.3478 3
    endloop
  endfacet
  facet normal 0 0 -1
    outer loop
      vertex 204.5 22.5 3
      vertex 201.735 24.3478 3
      vertex 202.5 24.5 3
    endloop
  endfacet
  facet normal 0 0 -1
    outer loop
      vertex 204.5 22.5 3
      vertex 201.086 23.9142 3
      vertex 201.735 24.3478 3
    endloop
  endfacet
  facet normal 0 0 -1
    outer loop
      vertex 204.5 22.5 3
      vertex 200.652 23.2654 3
      vertex 201.086 23.9142 3
    endloop
  endfacet
  facet normal 0 -0 -1
    outer loop
      vertex 200.652 23.2654 3
      vertex 204.5 22.5 3
      vertex 200.5 22.5 3
    endloop
  endfacet
  facet normal 0 0 -1
    outer loop
      vertex 204.5 112.5 3
      vertex 203.914 113.914 3
      vertex 204.348 113.265 3
    endloop
  endfacet
  facet normal 0 0 -1
    outer loop
      vertex 204.5 112.5 3
      vertex 203.265 114.348 3
      vertex 203.914 113.914 3
    endloop
  endfacet
  facet normal 0 0 -1
    outer loop
      vertex 204.5 112.5 3
      vertex 202.5 114.5 3
      vertex 203.265 114.348 3
    endloop
  endfacet
  facet normal 0 0 -1
    outer loop
      vertex 204.5 112.5 3
      vertex 201.735 114.348 3
      vertex 202.5 114.5 3
    endloop
  endfacet
  facet normal 0 0 -1
    outer loop
      vertex 204.5 112.5 3
      vertex 201.086 113.914 3
      vertex 201.735 114.348 3
    endloop
  endfacet
  facet normal 0 0 -1
    outer loop
      vertex 204.5 112.5 3
      vertex 200.652 113.265 3
      vertex 201.086 113.914 3
    endloop
  endfacet
  facet normal 0 -0 -1
    outer loop
      vertex 200.652 113.265 3
      vertex 204.5 112.5 3
      vertex 200.5 112.5 3
    endloop
  endfacet
  facet normal 0 0 -1
    outer loop
      vertex 203.265 65.6522 3
      vertex 204.191 66.5 3
      vertex 203.914 66.0858 3
    endloop
  endfacet
  facet normal 0 0 -1
    outer loop
      vertex 202.5 65.5 3
      vertex 204.191 66.5 3
      vertex 203.265 65.6522 3
    endloop
  endfacet
  facet normal 0 0 -1
    outer loop
      vertex 200.809 66.5 3
      vertex 202.5 65.5 3
      vertex 201.735 65.6522 3
    endloop
  endfacet
  facet normal 0 0 -1
    outer loop
      vertex 200.809 66.5 3
      vertex 201.735 65.6522 3
      vertex 201.086 66.0858 3
    endloop
  endfacet
  facet normal 0 0 -1
    outer loop
      vertex 202.5 65.5 3
      vertex 200.809 66.5 3
      vertex 204.191 66.5 3
    endloop
  endfacet
  facet normal 0 0 -1
    outer loop
      vertex 203.265 155.652 3
      vertex 204.191 156.5 3
      vertex 203.914 156.086 3
    endloop
  endfacet
  facet normal 0 0 -1
    outer loop
      vertex 202.5 155.5 3
      vertex 204.191 156.5 3
      vertex 203.265 155.652 3
    endloop
  endfacet
  facet normal 0 0 -1
    outer loop
      vertex 200.809 156.5 3
      vertex 202.5 155.5 3
      vertex 201.735 155.652 3
    endloop
  endfacet
  facet normal 0 0 -1
    outer loop
      vertex 200.809 156.5 3
      vertex 201.735 155.652 3
      vertex 201.086 156.086 3
    endloop
  endfacet
  facet normal 0 0 -1
    outer loop
      vertex 202.5 155.5 3
      vertex 200.809 156.5 3
      vertex 204.191 156.5 3
    endloop
  endfacet
  facet normal 0 0 1
    outer loop
      vertex 66.0858 66.0858 3
      vertex 23.9142 66.0858 3
      vertex 66.0858 23.9142 3
    endloop
  endfacet
  facet normal 0 0 1
    outer loop
      vertex 66.0858 23.9142 3
      vertex 24.3478 23.2654 3
      vertex 24.5 22.5 3
    endloop
  endfacet
  facet normal 0 0 1
    outer loop
      vertex 23.9142 23.9142 3
      vertex 66.0858 23.9142 3
      vertex 23.9142 66.0858 3
    endloop
  endfacet
  facet normal 0 0 1
    outer loop
      vertex 66.0858 23.9142 3
      vertex 23.9142 23.9142 3
      vertex 24.3478 23.2654 3
    endloop
  endfacet
  facet normal -0 0 1
    outer loop
      vertex 23.2654 65.6522 3
      vertex 23.9142 23.9142 3
      vertex 23.9142 66.0858 3
    endloop
  endfacet
  facet normal 0 0 1
    outer loop
      vertex 23.2654 65.6522 3
      vertex 23.2654 24.3478 3
      vertex 23.9142 23.9142 3
    endloop
  endfacet
  facet normal -0 0 1
    outer loop
      vertex 22.5 65.5 3
      vertex 23.2654 24.3478 3
      vertex 23.2654 65.6522 3
    endloop
  endfacet
  facet normal 0 0 1
    outer loop
      vertex 22.5 65.5 3
      vertex 22.5 24.5 3
      vertex 23.2654 24.3478 3
    endloop
  endfacet
  facet normal 0 0 1
    outer loop
      vertex 21.7346 65.6522 3
      vertex 22.5 24.5 3
      vertex 22.5 65.5 3
    endloop
  endfacet
  facet normal 0 0 1
    outer loop
      vertex 21.7346 65.6522 3
      vertex 21.7346 24.3478 3
      vertex 22.5 24.5 3
    endloop
  endfacet
  facet normal 0 0 1
    outer loop
      vertex 21.0858 66.0858 3
      vertex 21.7346 24.3478 3
      vertex 21.7346 65.6522 3
    endloop
  endfacet
  facet normal 0 0 1
    outer loop
      vertex 21.0858 66.0858 3
      vertex 21.0858 23.9142 3
      vertex 21.7346 24.3478 3
    endloop
  endfacet
  facet normal 0 0 1
    outer loop
      vertex 20.6522 66.7346 3
      vertex 21.0858 23.9142 3
      vertex 21.0858 66.0858 3
    endloop
  endfacet
  facet normal 0 0 1
    outer loop
      vertex 20.6522 66.7346 3
      vertex 20.6522 23.2654 3
      vertex 21.0858 23.9142 3
    endloop
  endfacet
  facet normal 0 0 1
    outer loop
      vertex 2.5 2.5 3
      vertex 20.6522 66.7346 3
      vertex 20.5 67.5 3
    endloop
  endfacet
  facet normal 0 0 1
    outer loop
      vertex 20.6522 66.7346 3
      vertex 2.5 2.5 3
      vertex 20.6522 23.2654 3
    endloop
  endfacet
  facet normal 0 0 1
    outer loop
      vertex 66.0858 111.086 3
      vertex 23.9142 111.086 3
      vertex 66.0858 68.9142 3
    endloop
  endfacet
  facet normal 0 0 1
    outer loop
      vertex 66.0858 68.9142 3
      vertex 24.3478 68.2654 3
      vertex 24.5 67.5 3
    endloop
  endfacet
  facet normal 0 0 1
    outer loop
      vertex 23.9142 68.9142 3
      vertex 66.0858 68.9142 3
      vertex 23.9142 111.086 3
    endloop
  endfacet
  facet normal 0 0 1
    outer loop
      vertex 66.0858 68.9142 3
      vertex 23.9142 68.9142 3
      vertex 24.3478 68.2654 3
    endloop
  endfacet
  facet normal -0 0 1
    outer loop
      vertex 23.2654 110.652 3
      vertex 23.9142 68.9142 3
      vertex 23.9142 111.086 3
    endloop
  endfacet
  facet normal 0 0 1
    outer loop
      vertex 23.2654 110.652 3
      vertex 23.2654 69.3478 3
      vertex 23.9142 68.9142 3
    endloop
  endfacet
  facet normal -0 0 1
    outer loop
      vertex 22.5 110.5 3
      vertex 23.2654 69.3478 3
      vertex 23.2654 110.652 3
    endloop
  endfacet
  facet normal 0 0 1
    outer loop
      vertex 22.5 110.5 3
      vertex 22.5 69.5 3
      vertex 23.2654 69.3478 3
    endloop
  endfacet
  facet normal 0 0 1
    outer loop
      vertex 21.7346 110.652 3
      vertex 22.5 69.5 3
      vertex 22.5 110.5 3
    endloop
  endfacet
  facet normal 0 0 1
    outer loop
      vertex 21.7346 110.652 3
      vertex 21.7346 69.3478 3
      vertex 22.5 69.5 3
    endloop
  endfacet
  facet normal 0 0 1
    outer loop
      vertex 21.0858 111.086 3
      vertex 21.7346 69.3478 3
      vertex 21.7346 110.652 3
    endloop
  endfacet
  facet normal 0 0 1
    outer loop
      vertex 21.0858 111.086 3
      vertex 21.0858 68.9142 3
      vertex 21.7346 69.3478 3
    endloop
  endfacet
  facet normal 0 0 1
    outer loop
      vertex 20.6522 111.735 3
      vertex 21.0858 68.9142 3
      vertex 21.0858 111.086 3
    endloop
  endfacet
  facet normal 0 0 1
    outer loop
      vertex 20.6522 111.735 3
      vertex 20.6522 68.2654 3
      vertex 21.0858 68.9142 3
    endloop
  endfacet
  facet normal 0 0 1
    outer loop
      vertex 20.5 112.5 3
      vertex 20.6522 68.2654 3
      vertex 20.6522 111.735 3
    endloop
  endfacet
  facet normal 0 0 1
    outer loop
      vertex 20.6522 68.2654 3
      vertex 20.5 112.5 3
      vertex 20.5 67.5 3
    endloop
  endfacet
  facet normal 0 0 1
    outer loop
      vertex 66.0858 156.086 3
      vertex 23.9142 156.086 3
      vertex 66.0858 113.914 3
    endloop
  endfacet
  facet normal 0 0 1
    outer loop
      vertex 66.0858 113.914 3
      vertex 24.3478 113.265 3
      vertex 24.5 112.5 3
    endloop
  endfacet
  facet normal 0 0 1
    outer loop
      vertex 23.9142 113.914 3
      vertex 66.0858 113.914 3
      vertex 23.9142 156.086 3
    endloop
  endfacet
  facet normal 0 0 1
    outer loop
      vertex 66.0858 113.914 3
      vertex 23.9142 113.914 3
      vertex 24.3478 113.265 3
    endloop
  endfacet
  facet normal -0 0 1
    outer loop
      vertex 23.2654 155.652 3
      vertex 23.9142 113.914 3
      vertex 23.9142 156.086 3
    endloop
  endfacet
  facet normal 0 0 1
    outer loop
      vertex 23.2654 155.652 3
      vertex 23.2654 114.348 3
      vertex 23.9142 113.914 3
    endloop
  endfacet
  facet normal -0 0 1
    outer loop
      vertex 22.5 155.5 3
      vertex 23.2654 114.348 3
      vertex 23.2654 155.652 3
    endloop
  endfacet
  facet normal 0 0 1
    outer loop
      vertex 22.5 155.5 3
      vertex 22.5 114.5 3
      vertex 23.2654 114.348 3
    endloop
  endfacet
  facet normal 0 0 1
    outer loop
      vertex 21.7346 155.652 3
      vertex 22.5 114.5 3
      vertex 22.5 155.5 3
    endloop
  endfacet
  facet normal 0 0 1
    outer loop
      vertex 21.7346 155.652 3
      vertex 21.7346 114.348 3
      vertex 22.5 114.5 3
    endloop
  endfacet
  facet normal 0 0 1
    outer loop
      vertex 21.0858 156.086 3
      vertex 21.7346 114.348 3
      vertex 21.7346 155.652 3
    endloop
  endfacet
  facet normal 0 0 1
    outer loop
      vertex 21.0858 156.086 3
      vertex 21.0858 113.914 3
      vertex 21.7346 114.348 3
    endloop
  endfacet
  facet normal 0 0 1
    outer loop
      vertex 20.6522 156.735 3
      vertex 21.0858 113.914 3
      vertex 21.0858 156.086 3
    endloop
  endfacet
  facet normal 0 0 1
    outer loop
      vertex 20.6522 156.735 3
      vertex 20.6522 113.265 3
      vertex 21.0858 113.914 3
    endloop
  endfacet
  facet normal 0 0 1
    outer loop
      vertex 2.5 186.5 3
      vertex 20.6522 156.735 3
      vertex 20.5 157.5 3
    endloop
  endfacet
  facet normal 0 0 1
    outer loop
      vertex 20.6522 156.735 3
      vertex 2.5 186.5 3
      vertex 20.6522 113.265 3
    endloop
  endfacet
  facet normal 0 0 1
    outer loop
      vertex 111.086 66.0858 3
      vertex 68.9142 66.0858 3
      vertex 111.086 23.9142 3
    endloop
  endfacet
  facet normal 0 0 1
    outer loop
      vertex 111.086 23.9142 3
      vertex 69.3478 23.2654 3
      vertex 69.5 22.5 3
    endloop
  endfacet
  facet normal 0 0 1
    outer loop
      vertex 68.9142 23.9142 3
      vertex 111.086 23.9142 3
      vertex 68.9142 66.0858 3
    endloop
  endfacet
  facet normal 0 0 1
    outer loop
      vertex 111.086 23.9142 3
      vertex 68.9142 23.9142 3
      vertex 69.3478 23.2654 3
    endloop
  endfacet
  facet normal -0 0 1
    outer loop
      vertex 68.2654 65.6522 3
      vertex 68.9142 23.9142 3
      vertex 68.9142 66.0858 3
    endloop
  endfacet
  facet normal 0 0 1
    outer loop
      vertex 68.2654 65.6522 3
      vertex 68.2654 24.3478 3
      vertex 68.9142 23.9142 3
    endloop
  endfacet
  facet normal -0 0 1
    outer loop
      vertex 67.5 65.5 3
      vertex 68.2654 24.3478 3
      vertex 68.2654 65.6522 3
    endloop
  endfacet
  facet normal 0 0 1
    outer loop
      vertex 67.5 65.5 3
      vertex 67.5 24.5 3
      vertex 68.2654 24.3478 3
    endloop
  endfacet
  facet normal 0 0 1
    outer loop
      vertex 66.7346 65.6522 3
      vertex 67.5 24.5 3
      vertex 67.5 65.5 3
    endloop
  endfacet
  facet normal 0 0 1
    outer loop
      vertex 66.7346 65.6522 3
      vertex 66.7346 24.3478 3
      vertex 67.5 24.5 3
    endloop
  endfacet
  facet normal 0 0 1
    outer loop
      vertex 66.0858 66.0858 3
      vertex 66.7346 24.3478 3
      vertex 66.7346 65.6522 3
    endloop
  endfacet
  facet normal 0 0 1
    outer loop
      vertex 66.0858 66.0858 3
      vertex 66.0858 23.9142 3
      vertex 66.7346 24.3478 3
    endloop
  endfacet
  facet normal 0 0 1
    outer loop
      vertex 24.3478 66.7346 3
      vertex 65.6522 66.7346 3
      vertex 24.5 67.5 3
    endloop
  endfacet
  facet normal 0 0 1
    outer loop
      vertex 65.6522 66.7346 3
      vertex 24.3478 66.7346 3
      vertex 66.0858 66.0858 3
    endloop
  endfacet
  facet normal -0 0 1
    outer loop
      vertex 24.5 67.5 3
      vertex 65.6522 66.7346 3
      vertex 65.5 67.5 3
    endloop
  endfacet
  facet normal 0 0 1
    outer loop
      vertex 23.9142 66.0858 3
      vertex 66.0858 66.0858 3
      vertex 24.3478 66.7346 3
    endloop
  endfacet
  facet normal 0 0 1
    outer loop
      vertex 111.086 111.086 3
      vertex 68.9142 111.086 3
      vertex 111.086 68.9142 3
    endloop
  endfacet
  facet normal 0 0 1
    outer loop
      vertex 111.086 68.9142 3
      vertex 69.3478 68.2654 3
      vertex 69.5 67.5 3
    endloop
  endfacet
  facet normal 0 0 1
    outer loop
      vertex 68.9142 68.9142 3
      vertex 111.086 68.9142 3
      vertex 68.9142 111.086 3
    endloop
  endfacet
  facet normal 0 0 1
    outer loop
      vertex 111.086 68.9142 3
      vertex 68.9142 68.9142 3
      vertex 69.3478 68.2654 3
    endloop
  endfacet
  facet normal -0 0 1
    outer loop
      vertex 68.2654 110.652 3
      vertex 68.9142 68.9142 3
      vertex 68.9142 111.086 3
    endloop
  endfacet
  facet normal 0 0 1
    outer loop
      vertex 68.2654 110.652 3
      vertex 68.2654 69.3478 3
      vertex 68.9142 68.9142 3
    endloop
  endfacet
  facet normal -0 0 1
    outer loop
      vertex 67.5 110.5 3
      vertex 68.2654 69.3478 3
      vertex 68.2654 110.652 3
    endloop
  endfacet
  facet normal 0 0 1
    outer loop
      vertex 67.5 110.5 3
      vertex 67.5 69.5 3
      vertex 68.2654 69.3478 3
    endloop
  endfacet
  facet normal 0 0 1
    outer loop
      vertex 66.7346 110.652 3
      vertex 67.5 69.5 3
      vertex 67.5 110.5 3
    endloop
  endfacet
  facet normal 0 0 1
    outer loop
      vertex 66.7346 110.652 3
      vertex 66.7346 69.3478 3
      vertex 67.5 69.5 3
    endloop
  endfacet
  facet normal 0 0 1
    outer loop
      vertex 66.0858 111.086 3
      vertex 66.7346 69.3478 3
      vertex 66.7346 110.652 3
    endloop
  endfacet
  facet normal 0 0 1
    outer loop
      vertex 66.0858 111.086 3
      vertex 66.0858 68.9142 3
      vertex 66.7346 69.3478 3
    endloop
  endfacet
  facet normal 0 0 1
    outer loop
      vertex 24.3478 111.735 3
      vertex 65.6522 111.735 3
      vertex 24.5 112.5 3
    endloop
  endfacet
  facet normal 0 0 1
    outer loop
      vertex 65.6522 111.735 3
      vertex 24.3478 111.735 3
      vertex 66.0858 111.086 3
    endloop
  endfacet
  facet normal -0 0 1
    outer loop
      vertex 24.5 112.5 3
      vertex 65.6522 111.735 3
      vertex 65.5 112.5 3
    endloop
  endfacet
  facet normal 0 0 1
    outer loop
      vertex 23.9142 111.086 3
      vertex 66.0858 111.086 3
      vertex 24.3478 111.735 3
    endloop
  endfacet
  facet normal 0 0 1
    outer loop
      vertex 111.086 156.086 3
      vertex 68.9142 156.086 3
      vertex 111.086 113.914 3
    endloop
  endfacet
  facet normal 0 0 1
    outer loop
      vertex 111.086 113.914 3
      vertex 69.3478 113.265 3
      vertex 69.5 112.5 3
    endloop
  endfacet
  facet normal 0 0 1
    outer loop
      vertex 68.9142 113.914 3
      vertex 111.086 113.914 3
      vertex 68.9142 156.086 3
    endloop
  endfacet
  facet normal 0 0 1
    outer loop
      vertex 111.086 113.914 3
      vertex 68.9142 113.914 3
      vertex 69.3478 113.265 3
    endloop
  endfacet
  facet normal -0 0 1
    outer loop
      vertex 68.2654 155.652 3
      vertex 68.9142 113.914 3
      vertex 68.9142 156.086 3
    endloop
  endfacet
  facet normal 0 0 1
    outer loop
      vertex 68.2654 155.652 3
      vertex 68.2654 114.348 3
      vertex 68.9142 113.914 3
    endloop
  endfacet
  facet normal -0 0 1
    outer loop
      vertex 67.5 155.5 3
      vertex 68.2654 114.348 3
      vertex 68.2654 155.652 3
    endloop
  endfacet
  facet normal 0 0 1
    outer loop
      vertex 67.5 155.5 3
      vertex 67.5 114.5 3
      vertex 68.2654 114.348 3
    endloop
  endfacet
  facet normal 0 0 1
    outer loop
      vertex 66.7346 155.652 3
      vertex 67.5 114.5 3
      vertex 67.5 155.5 3
    endloop
  endfacet
  facet normal 0 0 1
    outer loop
      vertex 66.7346 155.652 3
      vertex 66.7346 114.348 3
      vertex 67.5 114.5 3
    endloop
  endfacet
  facet normal 0 0 1
    outer loop
      vertex 66.0858 156.086 3
      vertex 66.7346 114.348 3
      vertex 66.7346 155.652 3
    endloop
  endfacet
  facet normal 0 0 1
    outer loop
      vertex 66.0858 156.086 3
      vertex 66.0858 113.914 3
      vertex 66.7346 114.348 3
    endloop
  endfacet
  facet normal 0 0 1
    outer loop
      vertex 24.3478 156.735 3
      vertex 65.6522 156.735 3
      vertex 24.5 157.5 3
    endloop
  endfacet
  facet normal 0 0 1
    outer loop
      vertex 65.6522 156.735 3
      vertex 24.3478 156.735 3
      vertex 66.0858 156.086 3
    endloop
  endfacet
  facet normal -0 0 1
    outer loop
      vertex 24.5 157.5 3
      vertex 65.6522 156.735 3
      vertex 65.5 157.5 3
    endloop
  endfacet
  facet normal 0 0 1
    outer loop
      vertex 23.9142 156.086 3
      vertex 66.0858 156.086 3
      vertex 24.3478 156.735 3
    endloop
  endfacet
  facet normal 0 0 1
    outer loop
      vertex 156.086 66.0858 3
      vertex 113.914 66.0858 3
      vertex 156.086 23.9142 3
    endloop
  endfacet
  facet normal 0 0 1
    outer loop
      vertex 156.086 23.9142 3
      vertex 114.348 23.2654 3
      vertex 114.5 22.5 3
    endloop
  endfacet
  facet normal 0 0 1
    outer loop
      vertex 113.914 23.9142 3
      vertex 156.086 23.9142 3
      vertex 113.914 66.0858 3
    endloop
  endfacet
  facet normal 0 0 1
    outer loop
      vertex 156.086 23.9142 3
      vertex 113.914 23.9142 3
      vertex 114.348 23.2654 3
    endloop
  endfacet
  facet normal -0 0 1
    outer loop
      vertex 113.265 65.6522 3
      vertex 113.914 23.9142 3
      vertex 113.914 66.0858 3
    endloop
  endfacet
  facet normal 0 0 1
    outer loop
      vertex 113.265 65.6522 3
      vertex 113.265 24.3478 3
      vertex 113.914 23.9142 3
    endloop
  endfacet
  facet normal -0 0 1
    outer loop
      vertex 112.5 65.5 3
      vertex 113.265 24.3478 3
      vertex 113.265 65.6522 3
    endloop
  endfacet
  facet normal 0 0 1
    outer loop
      vertex 112.5 65.5 3
      vertex 112.5 24.5 3
      vertex 113.265 24.3478 3
    endloop
  endfacet
  facet normal 0 0 1
    outer loop
      vertex 111.735 65.6522 3
      vertex 112.5 24.5 3
      vertex 112.5 65.5 3
    endloop
  endfacet
  facet normal 0 0 1
    outer loop
      vertex 111.735 65.6522 3
      vertex 111.735 24.3478 3
      vertex 112.5 24.5 3
    endloop
  endfacet
  facet normal 0 0 1
    outer loop
      vertex 111.086 66.0858 3
      vertex 111.735 24.3478 3
      vertex 111.735 65.6522 3
    endloop
  endfacet
  facet normal 0 0 1
    outer loop
      vertex 111.086 66.0858 3
      vertex 111.086 23.9142 3
      vertex 111.735 24.3478 3
    endloop
  endfacet
  facet normal 0 0 1
    outer loop
      vertex 69.3478 66.7346 3
      vertex 110.652 66.7346 3
      vertex 69.5 67.5 3
    endloop
  endfacet
  facet normal 0 0 1
    outer loop
      vertex 110.652 66.7346 3
      vertex 69.3478 66.7346 3
      vertex 111.086 66.0858 3
    endloop
  endfacet
  facet normal -0 0 1
    outer loop
      vertex 69.5 67.5 3
      vertex 110.652 66.7346 3
      vertex 110.5 67.5 3
    endloop
  endfacet
  facet normal 0 0 1
    outer loop
      vertex 68.9142 66.0858 3
      vertex 111.086 66.0858 3
      vertex 69.3478 66.7346 3
    endloop
  endfacet
  facet normal 0 0 1
    outer loop
      vertex 156.086 111.086 3
      vertex 113.914 111.086 3
      vertex 156.086 68.9142 3
    endloop
  endfacet
  facet normal 0 0 1
    outer loop
      vertex 156.086 68.9142 3
      vertex 114.348 68.2654 3
      vertex 114.5 67.5 3
    endloop
  endfacet
  facet normal 0 0 1
    outer loop
      vertex 113.914 68.9142 3
      vertex 156.086 68.9142 3
      vertex 113.914 111.086 3
    endloop
  endfacet
  facet normal 0 0 1
    outer loop
      vertex 156.086 68.9142 3
      vertex 113.914 68.9142 3
      vertex 114.348 68.2654 3
    endloop
  endfacet
  facet normal -0 0 1
    outer loop
      vertex 113.265 110.652 3
      vertex 113.914 68.9142 3
      vertex 113.914 111.086 3
    endloop
  endfacet
  facet normal 0 0 1
    outer loop
      vertex 113.265 110.652 3
      vertex 113.265 69.3478 3
      vertex 113.914 68.9142 3
    endloop
  endfacet
  facet normal -0 0 1
    outer loop
      vertex 112.5 110.5 3
      vertex 113.265 69.3478 3
      vertex 113.265 110.652 3
    endloop
  endfacet
  facet normal 0 0 1
    outer loop
      vertex 112.5 110.5 3
      vertex 112.5 69.5 3
      vertex 113.265 69.3478 3
    endloop
  endfacet
  facet normal 0 0 1
    outer loop
      vertex 111.735 110.652 3
      vertex 112.5 69.5 3
      vertex 112.5 110.5 3
    endloop
  endfacet
  facet normal 0 0 1
    outer loop
      vertex 111.735 110.652 3
      vertex 111.735 69.3478 3
      vertex 112.5 69.5 3
    endloop
  endfacet
  facet normal 0 0 1
    outer loop
      vertex 111.086 111.086 3
      vertex 111.735 69.3478 3
      vertex 111.735 110.652 3
    endloop
  endfacet
  facet normal 0 0 1
    outer loop
      vertex 111.086 111.086 3
      vertex 111.086 68.9142 3
      vertex 111.735 69.3478 3
    endloop
  endfacet
  facet normal 0 0 1
    outer loop
      vertex 69.3478 111.735 3
      vertex 110.652 111.735 3
      vertex 69.5 112.5 3
    endloop
  endfacet
  facet normal 0 0 1
    outer loop
      vertex 110.652 111.735 3
      vertex 69.3478 111.735 3
      vertex 111.086 111.086 3
    endloop
  endfacet
  facet normal -0 0 1
    outer loop
      vertex 69.5 112.5 3
      vertex 110.652 111.735 3
      vertex 110.5 112.5 3
    endloop
  endfacet
  facet normal 0 0 1
    outer loop
      vertex 68.9142 111.086 3
      vertex 111.086 111.086 3
      vertex 69.3478 111.735 3
    endloop
  endfacet
  facet normal 0 0 1
    outer loop
      vertex 156.086 156.086 3
      vertex 113.914 156.086 3
      vertex 156.086 113.914 3
    endloop
  endfacet
  facet normal 0 0 1
    outer loop
      vertex 156.086 113.914 3
      vertex 114.348 113.265 3
      vertex 114.5 112.5 3
    endloop
  endfacet
  facet normal 0 0 1
    outer loop
      vertex 113.914 113.914 3
      vertex 156.086 113.914 3
      vertex 113.914 156.086 3
    endloop
  endfacet
  facet normal 0 0 1
    outer loop
      vertex 156.086 113.914 3
      vertex 113.914 113.914 3
      vertex 114.348 113.265 3
    endloop
  endfacet
  facet normal -0 0 1
    outer loop
      vertex 113.265 155.652 3
      vertex 113.914 113.914 3
      vertex 113.914 156.086 3
    endloop
  endfacet
  facet normal 0 0 1
    outer loop
      vertex 113.265 155.652 3
      vertex 113.265 114.348 3
      vertex 113.914 113.914 3
    endloop
  endfacet
  facet normal -0 0 1
    outer loop
      vertex 112.5 155.5 3
      vertex 113.265 114.348 3
      vertex 113.265 155.652 3
    endloop
  endfacet
  facet normal 0 0 1
    outer loop
      vertex 112.5 155.5 3
      vertex 112.5 114.5 3
      vertex 113.265 114.348 3
    endloop
  endfacet
  facet normal 0 0 1
    outer loop
      vertex 111.735 155.652 3
      vertex 112.5 114.5 3
      vertex 112.5 155.5 3
    endloop
  endfacet
  facet normal 0 0 1
    outer loop
      vertex 111.735 155.652 3
      vertex 111.735 114.348 3
      vertex 112.5 114.5 3
    endloop
  endfacet
  facet normal 0 0 1
    outer loop
      vertex 111.086 156.086 3
      vertex 111.735 114.348 3
      vertex 111.735 155.652 3
    endloop
  endfacet
  facet normal 0 0 1
    outer loop
      vertex 111.086 156.086 3
      vertex 111.086 113.914 3
      vertex 111.735 114.348 3
    endloop
  endfacet
  facet normal 0 0 1
    outer loop
      vertex 69.3478 156.735 3
      vertex 110.652 156.735 3
      vertex 69.5 157.5 3
    endloop
  endfacet
  facet normal 0 0 1
    outer loop
      vertex 110.652 156.735 3
      vertex 69.3478 156.735 3
      vertex 111.086 156.086 3
    endloop
  endfacet
  facet normal -0 0 1
    outer loop
      vertex 69.5 157.5 3
      vertex 110.652 156.735 3
      vertex 110.5 157.5 3
    endloop
  endfacet
  facet normal 0 0 1
    outer loop
      vertex 68.9142 156.086 3
      vertex 111.086 156.086 3
      vertex 69.3478 156.735 3
    endloop
  endfacet
  facet normal 0 0 1
    outer loop
      vertex 172.5 56.5 3
      vertex 158.265 65.6522 3
      vertex 172.5 52.5 3
    endloop
  endfacet
  facet normal 0 0 1
    outer loop
      vertex 172.5 46.5 3
      vertex 159.348 23.2654 3
      vertex 159.5 22.5 3
    endloop
  endfacet
  facet normal -0 0 1
    outer loop
      vertex 157.5 65.5 3
      vertex 172.5 52.5 3
      vertex 158.265 65.6522 3
    endloop
  endfacet
  facet normal 0 0 1
    outer loop
      vertex 172.5 46.5 3
      vertex 158.914 23.9142 3
      vertex 159.348 23.2654 3
    endloop
  endfacet
  facet normal 0 0 1
    outer loop
      vertex 172.5 52.5 3
      vertex 157.5 65.5 3
      vertex 172.5 46.5 3
    endloop
  endfacet
  facet normal 0 0 1
    outer loop
      vertex 172.5 46.5 3
      vertex 158.265 24.3478 3
      vertex 158.914 23.9142 3
    endloop
  endfacet
  facet normal 0 0 1
    outer loop
      vertex 156.735 65.6522 3
      vertex 172.5 46.5 3
      vertex 157.5 65.5 3
    endloop
  endfacet
  facet normal 0 0 1
    outer loop
      vertex 172.5 46.5 3
      vertex 157.5 24.5 3
      vertex 158.265 24.3478 3
    endloop
  endfacet
  facet normal 0 0 1
    outer loop
      vertex 156.735 24.3478 3
      vertex 172.5 46.5 3
      vertex 156.735 65.6522 3
    endloop
  endfacet
  facet normal 0 0 1
    outer loop
      vertex 172.5 46.5 3
      vertex 156.735 24.3478 3
      vertex 157.5 24.5 3
    endloop
  endfacet
  facet normal 0 0 1
    outer loop
      vertex 156.086 66.0858 3
      vertex 156.735 24.3478 3
      vertex 156.735 65.6522 3
    endloop
  endfacet
  facet normal 0 0 1
    outer loop
      vertex 156.086 66.0858 3
      vertex 156.086 23.9142 3
      vertex 156.735 24.3478 3
    endloop
  endfacet
  facet normal 0 0 1
    outer loop
      vertex 114.348 66.7346 3
      vertex 155.652 66.7346 3
      vertex 114.5 67.5 3
    endloop
  endfacet
  facet normal 0 0 1
    outer loop
      vertex 155.652 66.7346 3
      vertex 114.348 66.7346 3
      vertex 156.086 66.0858 3
    endloop
  endfacet
  facet normal -0 0 1
    outer loop
      vertex 114.5 67.5 3
      vertex 155.652 66.7346 3
      vertex 155.5 67.5 3
    endloop
  endfacet
  facet normal 0 0 1
    outer loop
      vertex 113.914 66.0858 3
      vertex 156.086 66.0858 3
      vertex 114.348 66.7346 3
    endloop
  endfacet
  facet normal 0 0 1
    outer loop
      vertex 172.5 102.5 3
      vertex 158.265 110.652 3
      vertex 172.5 96.5 3
    endloop
  endfacet
  facet normal 0 0 1
    outer loop
      vertex 172.5 92.5 3
      vertex 159.348 68.2654 3
      vertex 159.5 67.5 3
    endloop
  endfacet
  facet normal -0 0 1
    outer loop
      vertex 157.5 110.5 3
      vertex 172.5 96.5 3
      vertex 158.265 110.652 3
    endloop
  endfacet
  facet normal 0 0 1
    outer loop
      vertex 172.5 92.5 3
      vertex 158.914 68.9142 3
      vertex 159.348 68.2654 3
    endloop
  endfacet
  facet normal 0 0 1
    outer loop
      vertex 172.5 96.5 3
      vertex 157.5 110.5 3
      vertex 172.5 92.5 3
    endloop
  endfacet
  facet normal 0 0 1
    outer loop
      vertex 172.5 92.5 3
      vertex 158.265 69.3478 3
      vertex 158.914 68.9142 3
    endloop
  endfacet
  facet normal 0 0 1
    outer loop
      vertex 156.735 110.652 3
      vertex 172.5 92.5 3
      vertex 157.5 110.5 3
    endloop
  endfacet
  facet normal 0 0 1
    outer loop
      vertex 172.5 92.5 3
      vertex 157.5 69.5 3
      vertex 158.265 69.3478 3
    endloop
  endfacet
  facet normal 0 0 1
    outer loop
      vertex 156.735 69.3478 3
      vertex 172.5 92.5 3
      vertex 156.735 110.652 3
    endloop
  endfacet
  facet normal 0 0 1
    outer loop
      vertex 172.5 92.5 3
      vertex 156.735 69.3478 3
      vertex 157.5 69.5 3
    endloop
  endfacet
  facet normal 0 0 1
    outer loop
      vertex 156.086 111.086 3
      vertex 156.735 69.3478 3
      vertex 156.735 110.652 3
    endloop
  endfacet
  facet normal 0 0 1
    outer loop
      vertex 156.086 111.086 3
      vertex 156.086 68.9142 3
      vertex 156.735 69.3478 3
    endloop
  endfacet
  facet normal 0 0 1
    outer loop
      vertex 114.348 111.735 3
      vertex 155.652 111.735 3
      vertex 114.5 112.5 3
    endloop
  endfacet
  facet normal 0 0 1
    outer loop
      vertex 155.652 111.735 3
      vertex 114.348 111.735 3
      vertex 156.086 111.086 3
    endloop
  endfacet
  facet normal -0 0 1
    outer loop
      vertex 114.5 112.5 3
      vertex 155.652 111.735 3
      vertex 155.5 112.5 3
    endloop
  endfacet
  facet normal 0 0 1
    outer loop
      vertex 113.914 111.086 3
      vertex 156.086 111.086 3
      vertex 114.348 111.735 3
    endloop
  endfacet
  facet normal 0 0 1
    outer loop
      vertex 172.5 146.5 3
      vertex 158.265 155.652 3
      vertex 172.5 142.5 3
    endloop
  endfacet
  facet normal 0 0 1
    outer loop
      vertex 172.5 136.5 3
      vertex 159.348 113.265 3
      vertex 159.5 112.5 3
    endloop
  endfacet
  facet normal -0 0 1
    outer loop
      vertex 157.5 155.5 3
      vertex 172.5 142.5 3
      vertex 158.265 155.652 3
    endloop
  endfacet
  facet normal 0 0 1
    outer loop
      vertex 172.5 136.5 3
      vertex 158.914 113.914 3
      vertex 159.348 113.265 3
    endloop
  endfacet
  facet normal 0 0 1
    outer loop
      vertex 172.5 142.5 3
      vertex 157.5 155.5 3
      vertex 172.5 136.5 3
    endloop
  endfacet
  facet normal 0 0 1
    outer loop
      vertex 172.5 136.5 3
      vertex 158.265 114.348 3
      vertex 158.914 113.914 3
    endloop
  endfacet
  facet normal 0 0 1
    outer loop
      vertex 156.735 155.652 3
      vertex 172.5 136.5 3
      vertex 157.5 155.5 3
    endloop
  endfacet
  facet normal 0 0 1
    outer loop
      vertex 172.5 136.5 3
      vertex 157.5 114.5 3
      vertex 158.265 114.348 3
    endloop
  endfacet
  facet normal 0 0 1
    outer loop
      vertex 156.735 114.348 3
      vertex 172.5 136.5 3
      vertex 156.735 155.652 3
    endloop
  endfacet
  facet normal 0 0 1
    outer loop
      vertex 172.5 136.5 3
      vertex 156.735 114.348 3
      vertex 157.5 114.5 3
    endloop
  endfacet
  facet normal 0 0 1
    outer loop
      vertex 156.086 156.086 3
      vertex 156.735 114.348 3
      vertex 156.735 155.652 3
    endloop
  endfacet
  facet normal 0 0 1
    outer loop
      vertex 156.086 156.086 3
      vertex 156.086 113.914 3
      vertex 156.735 114.348 3
    endloop
  endfacet
  facet normal 0 0 1
    outer loop
      vertex 114.348 156.735 3
      vertex 155.652 156.735 3
      vertex 114.5 157.5 3
    endloop
  endfacet
  facet normal 0 0 1
    outer loop
      vertex 155.652 156.735 3
      vertex 114.348 156.735 3
      vertex 156.086 156.086 3
    endloop
  endfacet
  facet normal -0 0 1
    outer loop
      vertex 114.5 157.5 3
      vertex 155.652 156.735 3
      vertex 155.5 157.5 3
    endloop
  endfacet
  facet normal 0 0 1
    outer loop
      vertex 113.914 156.086 3
      vertex 156.086 156.086 3
      vertex 114.348 156.735 3
    endloop
  endfacet
  facet normal 0 0 1
    outer loop
      vertex 172.5 66.5 3
      vertex 200.5 67.5 3
      vertex 172.5 72.5 3
    endloop
  endfacet
  facet normal 0 0 1
    outer loop
      vertex 200.5 67.5 3
      vertex 172.5 66.5 3
      vertex 200.652 66.7346 3
    endloop
  endfacet
  facet normal 0 0 1
    outer loop
      vertex 200.652 66.7346 3
      vertex 172.5 66.5 3
      vertex 200.809 66.5 3
    endloop
  endfacet
  facet normal -0 0 1
    outer loop
      vertex 172.5 32.5 3
      vertex 218.5 26.5 3
      vertex 218.5 32.5 3
    endloop
  endfacet
  facet normal 0 0 1
    outer loop
      vertex 218.5 26.5 3
      vertex 172.5 32.5 3
      vertex 172.5 26.5 3
    endloop
  endfacet
  facet normal -0 0 1
    outer loop
      vertex 172.5 42.5 3
      vertex 218.5 36.5 3
      vertex 218.5 42.5 3
    endloop
  endfacet
  facet normal 0 0 1
    outer loop
      vertex 218.5 36.5 3
      vertex 172.5 42.5 3
      vertex 172.5 36.5 3
    endloop
  endfacet
  facet normal -0 0 1
    outer loop
      vertex 172.5 52.5 3
      vertex 218.5 46.5 3
      vertex 218.5 52.5 3
    endloop
  endfacet
  facet normal 0 0 1
    outer loop
      vertex 218.5 46.5 3
      vertex 172.5 52.5 3
      vertex 172.5 46.5 3
    endloop
  endfacet
  facet normal -0 0 1
    outer loop
      vertex 172.5 62.5 3
      vertex 218.5 56.5 3
      vertex 218.5 62.5 3
    endloop
  endfacet
  facet normal 0 0 1
    outer loop
      vertex 218.5 56.5 3
      vertex 172.5 62.5 3
      vertex 172.5 56.5 3
    endloop
  endfacet
  facet normal -0 0 1
    outer loop
      vertex 204.348 68.2654 3
      vertex 218.5 66.5 3
      vertex 218.5 72.5 3
    endloop
  endfacet
  facet normal 0 0 1
    outer loop
      vertex 218.5 66.5 3
      vertex 204.348 68.2654 3
      vertex 204.5 67.5 3
    endloop
  endfacet
  facet normal 0 0 1
    outer loop
      vertex 218.5 72.5 3
      vertex 203.914 68.9142 3
      vertex 204.348 68.2654 3
    endloop
  endfacet
  facet normal 0 0 1
    outer loop
      vertex 218.5 72.5 3
      vertex 203.265 69.3478 3
      vertex 203.914 68.9142 3
    endloop
  endfacet
  facet normal 0 0 1
    outer loop
      vertex 218.5 72.5 3
      vertex 202.5 69.5 3
      vertex 203.265 69.3478 3
    endloop
  endfacet
  facet normal 0 0 1
    outer loop
      vertex 200.652 68.2654 3
      vertex 172.5 72.5 3
      vertex 200.5 67.5 3
    endloop
  endfacet
  facet normal 0 0 1
    outer loop
      vertex 201.086 68.9142 3
      vertex 172.5 72.5 3
      vertex 200.652 68.2654 3
    endloop
  endfacet
  facet normal 0 0 1
    outer loop
      vertex 201.735 69.3478 3
      vertex 172.5 72.5 3
      vertex 201.086 68.9142 3
    endloop
  endfacet
  facet normal 0 0 1
    outer loop
      vertex 202.5 69.5 3
      vertex 172.5 72.5 3
      vertex 201.735 69.3478 3
    endloop
  endfacet
  facet normal -0 0 1
    outer loop
      vertex 172.5 72.5 3
      vertex 202.5 69.5 3
      vertex 218.5 72.5 3
    endloop
  endfacet
  facet normal -0 0 1
    outer loop
      vertex 172.5 82.5 3
      vertex 218.5 76.5 3
      vertex 218.5 82.5 3
    endloop
  endfacet
  facet normal 0 0 1
    outer loop
      vertex 218.5 76.5 3
      vertex 172.5 82.5 3
      vertex 172.5 76.5 3
    endloop
  endfacet
  facet normal -0 0 1
    outer loop
      vertex 172.5 92.5 3
      vertex 218.5 86.5 3
      vertex 218.5 92.5 3
    endloop
  endfacet
  facet normal 0 0 1
    outer loop
      vertex 218.5 86.5 3
      vertex 172.5 92.5 3
      vertex 172.5 86.5 3
    endloop
  endfacet
  facet normal -0 0 1
    outer loop
      vertex 172.5 102.5 3
      vertex 218.5 96.5 3
      vertex 218.5 102.5 3
    endloop
  endfacet
  facet normal 0 0 1
    outer loop
      vertex 218.5 96.5 3
      vertex 172.5 102.5 3
      vertex 172.5 96.5 3
    endloop
  endfacet
  facet normal 0 0 1
    outer loop
      vertex 204.348 111.735 3
      vertex 218.5 112.5 3
      vertex 204.5 112.5 3
    endloop
  endfacet
  facet normal 0 0 1
    outer loop
      vertex 218.5 112.5 3
      vertex 204.348 111.735 3
      vertex 218.5 106.5 3
    endloop
  endfacet
  facet normal -0 0 1
    outer loop
      vertex 203.914 111.086 3
      vertex 218.5 106.5 3
      vertex 204.348 111.735 3
    endloop
  endfacet
  facet normal -0 0 1
    outer loop
      vertex 203.265 110.652 3
      vertex 218.5 106.5 3
      vertex 203.914 111.086 3
    endloop
  endfacet
  facet normal -0 0 1
    outer loop
      vertex 202.5 110.5 3
      vertex 218.5 106.5 3
      vertex 203.265 110.652 3
    endloop
  endfacet
  facet normal 0 0 1
    outer loop
      vertex 172.5 106.5 3
      vertex 202.5 110.5 3
      vertex 201.735 110.652 3
    endloop
  endfacet
  facet normal 0 0 1
    outer loop
      vertex 172.5 106.5 3
      vertex 200.5 112.5 3
      vertex 172.5 112.5 3
    endloop
  endfacet
  facet normal 0 0 1
    outer loop
      vertex 200.5 112.5 3
      vertex 172.5 106.5 3
      vertex 200.652 111.735 3
    endloop
  endfacet
  facet normal 0 0 1
    outer loop
      vertex 200.652 111.735 3
      vertex 172.5 106.5 3
      vertex 201.086 111.086 3
    endloop
  endfacet
  facet normal 0 0 1
    outer loop
      vertex 201.086 111.086 3
      vertex 172.5 106.5 3
      vertex 201.735 110.652 3
    endloop
  endfacet
  facet normal 0 0 1
    outer loop
      vertex 202.5 110.5 3
      vertex 172.5 106.5 3
      vertex 218.5 106.5 3
    endloop
  endfacet
  facet normal -0 0 1
    outer loop
      vertex 172.5 122.5 3
      vertex 218.5 116.5 3
      vertex 218.5 122.5 3
    endloop
  endfacet
  facet normal 0 0 1
    outer loop
      vertex 218.5 116.5 3
      vertex 172.5 122.5 3
      vertex 172.5 116.5 3
    endloop
  endfacet
  facet normal -0 0 1
    outer loop
      vertex 172.5 132.5 3
      vertex 218.5 126.5 3
      vertex 218.5 132.5 3
    endloop
  endfacet
  facet normal 0 0 1
    outer loop
      vertex 218.5 126.5 3
      vertex 172.5 132.5 3
      vertex 172.5 126.5 3
    endloop
  endfacet
  facet normal -0 0 1
    outer loop
      vertex 172.5 142.5 3
      vertex 218.5 136.5 3
      vertex 218.5 142.5 3
    endloop
  endfacet
  facet normal 0 0 1
    outer loop
      vertex 218.5 136.5 3
      vertex 172.5 142.5 3
      vertex 172.5 136.5 3
    endloop
  endfacet
  facet normal -0 0 1
    outer loop
      vertex 172.5 152.5 3
      vertex 218.5 146.5 3
      vertex 218.5 152.5 3
    endloop
  endfacet
  facet normal 0 0 1
    outer loop
      vertex 218.5 146.5 3
      vertex 172.5 152.5 3
      vertex 172.5 146.5 3
    endloop
  endfacet
  facet normal -0 0 1
    outer loop
      vertex 204.348 158.265 3
      vertex 218.5 156.5 3
      vertex 218.5 162.5 3
    endloop
  endfacet
  facet normal 0 0 1
    outer loop
      vertex 218.5 156.5 3
      vertex 204.348 158.265 3
      vertex 204.5 157.5 3
    endloop
  endfacet
  facet normal 0 0 1
    outer loop
      vertex 218.5 162.5 3
      vertex 203.914 158.914 3
      vertex 204.348 158.265 3
    endloop
  endfacet
  facet normal 0 0 1
    outer loop
      vertex 218.5 162.5 3
      vertex 203.265 159.348 3
      vertex 203.914 158.914 3
    endloop
  endfacet
  facet normal 0 0 1
    outer loop
      vertex 218.5 162.5 3
      vertex 202.5 159.5 3
      vertex 203.265 159.348 3
    endloop
  endfacet
  facet normal 0 0 1
    outer loop
      vertex 200.652 158.265 3
      vertex 172.5 162.5 3
      vertex 200.5 157.5 3
    endloop
  endfacet
  facet normal 0 0 1
    outer loop
      vertex 201.086 158.914 3
      vertex 172.5 162.5 3
      vertex 200.652 158.265 3
    endloop
  endfacet
  facet normal 0 0 1
    outer loop
      vertex 201.735 159.348 3
      vertex 172.5 162.5 3
      vertex 201.086 158.914 3
    endloop
  endfacet
  facet normal 0 0 1
    outer loop
      vertex 202.5 159.5 3
      vertex 172.5 162.5 3
      vertex 201.735 159.348 3
    endloop
  endfacet
  facet normal -0 0 1
    outer loop
      vertex 172.5 162.5 3
      vertex 202.5 159.5 3
      vertex 218.5 162.5 3
    endloop
  endfacet
  facet normal 0 0 1
    outer loop
      vertex 218.5 162.5 3
      vertex 258.5 186.5 3
      vertex 218.5 166.5 3
    endloop
  endfacet
  facet normal 0 0 1
    outer loop
      vertex 258.5 186.5 3
      vertex 172.5 166.5 3
      vertex 218.5 166.5 3
    endloop
  endfacet
  facet normal 0 0 1
    outer loop
      vertex 158.914 158.914 3
      vertex 172.5 162.5 3
      vertex 172.5 166.5 3
    endloop
  endfacet
  facet normal 0 0 1
    outer loop
      vertex 172.5 162.5 3
      vertex 159.348 158.265 3
      vertex 172.5 156.5 3
    endloop
  endfacet
  facet normal -0 0 1
    outer loop
      vertex 159.348 156.735 3
      vertex 172.5 156.5 3
      vertex 159.5 157.5 3
    endloop
  endfacet
  facet normal 0 0 1
    outer loop
      vertex 172.5 156.5 3
      vertex 159.348 156.735 3
      vertex 172.5 152.5 3
    endloop
  endfacet
  facet normal -0 0 1
    outer loop
      vertex 158.914 156.086 3
      vertex 172.5 152.5 3
      vertex 159.348 156.735 3
    endloop
  endfacet
  facet normal 0 0 1
    outer loop
      vertex 172.5 152.5 3
      vertex 158.914 156.086 3
      vertex 172.5 146.5 3
    endloop
  endfacet
  facet normal -0 0 1
    outer loop
      vertex 158.265 155.652 3
      vertex 172.5 146.5 3
      vertex 158.914 156.086 3
    endloop
  endfacet
  facet normal 0 0 1
    outer loop
      vertex 172.5 136.5 3
      vertex 159.5 112.5 3
      vertex 172.5 132.5 3
    endloop
  endfacet
  facet normal 0 0 1
    outer loop
      vertex 172.5 132.5 3
      vertex 159.5 112.5 3
      vertex 172.5 126.5 3
    endloop
  endfacet
  facet normal 0 0 1
    outer loop
      vertex 172.5 126.5 3
      vertex 159.5 112.5 3
      vertex 172.5 122.5 3
    endloop
  endfacet
  facet normal 0 0 1
    outer loop
      vertex 172.5 122.5 3
      vertex 159.5 112.5 3
      vertex 172.5 116.5 3
    endloop
  endfacet
  facet normal 0 0 1
    outer loop
      vertex 172.5 116.5 3
      vertex 159.5 112.5 3
      vertex 172.5 112.5 3
    endloop
  endfacet
  facet normal 0 0 1
    outer loop
      vertex 172.5 112.5 3
      vertex 159.348 111.735 3
      vertex 172.5 106.5 3
    endloop
  endfacet
  facet normal -0 0 1
    outer loop
      vertex 158.914 111.086 3
      vertex 172.5 106.5 3
      vertex 159.348 111.735 3
    endloop
  endfacet
  facet normal 0 0 1
    outer loop
      vertex 172.5 106.5 3
      vertex 158.914 111.086 3
      vertex 172.5 102.5 3
    endloop
  endfacet
  facet normal -0 0 1
    outer loop
      vertex 158.265 110.652 3
      vertex 172.5 102.5 3
      vertex 158.914 111.086 3
    endloop
  endfacet
  facet normal 0 0 1
    outer loop
      vertex 172.5 92.5 3
      vertex 159.5 67.5 3
      vertex 172.5 86.5 3
    endloop
  endfacet
  facet normal 0 0 1
    outer loop
      vertex 172.5 86.5 3
      vertex 159.5 67.5 3
      vertex 172.5 82.5 3
    endloop
  endfacet
  facet normal 0 0 1
    outer loop
      vertex 172.5 82.5 3
      vertex 159.5 67.5 3
      vertex 172.5 76.5 3
    endloop
  endfacet
  facet normal 0 0 1
    outer loop
      vertex 172.5 76.5 3
      vertex 159.5 67.5 3
      vertex 172.5 72.5 3
    endloop
  endfacet
  facet normal 0 0 1
    outer loop
      vertex 172.5 72.5 3
      vertex 159.5 67.5 3
      vertex 172.5 66.5 3
    endloop
  endfacet
  facet normal -0 0 1
    outer loop
      vertex 159.348 66.7346 3
      vertex 172.5 66.5 3
      vertex 159.5 67.5 3
    endloop
  endfacet
  facet normal 0 0 1
    outer loop
      vertex 172.5 66.5 3
      vertex 159.348 66.7346 3
      vertex 172.5 62.5 3
    endloop
  endfacet
  facet normal -0 0 1
    outer loop
      vertex 158.914 66.0858 3
      vertex 172.5 62.5 3
      vertex 159.348 66.7346 3
    endloop
  endfacet
  facet normal 0 0 1
    outer loop
      vertex 172.5 62.5 3
      vertex 158.914 66.0858 3
      vertex 172.5 56.5 3
    endloop
  endfacet
  facet normal -0 0 1
    outer loop
      vertex 158.265 65.6522 3
      vertex 172.5 56.5 3
      vertex 158.914 66.0858 3
    endloop
  endfacet
  facet normal 0 0 1
    outer loop
      vertex 172.5 46.5 3
      vertex 159.5 22.5 3
      vertex 172.5 42.5 3
    endloop
  endfacet
  facet normal 0 0 1
    outer loop
      vertex 172.5 42.5 3
      vertex 159.5 22.5 3
      vertex 172.5 36.5 3
    endloop
  endfacet
  facet normal 0 0 1
    outer loop
      vertex 159.348 111.735 3
      vertex 172.5 112.5 3
      vertex 159.5 112.5 3
    endloop
  endfacet
  facet normal 0 0 1
    outer loop
      vertex 172.5 156.5 3
      vertex 159.348 158.265 3
      vertex 159.5 157.5 3
    endloop
  endfacet
  facet normal 0 0 1
    outer loop
      vertex 172.5 162.5 3
      vertex 158.914 158.914 3
      vertex 159.348 158.265 3
    endloop
  endfacet
  facet normal 0 0 1
    outer loop
      vertex 172.5 166.5 3
      vertex 158.265 159.348 3
      vertex 158.914 158.914 3
    endloop
  endfacet
  facet normal 0 0 1
    outer loop
      vertex 172.5 166.5 3
      vertex 157.5 159.5 3
      vertex 158.265 159.348 3
    endloop
  endfacet
  facet normal 0 0 1
    outer loop
      vertex 172.5 166.5 3
      vertex 156.735 159.348 3
      vertex 157.5 159.5 3
    endloop
  endfacet
  facet normal 0 0 1
    outer loop
      vertex 155.652 113.265 3
      vertex 114.5 112.5 3
      vertex 155.5 112.5 3
    endloop
  endfacet
  facet normal 0 0 1
    outer loop
      vertex 156.086 68.9142 3
      vertex 114.5 67.5 3
      vertex 155.652 68.2654 3
    endloop
  endfacet
  facet normal 0 0 1
    outer loop
      vertex 156.086 113.914 3
      vertex 114.5 112.5 3
      vertex 155.652 113.265 3
    endloop
  endfacet
  facet normal 0 0 1
    outer loop
      vertex 155.652 158.265 3
      vertex 114.5 157.5 3
      vertex 155.5 157.5 3
    endloop
  endfacet
  facet normal 0 0 1
    outer loop
      vertex 114.348 158.265 3
      vertex 155.652 158.265 3
      vertex 156.086 158.914 3
    endloop
  endfacet
  facet normal 0 0 1
    outer loop
      vertex 113.914 158.914 3
      vertex 156.086 158.914 3
      vertex 156.735 159.348 3
    endloop
  endfacet
  facet normal 0 0 1
    outer loop
      vertex 113.265 159.348 3
      vertex 156.735 159.348 3
      vertex 172.5 166.5 3
    endloop
  endfacet
  facet normal -0 0 1
    outer loop
      vertex 2.5 186.5 3
      vertex 172.5 166.5 3
      vertex 258.5 186.5 3
    endloop
  endfacet
  facet normal 0 0 1
    outer loop
      vertex 155.652 158.265 3
      vertex 114.348 158.265 3
      vertex 114.5 157.5 3
    endloop
  endfacet
  facet normal 0 0 1
    outer loop
      vertex 156.086 158.914 3
      vertex 113.914 158.914 3
      vertex 114.348 158.265 3
    endloop
  endfacet
  facet normal 0 0 1
    outer loop
      vertex 156.735 159.348 3
      vertex 113.265 159.348 3
      vertex 113.914 158.914 3
    endloop
  endfacet
  facet normal 0 0 1
    outer loop
      vertex 172.5 166.5 3
      vertex 112.5 159.5 3
      vertex 113.265 159.348 3
    endloop
  endfacet
  facet normal 0 0 1
    outer loop
      vertex 110.652 113.265 3
      vertex 69.5 112.5 3
      vertex 110.5 112.5 3
    endloop
  endfacet
  facet normal 0 0 1
    outer loop
      vertex 111.086 68.9142 3
      vertex 69.5 67.5 3
      vertex 110.652 68.2654 3
    endloop
  endfacet
  facet normal 0 0 1
    outer loop
      vertex 111.086 113.914 3
      vertex 69.5 112.5 3
      vertex 110.652 113.265 3
    endloop
  endfacet
  facet normal 0 0 1
    outer loop
      vertex 110.652 158.265 3
      vertex 69.5 157.5 3
      vertex 110.5 157.5 3
    endloop
  endfacet
  facet normal 0 0 1
    outer loop
      vertex 69.3478 158.265 3
      vertex 110.652 158.265 3
      vertex 111.086 158.914 3
    endloop
  endfacet
  facet normal 0 0 1
    outer loop
      vertex 68.9142 158.914 3
      vertex 111.086 158.914 3
      vertex 111.735 159.348 3
    endloop
  endfacet
  facet normal 0 0 1
    outer loop
      vertex 68.2654 159.348 3
      vertex 111.735 159.348 3
      vertex 112.5 159.5 3
    endloop
  endfacet
  facet normal 0 0 1
    outer loop
      vertex 172.5 166.5 3
      vertex 2.5 186.5 3
      vertex 112.5 159.5 3
    endloop
  endfacet
  facet normal 0 0 1
    outer loop
      vertex 110.652 158.265 3
      vertex 69.3478 158.265 3
      vertex 69.5 157.5 3
    endloop
  endfacet
  facet normal 0 0 1
    outer loop
      vertex 111.086 158.914 3
      vertex 68.9142 158.914 3
      vertex 69.3478 158.265 3
    endloop
  endfacet
  facet normal 0 0 1
    outer loop
      vertex 111.735 159.348 3
      vertex 68.2654 159.348 3
      vertex 68.9142 158.914 3
    endloop
  endfacet
  facet normal 0 -0 1
    outer loop
      vertex 67.5 159.5 3
      vertex 112.5 159.5 3
      vertex 2.5 186.5 3
    endloop
  endfacet
  facet normal 0 0 1
    outer loop
      vertex 65.6522 113.265 3
      vertex 24.5 112.5 3
      vertex 65.5 112.5 3
    endloop
  endfacet
  facet normal 0 0 1
    outer loop
      vertex 66.0858 68.9142 3
      vertex 24.5 67.5 3
      vertex 65.6522 68.2654 3
    endloop
  endfacet
  facet normal 0 0 1
    outer loop
      vertex 66.0858 113.914 3
      vertex 24.5 112.5 3
      vertex 65.6522 113.265 3
    endloop
  endfacet
  facet normal 0 0 1
    outer loop
      vertex 65.6522 158.265 3
      vertex 24.5 157.5 3
      vertex 65.5 157.5 3
    endloop
  endfacet
  facet normal 0 0 1
    outer loop
      vertex 24.3478 158.265 3
      vertex 65.6522 158.265 3
      vertex 66.0858 158.914 3
    endloop
  endfacet
  facet normal 0 0 1
    outer loop
      vertex 23.9142 158.914 3
      vertex 66.0858 158.914 3
      vertex 66.7346 159.348 3
    endloop
  endfacet
  facet normal 0 0 1
    outer loop
      vertex 2.5 186.5 3
      vertex 66.7346 159.348 3
      vertex 67.5 159.5 3
    endloop
  endfacet
  facet normal 0 0 1
    outer loop
      vertex 112.5 159.5 3
      vertex 67.5 159.5 3
      vertex 68.2654 159.348 3
    endloop
  endfacet
  facet normal 0 0 1
    outer loop
      vertex 65.6522 158.265 3
      vertex 24.3478 158.265 3
      vertex 24.5 157.5 3
    endloop
  endfacet
  facet normal 0 0 1
    outer loop
      vertex 66.0858 158.914 3
      vertex 23.9142 158.914 3
      vertex 24.3478 158.265 3
    endloop
  endfacet
  facet normal 0 0 1
    outer loop
      vertex 66.7346 159.348 3
      vertex 2.5 186.5 3
      vertex 23.2654 159.348 3
    endloop
  endfacet
  facet normal 0 0 1
    outer loop
      vertex 66.7346 159.348 3
      vertex 23.2654 159.348 3
      vertex 23.9142 158.914 3
    endloop
  endfacet
  facet normal 0 0 1
    outer loop
      vertex 20.6522 113.265 3
      vertex 2.5 186.5 3
      vertex 20.5 112.5 3
    endloop
  endfacet
  facet normal 0 0 1
    outer loop
      vertex 2.5 2.5 3
      vertex 20.5 112.5 3
      vertex 2.5 186.5 3
    endloop
  endfacet
  facet normal 0 0 1
    outer loop
      vertex 20.5 112.5 3
      vertex 2.5 2.5 3
      vertex 20.5 67.5 3
    endloop
  endfacet
  facet normal 0 0 1
    outer loop
      vertex 20.6522 158.265 3
      vertex 2.5 186.5 3
      vertex 20.5 157.5 3
    endloop
  endfacet
  facet normal 0 0 1
    outer loop
      vertex 21.0858 158.914 3
      vertex 2.5 186.5 3
      vertex 20.6522 158.265 3
    endloop
  endfacet
  facet normal 0 0 1
    outer loop
      vertex 21.7346 159.348 3
      vertex 2.5 186.5 3
      vertex 21.0858 158.914 3
    endloop
  endfacet
  facet normal 0 0 1
    outer loop
      vertex 22.5 159.5 3
      vertex 2.5 186.5 3
      vertex 21.7346 159.348 3
    endloop
  endfacet
  facet normal 0 0 1
    outer loop
      vertex 23.2654 159.348 3
      vertex 2.5 186.5 3
      vertex 22.5 159.5 3
    endloop
  endfacet
  facet normal 0 0 1
    outer loop
      vertex 218.5 156.5 3
      vertex 258.5 186.5 3
      vertex 218.5 162.5 3
    endloop
  endfacet
  facet normal 0 0 1
    outer loop
      vertex 218.5 152.5 3
      vertex 258.5 186.5 3
      vertex 218.5 156.5 3
    endloop
  endfacet
  facet normal 0 0 1
    outer loop
      vertex 218.5 146.5 3
      vertex 258.5 186.5 3
      vertex 218.5 152.5 3
    endloop
  endfacet
  facet normal 0 0 1
    outer loop
      vertex 218.5 142.5 3
      vertex 258.5 186.5 3
      vertex 218.5 146.5 3
    endloop
  endfacet
  facet normal 0 0 1
    outer loop
      vertex 218.5 136.5 3
      vertex 258.5 186.5 3
      vertex 218.5 142.5 3
    endloop
  endfacet
  facet normal 0 0 1
    outer loop
      vertex 218.5 132.5 3
      vertex 258.5 186.5 3
      vertex 218.5 136.5 3
    endloop
  endfacet
  facet normal 0 0 1
    outer loop
      vertex 218.5 126.5 3
      vertex 258.5 186.5 3
      vertex 218.5 132.5 3
    endloop
  endfacet
  facet normal 0 0 1
    outer loop
      vertex 218.5 122.5 3
      vertex 258.5 186.5 3
      vertex 218.5 126.5 3
    endloop
  endfacet
  facet normal 0 0 1
    outer loop
      vertex 218.5 116.5 3
      vertex 258.5 186.5 3
      vertex 218.5 122.5 3
    endloop
  endfacet
  facet normal 0 0 1
    outer loop
      vertex 218.5 112.5 3
      vertex 258.5 186.5 3
      vertex 218.5 116.5 3
    endloop
  endfacet
  facet normal 0 0 1
    outer loop
      vertex 218.5 106.5 3
      vertex 258.5 186.5 3
      vertex 218.5 112.5 3
    endloop
  endfacet
  facet normal 0 0 1
    outer loop
      vertex 218.5 102.5 3
      vertex 258.5 186.5 3
      vertex 218.5 106.5 3
    endloop
  endfacet
  facet normal 0 0 1
    outer loop
      vertex 218.5 96.5 3
      vertex 258.5 186.5 3
      vertex 218.5 102.5 3
    endloop
  endfacet
  facet normal 0 0 1
    outer loop
      vertex 258.5 186.5 3
      vertex 218.5 96.5 3
      vertex 258.5 2.5 3
    endloop
  endfacet
  facet normal -0 0 1
    outer loop
      vertex 218.5 92.5 3
      vertex 258.5 2.5 3
      vertex 218.5 96.5 3
    endloop
  endfacet
  facet normal -0 0 1
    outer loop
      vertex 218.5 86.5 3
      vertex 258.5 2.5 3
      vertex 218.5 92.5 3
    endloop
  endfacet
  facet normal -0 0 1
    outer loop
      vertex 218.5 82.5 3
      vertex 258.5 2.5 3
      vertex 218.5 86.5 3
    endloop
  endfacet
  facet normal -0 0 1
    outer loop
      vertex 218.5 76.5 3
      vertex 258.5 2.5 3
      vertex 218.5 82.5 3
    endloop
  endfacet
  facet normal -0 0 1
    outer loop
      vertex 218.5 72.5 3
      vertex 258.5 2.5 3
      vertex 218.5 76.5 3
    endloop
  endfacet
  facet normal -0 0 1
    outer loop
      vertex 218.5 66.5 3
      vertex 258.5 2.5 3
      vertex 218.5 72.5 3
    endloop
  endfacet
  facet normal -0 0 1
    outer loop
      vertex 218.5 62.5 3
      vertex 258.5 2.5 3
      vertex 218.5 66.5 3
    endloop
  endfacet
  facet normal -0 0 1
    outer loop
      vertex 218.5 56.5 3
      vertex 258.5 2.5 3
      vertex 218.5 62.5 3
    endloop
  endfacet
  facet normal -0 0 1
    outer loop
      vertex 218.5 52.5 3
      vertex 258.5 2.5 3
      vertex 218.5 56.5 3
    endloop
  endfacet
  facet normal -0 0 1
    outer loop
      vertex 218.5 46.5 3
      vertex 258.5 2.5 3
      vertex 218.5 52.5 3
    endloop
  endfacet
  facet normal -0 0 1
    outer loop
      vertex 218.5 42.5 3
      vertex 258.5 2.5 3
      vertex 218.5 46.5 3
    endloop
  endfacet
  facet normal -0 0 1
    outer loop
      vertex 218.5 36.5 3
      vertex 258.5 2.5 3
      vertex 218.5 42.5 3
    endloop
  endfacet
  facet normal -0 0 1
    outer loop
      vertex 218.5 32.5 3
      vertex 258.5 2.5 3
      vertex 218.5 36.5 3
    endloop
  endfacet
  facet normal -0 0 1
    outer loop
      vertex 218.5 26.5 3
      vertex 258.5 2.5 3
      vertex 218.5 32.5 3
    endloop
  endfacet
  facet normal -0 0 1
    outer loop
      vertex 218.5 22.5 3
      vertex 258.5 2.5 3
      vertex 218.5 26.5 3
    endloop
  endfacet
  facet normal 0 0 1
    outer loop
      vertex 204.348 21.7346 3
      vertex 218.5 22.5 3
      vertex 204.5 22.5 3
    endloop
  endfacet
  facet normal 0 0 1
    outer loop
      vertex 203.914 21.0858 3
      vertex 218.5 22.5 3
      vertex 204.348 21.7346 3
    endloop
  endfacet
  facet normal 0 0 1
    outer loop
      vertex 203.265 20.6522 3
      vertex 218.5 22.5 3
      vertex 203.914 21.0858 3
    endloop
  endfacet
  facet normal 0 0 1
    outer loop
      vertex 218.5 22.5 3
      vertex 203.265 20.6522 3
      vertex 258.5 2.5 3
    endloop
  endfacet
  facet normal -0 0 1
    outer loop
      vertex 202.5 20.5 3
      vertex 258.5 2.5 3
      vertex 203.265 20.6522 3
    endloop
  endfacet
  facet normal 0 0 1
    outer loop
      vertex 157.5 20.5 3
      vertex 202.5 20.5 3
      vertex 201.735 20.6522 3
    endloop
  endfacet
  facet normal -0 0 1
    outer loop
      vertex 172.5 22.5 3
      vertex 200.652 21.7346 3
      vertex 200.5 22.5 3
    endloop
  endfacet
  facet normal 0 0 1
    outer loop
      vertex 172.5 22.5 3
      vertex 201.086 21.0858 3
      vertex 200.652 21.7346 3
    endloop
  endfacet
  facet normal 0 0 1
    outer loop
      vertex 172.5 22.5 3
      vertex 201.735 20.6522 3
      vertex 201.086 21.0858 3
    endloop
  endfacet
  facet normal 0 0 1
    outer loop
      vertex 157.5 20.5 3
      vertex 201.735 20.6522 3
      vertex 172.5 22.5 3
    endloop
  endfacet
  facet normal 0 0 1
    outer loop
      vertex 172.5 36.5 3
      vertex 159.5 22.5 3
      vertex 172.5 32.5 3
    endloop
  endfacet
  facet normal 0 0 1
    outer loop
      vertex 172.5 32.5 3
      vertex 159.5 22.5 3
      vertex 172.5 26.5 3
    endloop
  endfacet
  facet normal 0 0 1
    outer loop
      vertex 172.5 26.5 3
      vertex 159.5 22.5 3
      vertex 172.5 22.5 3
    endloop
  endfacet
  facet normal 0 0 1
    outer loop
      vertex 159.348 21.7346 3
      vertex 172.5 22.5 3
      vertex 159.5 22.5 3
    endloop
  endfacet
  facet normal 0 0 1
    outer loop
      vertex 158.914 21.0858 3
      vertex 172.5 22.5 3
      vertex 159.348 21.7346 3
    endloop
  endfacet
  facet normal 0 0 1
    outer loop
      vertex 158.265 20.6522 3
      vertex 172.5 22.5 3
      vertex 158.914 21.0858 3
    endloop
  endfacet
  facet normal 0 0 1
    outer loop
      vertex 157.5 20.5 3
      vertex 172.5 22.5 3
      vertex 158.265 20.6522 3
    endloop
  endfacet
  facet normal 0 0 1
    outer loop
      vertex 202.5 20.5 3
      vertex 157.5 20.5 3
      vertex 258.5 2.5 3
    endloop
  endfacet
  facet normal 0 0 1
    outer loop
      vertex 155.652 68.2654 3
      vertex 114.5 67.5 3
      vertex 155.5 67.5 3
    endloop
  endfacet
  facet normal 0 0 1
    outer loop
      vertex 156.086 23.9142 3
      vertex 114.5 22.5 3
      vertex 155.652 23.2654 3
    endloop
  endfacet
  facet normal 0 0 1
    outer loop
      vertex 155.652 23.2654 3
      vertex 114.5 22.5 3
      vertex 155.5 22.5 3
    endloop
  endfacet
  facet normal 0 0 1
    outer loop
      vertex 155.5 22.5 3
      vertex 114.5 22.5 3
      vertex 155.652 21.7346 3
    endloop
  endfacet
  facet normal 0 0 1
    outer loop
      vertex 114.348 21.7346 3
      vertex 155.652 21.7346 3
      vertex 114.5 22.5 3
    endloop
  endfacet
  facet normal 0 0 1
    outer loop
      vertex 155.652 21.7346 3
      vertex 114.348 21.7346 3
      vertex 156.086 21.0858 3
    endloop
  endfacet
  facet normal 0 0 1
    outer loop
      vertex 113.914 21.0858 3
      vertex 156.086 21.0858 3
      vertex 114.348 21.7346 3
    endloop
  endfacet
  facet normal 0 0 1
    outer loop
      vertex 156.086 21.0858 3
      vertex 113.914 21.0858 3
      vertex 156.735 20.6522 3
    endloop
  endfacet
  facet normal 0 0 1
    outer loop
      vertex 113.265 20.6522 3
      vertex 156.735 20.6522 3
      vertex 113.914 21.0858 3
    endloop
  endfacet
  facet normal 0 0 1
    outer loop
      vertex 156.735 20.6522 3
      vertex 113.265 20.6522 3
      vertex 157.5 20.5 3
    endloop
  endfacet
  facet normal 0 0 1
    outer loop
      vertex 112.5 20.5 3
      vertex 157.5 20.5 3
      vertex 113.265 20.6522 3
    endloop
  endfacet
  facet normal 0 0 1
    outer loop
      vertex 157.5 20.5 3
      vertex 112.5 20.5 3
      vertex 258.5 2.5 3
    endloop
  endfacet
  facet normal 0 0 1
    outer loop
      vertex 110.652 68.2654 3
      vertex 69.5 67.5 3
      vertex 110.5 67.5 3
    endloop
  endfacet
  facet normal 0 0 1
    outer loop
      vertex 111.086 23.9142 3
      vertex 69.5 22.5 3
      vertex 110.652 23.2654 3
    endloop
  endfacet
  facet normal 0 0 1
    outer loop
      vertex 110.652 23.2654 3
      vertex 69.5 22.5 3
      vertex 110.5 22.5 3
    endloop
  endfacet
  facet normal 0 0 1
    outer loop
      vertex 110.5 22.5 3
      vertex 69.5 22.5 3
      vertex 110.652 21.7346 3
    endloop
  endfacet
  facet normal 0 0 1
    outer loop
      vertex 69.3478 21.7346 3
      vertex 110.652 21.7346 3
      vertex 69.5 22.5 3
    endloop
  endfacet
  facet normal 0 0 1
    outer loop
      vertex 110.652 21.7346 3
      vertex 69.3478 21.7346 3
      vertex 111.086 21.0858 3
    endloop
  endfacet
  facet normal 0 0 1
    outer loop
      vertex 68.9142 21.0858 3
      vertex 111.086 21.0858 3
      vertex 69.3478 21.7346 3
    endloop
  endfacet
  facet normal 0 0 1
    outer loop
      vertex 111.086 21.0858 3
      vertex 68.9142 21.0858 3
      vertex 111.735 20.6522 3
    endloop
  endfacet
  facet normal 0 0 1
    outer loop
      vertex 68.2654 20.6522 3
      vertex 111.735 20.6522 3
      vertex 68.9142 21.0858 3
    endloop
  endfacet
  facet normal 0 0 1
    outer loop
      vertex 111.735 20.6522 3
      vertex 68.2654 20.6522 3
      vertex 112.5 20.5 3
    endloop
  endfacet
  facet normal 0 0 1
    outer loop
      vertex 67.5 20.5 3
      vertex 112.5 20.5 3
      vertex 68.2654 20.6522 3
    endloop
  endfacet
  facet normal 0 0 1
    outer loop
      vertex 2.5 2.5 3
      vertex 112.5 20.5 3
      vertex 67.5 20.5 3
    endloop
  endfacet
  facet normal 0 0 1
    outer loop
      vertex 65.6522 68.2654 3
      vertex 24.5 67.5 3
      vertex 65.5 67.5 3
    endloop
  endfacet
  facet normal 0 0 1
    outer loop
      vertex 66.0858 23.9142 3
      vertex 24.5 22.5 3
      vertex 65.6522 23.2654 3
    endloop
  endfacet
  facet normal 0 0 1
    outer loop
      vertex 65.6522 23.2654 3
      vertex 24.5 22.5 3
      vertex 65.5 22.5 3
    endloop
  endfacet
  facet normal 0 0 1
    outer loop
      vertex 65.5 22.5 3
      vertex 24.5 22.5 3
      vertex 65.6522 21.7346 3
    endloop
  endfacet
  facet normal 0 0 1
    outer loop
      vertex 24.3478 21.7346 3
      vertex 65.6522 21.7346 3
      vertex 24.5 22.5 3
    endloop
  endfacet
  facet normal 0 0 1
    outer loop
      vertex 65.6522 21.7346 3
      vertex 24.3478 21.7346 3
      vertex 66.0858 21.0858 3
    endloop
  endfacet
  facet normal 0 0 1
    outer loop
      vertex 23.9142 21.0858 3
      vertex 66.0858 21.0858 3
      vertex 24.3478 21.7346 3
    endloop
  endfacet
  facet normal 0 0 1
    outer loop
      vertex 66.0858 21.0858 3
      vertex 23.9142 21.0858 3
      vertex 66.7346 20.6522 3
    endloop
  endfacet
  facet normal 0 0 1
    outer loop
      vertex 23.2654 20.6522 3
      vertex 66.7346 20.6522 3
      vertex 23.9142 21.0858 3
    endloop
  endfacet
  facet normal 0 0 1
    outer loop
      vertex 2.5 2.5 3
      vertex 66.7346 20.6522 3
      vertex 23.2654 20.6522 3
    endloop
  endfacet
  facet normal 0 0 1
    outer loop
      vertex 66.7346 20.6522 3
      vertex 2.5 2.5 3
      vertex 67.5 20.5 3
    endloop
  endfacet
  facet normal 0 0 1
    outer loop
      vertex 2.5 2.5 3
      vertex 23.2654 20.6522 3
      vertex 22.5 20.5 3
    endloop
  endfacet
  facet normal 0 0 1
    outer loop
      vertex 112.5 20.5 3
      vertex 2.5 2.5 3
      vertex 258.5 2.5 3
    endloop
  endfacet
  facet normal 0 0 1
    outer loop
      vertex 21.7346 20.6522 3
      vertex 2.5 2.5 3
      vertex 22.5 20.5 3
    endloop
  endfacet
  facet normal 0 0 1
    outer loop
      vertex 21.0858 21.0858 3
      vertex 2.5 2.5 3
      vertex 21.7346 20.6522 3
    endloop
  endfacet
  facet normal 0 0 1
    outer loop
      vertex 20.6522 21.7346 3
      vertex 2.5 2.5 3
      vertex 21.0858 21.0858 3
    endloop
  endfacet
  facet normal 0 0 1
    outer loop
      vertex 20.5 22.5 3
      vertex 2.5 2.5 3
      vertex 20.6522 21.7346 3
    endloop
  endfacet
  facet normal 0 0 1
    outer loop
      vertex 20.6522 23.2654 3
      vertex 2.5 2.5 3
      vertex 20.5 22.5 3
    endloop
  endfacet
  facet normal -0 0 1
    outer loop
      vertex 204.348 156.735 3
      vertex 218.5 156.5 3
      vertex 204.5 157.5 3
    endloop
  endfacet
  facet normal 0 0 1
    outer loop
      vertex 218.5 156.5 3
      vertex 204.348 156.735 3
      vertex 204.191 156.5 3
    endloop
  endfacet
  facet normal -0 0 1
    outer loop
      vertex 204.348 66.7346 3
      vertex 218.5 66.5 3
      vertex 204.5 67.5 3
    endloop
  endfacet
  facet normal 0 0 1
    outer loop
      vertex 218.5 66.5 3
      vertex 204.348 66.7346 3
      vertex 204.191 66.5 3
    endloop
  endfacet
  facet normal 0 0 1
    outer loop
      vertex 172.5 156.5 3
      vertex 200.5 157.5 3
      vertex 172.5 162.5 3
    endloop
  endfacet
  facet normal 0 0 1
    outer loop
      vertex 200.5 157.5 3
      vertex 172.5 156.5 3
      vertex 200.652 156.735 3
    endloop
  endfacet
  facet normal 0 0 1
    outer loop
      vertex 200.652 156.735 3
      vertex 172.5 156.5 3
      vertex 200.809 156.5 3
    endloop
  endfacet
  facet normal 1 -0 0
    outer loop
      vertex 2.5 2.5 58.5
      vertex 2.5 186.5 11
      vertex 2.5 186.5 58.5
    endloop
  endfacet
  facet normal 1 0 0
    outer loop
      vertex 2.5 186.5 11
      vertex 2.5 2.5 58.5
      vertex 2.5 2.5 11
    endloop
  endfacet
  facet normal 1 -0 0
    outer loop
      vertex 2.5 2.5 5
      vertex 2.5 186.5 3
      vertex 2.5 186.5 5
    endloop
  endfacet
  facet normal 1 0 0
    outer loop
      vertex 2.5 186.5 3
      vertex 2.5 2.5 5
      vertex 2.5 2.5 3
    endloop
  endfacet
  facet normal 0 -1 0
    outer loop
      vertex 238.172 186.5 32.0784
      vertex 258.5 186.5 58.5
      vertex 2.5 186.5 58.5
    endloop
  endfacet
  facet normal 0 -1 0
    outer loop
      vertex 258.5 186.5 58.5
      vertex 239.965 186.5 33.1137
      vertex 241 186.5 33.25
    endloop
  endfacet
  facet normal 0 -1 0
    outer loop
      vertex 258.5 186.5 58.5
      vertex 239 186.5 32.7141
      vertex 239.965 186.5 33.1137
    endloop
  endfacet
  facet normal 0 -1 0
    outer loop
      vertex 258.5 186.5 58.5
      vertex 238.172 186.5 32.0784
      vertex 239 186.5 32.7141
    endloop
  endfacet
  facet normal 0 -1 0
    outer loop
      vertex 2.5 186.5 58.5
      vertex 237.536 186.5 31.25
      vertex 238.172 186.5 32.0784
    endloop
  endfacet
  facet normal 0 -1 0
    outer loop
      vertex 2.5 186.5 58.5
      vertex 237.136 186.5 30.2853
      vertex 237.536 186.5 31.25
    endloop
  endfacet
  facet normal 0 -1 0
    outer loop
      vertex 2.5 186.5 58.5
      vertex 237 186.5 29.25
      vertex 237.136 186.5 30.2853
    endloop
  endfacet
  facet normal 0 -1 0
    outer loop
      vertex 2.5 186.5 11
      vertex 237 186.5 29.25
      vertex 2.5 186.5 58.5
    endloop
  endfacet
  facet normal 0 -1 -0
    outer loop
      vertex 237 186.5 29.25
      vertex 2.5 186.5 11
      vertex 237.136 186.5 28.2147
    endloop
  endfacet
  facet normal 0 -1 -0
    outer loop
      vertex 237.136 186.5 28.2147
      vertex 2.5 186.5 11
      vertex 237.536 186.5 27.25
    endloop
  endfacet
  facet normal 0 -1 -0
    outer loop
      vertex 237.536 186.5 27.25
      vertex 2.5 186.5 11
      vertex 238.172 186.5 26.4216
    endloop
  endfacet
  facet normal 0 -1 -0
    outer loop
      vertex 238.172 186.5 26.4216
      vertex 2.5 186.5 11
      vertex 239 186.5 25.7859
    endloop
  endfacet
  facet normal 0 -1 0
    outer loop
      vertex 239 186.5 25.7859
      vertex 258.5 186.5 11
      vertex 239.965 186.5 25.3863
    endloop
  endfacet
  facet normal 0 -1 0
    outer loop
      vertex 258.5 186.5 11
      vertex 239 186.5 25.7859
      vertex 2.5 186.5 11
    endloop
  endfacet
  facet normal 0 -1 0
    outer loop
      vertex 242.035 186.5 33.1137
      vertex 258.5 186.5 58.5
      vertex 241 186.5 33.25
    endloop
  endfacet
  facet normal 0 -1 0
    outer loop
      vertex 243 186.5 32.7141
      vertex 258.5 186.5 58.5
      vertex 242.035 186.5 33.1137
    endloop
  endfacet
  facet normal 0 -1 0
    outer loop
      vertex 243.828 186.5 32.0784
      vertex 258.5 186.5 58.5
      vertex 243 186.5 32.7141
    endloop
  endfacet
  facet normal 0 -1 0
    outer loop
      vertex 244.464 186.5 31.25
      vertex 258.5 186.5 58.5
      vertex 243.828 186.5 32.0784
    endloop
  endfacet
  facet normal 0 -1 0
    outer loop
      vertex 244.864 186.5 30.2853
      vertex 258.5 186.5 58.5
      vertex 244.464 186.5 31.25
    endloop
  endfacet
  facet normal 0 -1 0
    outer loop
      vertex 258.5 186.5 11
      vertex 244.864 186.5 30.2853
      vertex 245 186.5 29.25
    endloop
  endfacet
  facet normal 0 -1 0
    outer loop
      vertex 258.5 186.5 11
      vertex 245 186.5 29.25
      vertex 244.864 186.5 28.2147
    endloop
  endfacet
  facet normal 0 -1 0
    outer loop
      vertex 258.5 186.5 11
      vertex 244.864 186.5 28.2147
      vertex 244.464 186.5 27.25
    endloop
  endfacet
  facet normal 0 -1 0
    outer loop
      vertex 244.864 186.5 30.2853
      vertex 258.5 186.5 11
      vertex 258.5 186.5 58.5
    endloop
  endfacet
  facet normal 0 -1 0
    outer loop
      vertex 243.828 186.5 26.4216
      vertex 258.5 186.5 11
      vertex 244.464 186.5 27.25
    endloop
  endfacet
  facet normal 0 -1 0
    outer loop
      vertex 243 186.5 25.7859
      vertex 258.5 186.5 11
      vertex 243.828 186.5 26.4216
    endloop
  endfacet
  facet normal 0 -1 0
    outer loop
      vertex 242.035 186.5 25.3863
      vertex 258.5 186.5 11
      vertex 243 186.5 25.7859
    endloop
  endfacet
  facet normal 0 -1 0
    outer loop
      vertex 241 186.5 25.25
      vertex 258.5 186.5 11
      vertex 242.035 186.5 25.3863
    endloop
  endfacet
  facet normal 0 -1 0
    outer loop
      vertex 239.965 186.5 25.3863
      vertex 258.5 186.5 11
      vertex 241 186.5 25.25
    endloop
  endfacet
  facet normal 0 -1 0
    outer loop
      vertex 2.5 186.5 3
      vertex 258.5 186.5 5
      vertex 2.5 186.5 5
    endloop
  endfacet
  facet normal 0 -1 -0
    outer loop
      vertex 258.5 186.5 5
      vertex 2.5 186.5 3
      vertex 258.5 186.5 3
    endloop
  endfacet
  facet normal 0 1 -0
    outer loop
      vertex 8.5 2.5 9.01
      vertex 6 2.5 11
      vertex 8.5 2.5 50.5
    endloop
  endfacet
  facet normal 0 1 0
    outer loop
      vertex 6 2.5 11
      vertex 8.5 2.5 9.01
      vertex 6 2.5 9.01
    endloop
  endfacet
  facet normal 0 1 -0
    outer loop
      vertex 8.5 2.5 6
      vertex 6 2.5 6.99714
      vertex 8.5 2.5 8.42775
    endloop
  endfacet
  facet normal 0 1 0
    outer loop
      vertex 8.5 2.5 6
      vertex 6 2.5 5
      vertex 6 2.5 6.99714
    endloop
  endfacet
  facet normal 0 1 0
    outer loop
      vertex 167.3 2.5 6
      vertex 2.5 2.5 3
      vertex 8.5 2.5 6
    endloop
  endfacet
  facet normal 0 1 -0
    outer loop
      vertex 258.5 2.5 3
      vertex 169.8 2.5 5
      vertex 258.5 2.5 5
    endloop
  endfacet
  facet normal 0 1 0
    outer loop
      vertex 2.5 2.5 3
      vertex 169.8 2.5 5
      vertex 258.5 2.5 3
    endloop
  endfacet
  facet normal 0 1 0
    outer loop
      vertex 8.5 2.5 6
      vertex 2.5 2.5 3
      vertex 6 2.5 5
    endloop
  endfacet
  facet normal 0 1 0
    outer loop
      vertex 6 2.5 5
      vertex 2.5 2.5 3
      vertex 2.5 2.5 5
    endloop
  endfacet
  facet normal 0 1 0
    outer loop
      vertex 258.5 2.5 58.5
      vertex 167.3 2.5 50.5
      vertex 2.5 2.5 58.5
    endloop
  endfacet
  facet normal 0 1 0
    outer loop
      vertex 258.5 2.5 58.5
      vertex 212.9 2.5 38.75
      vertex 167.3 2.5 50.5
    endloop
  endfacet
  facet normal 0 1 0
    outer loop
      vertex 258.5 2.5 58.5
      vertex 215.359 2.5 38.4263
      vertex 212.9 2.5 38.75
    endloop
  endfacet
  facet normal 0 1 0
    outer loop
      vertex 258.5 2.5 58.5
      vertex 217.65 2.5 37.4772
      vertex 215.359 2.5 38.4263
    endloop
  endfacet
  facet normal 0 1 0
    outer loop
      vertex 258.5 2.5 58.5
      vertex 219.618 2.5 35.9675
      vertex 217.65 2.5 37.4772
    endloop
  endfacet
  facet normal 0 1 0
    outer loop
      vertex 258.5 2.5 58.5
      vertex 221.127 2.5 34
      vertex 219.618 2.5 35.9675
    endloop
  endfacet
  facet normal 0 1 0
    outer loop
      vertex 258.5 2.5 58.5
      vertex 222.076 2.5 31.7088
      vertex 221.127 2.5 34
    endloop
  endfacet
  facet normal 0 1 -0
    outer loop
      vertex 258.5 2.5 11
      vertex 222.076 2.5 31.7088
      vertex 258.5 2.5 58.5
    endloop
  endfacet
  facet normal 0 1 0
    outer loop
      vertex 222.076 2.5 31.7088
      vertex 258.5 2.5 11
      vertex 222.4 2.5 29.25
    endloop
  endfacet
  facet normal 0 1 0
    outer loop
      vertex 222.4 2.5 29.25
      vertex 258.5 2.5 11
      vertex 222.076 2.5 26.7912
    endloop
  endfacet
  facet normal 0 1 0
    outer loop
      vertex 222.076 2.5 26.7912
      vertex 258.5 2.5 11
      vertex 221.127 2.5 24.5
    endloop
  endfacet
  facet normal 0 1 0
    outer loop
      vertex 215.359 2.5 20.0737
      vertex 258.5 2.5 11
      vertex 212.9 2.5 19.75
    endloop
  endfacet
  facet normal 0 1 0
    outer loop
      vertex 217.65 2.5 21.0228
      vertex 258.5 2.5 11
      vertex 215.359 2.5 20.0737
    endloop
  endfacet
  facet normal 0 1 0
    outer loop
      vertex 219.618 2.5 22.5325
      vertex 258.5 2.5 11
      vertex 217.65 2.5 21.0228
    endloop
  endfacet
  facet normal 0 1 0
    outer loop
      vertex 221.127 2.5 24.5
      vertex 258.5 2.5 11
      vertex 219.618 2.5 22.5325
    endloop
  endfacet
  facet normal 0 1 -0
    outer loop
      vertex 8.5 2.5 50.5
      vertex 2.5 2.5 58.5
      vertex 167.3 2.5 50.5
    endloop
  endfacet
  facet normal 0 1 0
    outer loop
      vertex 2.5 2.5 11
      vertex 8.5 2.5 50.5
      vertex 6 2.5 11
    endloop
  endfacet
  facet normal 0 1 0
    outer loop
      vertex 8.5 2.5 50.5
      vertex 2.5 2.5 11
      vertex 2.5 2.5 58.5
    endloop
  endfacet
  facet normal 0 1 -0
    outer loop
      vertex 210.441 2.5 38.4263
      vertex 167.3 2.5 50.5
      vertex 212.9 2.5 38.75
    endloop
  endfacet
  facet normal 0 1 -0
    outer loop
      vertex 208.15 2.5 37.4772
      vertex 167.3 2.5 50.5
      vertex 210.441 2.5 38.4263
    endloop
  endfacet
  facet normal 0 1 -0
    outer loop
      vertex 206.182 2.5 35.9675
      vertex 167.3 2.5 50.5
      vertex 208.15 2.5 37.4772
    endloop
  endfacet
  facet normal 0 1 -0
    outer loop
      vertex 204.673 2.5 34
      vertex 167.3 2.5 50.5
      vertex 206.182 2.5 35.9675
    endloop
  endfacet
  facet normal 0 1 -0
    outer loop
      vertex 203.724 2.5 31.7088
      vertex 167.3 2.5 50.5
      vertex 204.673 2.5 34
    endloop
  endfacet
  facet normal 0 1 -0
    outer loop
      vertex 203.4 2.5 29.25
      vertex 167.3 2.5 50.5
      vertex 203.724 2.5 31.7088
    endloop
  endfacet
  facet normal 0 1 0
    outer loop
      vertex 169.8 2.5 11
      vertex 203.4 2.5 29.25
      vertex 203.724 2.5 26.7912
    endloop
  endfacet
  facet normal 0 1 0
    outer loop
      vertex 169.8 2.5 11
      vertex 203.724 2.5 26.7912
      vertex 204.673 2.5 24.5
    endloop
  endfacet
  facet normal 0 1 0
    outer loop
      vertex 169.8 2.5 11
      vertex 204.673 2.5 24.5
      vertex 206.182 2.5 22.5325
    endloop
  endfacet
  facet normal 0 1 0
    outer loop
      vertex 169.8 2.5 11
      vertex 206.182 2.5 22.5325
      vertex 208.15 2.5 21.0228
    endloop
  endfacet
  facet normal 0 1 0
    outer loop
      vertex 169.8 2.5 11
      vertex 212.9 2.5 19.75
      vertex 258.5 2.5 11
    endloop
  endfacet
  facet normal 0 1 0
    outer loop
      vertex 212.9 2.5 19.75
      vertex 169.8 2.5 11
      vertex 210.441 2.5 20.0737
    endloop
  endfacet
  facet normal 0 1 0
    outer loop
      vertex 169.8 2.5 11
      vertex 208.15 2.5 21.0228
      vertex 210.441 2.5 20.0737
    endloop
  endfacet
  facet normal 0 1 0
    outer loop
      vertex 203.4 2.5 29.25
      vertex 169.8 2.5 11
      vertex 167.3 2.5 50.5
    endloop
  endfacet
  facet normal 0 1 0
    outer loop
      vertex 167.3 2.5 6
      vertex 169.8 2.5 11
      vertex 169.8 2.5 9.01
    endloop
  endfacet
  facet normal 0 1 0
    outer loop
      vertex 169.8 2.5 11
      vertex 167.3 2.5 6
      vertex 167.3 2.5 50.5
    endloop
  endfacet
  facet normal 0 1 0
    outer loop
      vertex 2.5 2.5 3
      vertex 167.3 2.5 6
      vertex 169.8 2.5 5
    endloop
  endfacet
  facet normal 0 1 -0
    outer loop
      vertex 169.8 2.5 5
      vertex 167.3 2.5 6
      vertex 169.8 2.5 9.01
    endloop
  endfacet
  facet normal 0 -1 0
    outer loop
      vertex 8.5 2.5 9.01
      vertex 9.5 2.5 9
      vertex 9.5 2.5 9.01
    endloop
  endfacet
  facet normal -0 -1 0
    outer loop
      vertex 9.5 2.5 9
      vertex 8.5 2.5 9.01
      vertex 8.5 2.5 8.42775
    endloop
  endfacet
  facet normal -1 0 0
    outer loop
      vertex 167.3 0 6
      vertex 167.3 2.5 50.5
      vertex 167.3 2.5 6
    endloop
  endfacet
  facet normal -1 -0 0
    outer loop
      vertex 167.3 2.5 50.5
      vertex 167.3 0 6
      vertex 167.3 0 50.5
    endloop
  endfacet
  facet normal 0 0 -1
    outer loop
      vertex 8.5 0 50.5
      vertex 167.3 2.5 50.5
      vertex 167.3 0 50.5
    endloop
  endfacet
  facet normal -0 0 -1
    outer loop
      vertex 167.3 2.5 50.5
      vertex 8.5 0 50.5
      vertex 8.5 2.5 50.5
    endloop
  endfacet
  facet normal -0 0 1
    outer loop
      vertex 8.5 2.5 6
      vertex 167.3 0 6
      vertex 167.3 2.5 6
    endloop
  endfacet
  facet normal 0 0 1
    outer loop
      vertex 167.3 0 6
      vertex 8.5 2.5 6
      vertex 8.5 0 6
    endloop
  endfacet
  facet normal 1 -0 0
    outer loop
      vertex 8.5 0 50.5
      vertex 8.5 2.5 9.01
      vertex 8.5 2.5 50.5
    endloop
  endfacet
  facet normal 1 0 0
    outer loop
      vertex 8.5 0 6
      vertex 8.5 2.5 9.01
      vertex 8.5 0 50.5
    endloop
  endfacet
  facet normal 1 0 0
    outer loop
      vertex 8.5 2.5 9.01
      vertex 8.5 0 6
      vertex 8.5 2.5 8.42775
    endloop
  endfacet
  facet normal 1 0 0
    outer loop
      vertex 8.5 2.5 8.42775
      vertex 8.5 0 6
      vertex 8.5 2.5 6
    endloop
  endfacet
  facet normal -0.923886 0 0.382668
    outer loop
      vertex 221.127 0 24.5
      vertex 222.076 2.5 26.7912
      vertex 221.127 2.5 24.5
    endloop
  endfacet
  facet normal -0.923886 0 0.382668
    outer loop
      vertex 222.076 2.5 26.7912
      vertex 221.127 0 24.5
      vertex 222.076 0 26.7912
    endloop
  endfacet
  facet normal -0.99143 0 0.130642
    outer loop
      vertex 222.076 0 26.7912
      vertex 222.4 2.5 29.25
      vertex 222.076 2.5 26.7912
    endloop
  endfacet
  facet normal -0.99143 0 0.130642
    outer loop
      vertex 222.4 2.5 29.25
      vertex 222.076 0 26.7912
      vertex 222.4 0 29.25
    endloop
  endfacet
  facet normal -0.130513 0 0.991447
    outer loop
      vertex 212.9 2.5 19.75
      vertex 215.359 0 20.0737
      vertex 215.359 2.5 20.0737
    endloop
  endfacet
  facet normal -0.130513 0 0.991447
    outer loop
      vertex 215.359 0 20.0737
      vertex 212.9 2.5 19.75
      vertex 212.9 0 19.75
    endloop
  endfacet
  facet normal -0.793493 0 -0.60858
    outer loop
      vertex 221.127 0 34
      vertex 219.618 2.5 35.9675
      vertex 221.127 2.5 34
    endloop
  endfacet
  facet normal -0.793493 -0 -0.60858
    outer loop
      vertex 219.618 2.5 35.9675
      vertex 221.127 0 34
      vertex 219.618 0 35.9675
    endloop
  endfacet
  facet normal -0.130513 0 -0.991447
    outer loop
      vertex 212.9 0 38.75
      vertex 215.359 2.5 38.4263
      vertex 215.359 0 38.4263
    endloop
  endfacet
  facet normal -0.130513 0 -0.991447
    outer loop
      vertex 215.359 2.5 38.4263
      vertex 212.9 0 38.75
      vertex 212.9 2.5 38.75
    endloop
  endfacet
  facet normal -0.38273 0 0.92386
    outer loop
      vertex 215.359 2.5 20.0737
      vertex 217.65 0 21.0228
      vertex 217.65 2.5 21.0228
    endloop
  endfacet
  facet normal -0.38273 0 0.92386
    outer loop
      vertex 217.65 0 21.0228
      vertex 215.359 2.5 20.0737
      vertex 215.359 0 20.0737
    endloop
  endfacet
  facet normal 0.60866 0 0.793431
    outer loop
      vertex 206.182 2.5 22.5325
      vertex 208.15 0 21.0228
      vertex 208.15 2.5 21.0228
    endloop
  endfacet
  facet normal 0.60866 0 0.793431
    outer loop
      vertex 208.15 0 21.0228
      vertex 206.182 2.5 22.5325
      vertex 206.182 0 22.5325
    endloop
  endfacet
  facet normal 0.793493 -0 0.60858
    outer loop
      vertex 204.673 0 24.5
      vertex 206.182 2.5 22.5325
      vertex 204.673 2.5 24.5
    endloop
  endfacet
  facet normal 0.793493 0 0.60858
    outer loop
      vertex 206.182 2.5 22.5325
      vertex 204.673 0 24.5
      vertex 206.182 0 22.5325
    endloop
  endfacet
  facet normal -0.38273 0 -0.92386
    outer loop
      vertex 215.359 0 38.4263
      vertex 217.65 2.5 37.4772
      vertex 217.65 0 37.4772
    endloop
  endfacet
  facet normal -0.38273 0 -0.92386
    outer loop
      vertex 217.65 2.5 37.4772
      vertex 215.359 0 38.4263
      vertex 215.359 2.5 38.4263
    endloop
  endfacet
  facet normal 0.130513 0 -0.991447
    outer loop
      vertex 210.441 0 38.4263
      vertex 212.9 2.5 38.75
      vertex 212.9 0 38.75
    endloop
  endfacet
  facet normal 0.130513 0 -0.991447
    outer loop
      vertex 212.9 2.5 38.75
      vertex 210.441 0 38.4263
      vertex 210.441 2.5 38.4263
    endloop
  endfacet
  facet normal 0.99143 0 -0.130642
    outer loop
      vertex 203.724 0 31.7088
      vertex 203.4 2.5 29.25
      vertex 203.724 2.5 31.7088
    endloop
  endfacet
  facet normal 0.99143 0 -0.130642
    outer loop
      vertex 203.4 2.5 29.25
      vertex 203.724 0 31.7088
      vertex 203.4 0 29.25
    endloop
  endfacet
  facet normal -0.923886 0 -0.382668
    outer loop
      vertex 222.076 0 31.7088
      vertex 221.127 2.5 34
      vertex 222.076 2.5 31.7088
    endloop
  endfacet
  facet normal -0.923886 -0 -0.382668
    outer loop
      vertex 221.127 2.5 34
      vertex 222.076 0 31.7088
      vertex 221.127 0 34
    endloop
  endfacet
  facet normal 0.793493 0 -0.60858
    outer loop
      vertex 206.182 0 35.9675
      vertex 204.673 2.5 34
      vertex 206.182 2.5 35.9675
    endloop
  endfacet
  facet normal 0.793493 0 -0.60858
    outer loop
      vertex 204.673 2.5 34
      vertex 206.182 0 35.9675
      vertex 204.673 0 34
    endloop
  endfacet
  facet normal 0.38273 0 0.92386
    outer loop
      vertex 208.15 2.5 21.0228
      vertex 210.441 0 20.0737
      vertex 210.441 2.5 20.0737
    endloop
  endfacet
  facet normal 0.38273 0 0.92386
    outer loop
      vertex 210.441 0 20.0737
      vertex 208.15 2.5 21.0228
      vertex 208.15 0 21.0228
    endloop
  endfacet
  facet normal -0.60866 0 -0.793431
    outer loop
      vertex 217.65 0 37.4772
      vertex 219.618 2.5 35.9675
      vertex 219.618 0 35.9675
    endloop
  endfacet
  facet normal -0.60866 0 -0.793431
    outer loop
      vertex 219.618 2.5 35.9675
      vertex 217.65 0 37.4772
      vertex 217.65 2.5 37.4772
    endloop
  endfacet
  facet normal -0.99143 0 -0.130642
    outer loop
      vertex 222.4 0 29.25
      vertex 222.076 2.5 31.7088
      vertex 222.4 2.5 29.25
    endloop
  endfacet
  facet normal -0.99143 -0 -0.130642
    outer loop
      vertex 222.076 2.5 31.7088
      vertex 222.4 0 29.25
      vertex 222.076 0 31.7088
    endloop
  endfacet
  facet normal 0.130513 0 0.991447
    outer loop
      vertex 210.441 2.5 20.0737
      vertex 212.9 0 19.75
      vertex 212.9 2.5 19.75
    endloop
  endfacet
  facet normal 0.130513 0 0.991447
    outer loop
      vertex 212.9 0 19.75
      vertex 210.441 2.5 20.0737
      vertex 210.441 0 20.0737
    endloop
  endfacet
  facet normal 0.60866 0 -0.793431
    outer loop
      vertex 206.182 0 35.9675
      vertex 208.15 2.5 37.4772
      vertex 208.15 0 37.4772
    endloop
  endfacet
  facet normal 0.60866 0 -0.793431
    outer loop
      vertex 208.15 2.5 37.4772
      vertex 206.182 0 35.9675
      vertex 206.182 2.5 35.9675
    endloop
  endfacet
  facet normal 0.99143 -0 0.130642
    outer loop
      vertex 203.4 0 29.25
      vertex 203.724 2.5 26.7912
      vertex 203.4 2.5 29.25
    endloop
  endfacet
  facet normal 0.99143 0 0.130642
    outer loop
      vertex 203.724 2.5 26.7912
      vertex 203.4 0 29.25
      vertex 203.724 0 26.7912
    endloop
  endfacet
  facet normal 0.923886 -0 0.382668
    outer loop
      vertex 203.724 0 26.7912
      vertex 204.673 2.5 24.5
      vertex 203.724 2.5 26.7912
    endloop
  endfacet
  facet normal 0.923886 0 0.382668
    outer loop
      vertex 204.673 2.5 24.5
      vertex 203.724 0 26.7912
      vertex 204.673 0 24.5
    endloop
  endfacet
  facet normal -0.60866 0 0.793431
    outer loop
      vertex 217.65 2.5 21.0228
      vertex 219.618 0 22.5325
      vertex 219.618 2.5 22.5325
    endloop
  endfacet
  facet normal -0.60866 0 0.793431
    outer loop
      vertex 219.618 0 22.5325
      vertex 217.65 2.5 21.0228
      vertex 217.65 0 21.0228
    endloop
  endfacet
  facet normal -0.793493 0 0.60858
    outer loop
      vertex 219.618 0 22.5325
      vertex 221.127 2.5 24.5
      vertex 219.618 2.5 22.5325
    endloop
  endfacet
  facet normal -0.793493 0 0.60858
    outer loop
      vertex 221.127 2.5 24.5
      vertex 219.618 0 22.5325
      vertex 221.127 0 24.5
    endloop
  endfacet
  facet normal 0.923886 0 -0.382668
    outer loop
      vertex 204.673 0 34
      vertex 203.724 2.5 31.7088
      vertex 204.673 2.5 34
    endloop
  endfacet
  facet normal 0.923886 0 -0.382668
    outer loop
      vertex 203.724 2.5 31.7088
      vertex 204.673 0 34
      vertex 203.724 0 31.7088
    endloop
  endfacet
  facet normal 0.38273 0 -0.92386
    outer loop
      vertex 208.15 0 37.4772
      vertex 210.441 2.5 38.4263
      vertex 210.441 0 38.4263
    endloop
  endfacet
  facet normal 0.38273 0 -0.92386
    outer loop
      vertex 210.441 2.5 38.4263
      vertex 208.15 0 37.4772
      vertex 208.15 2.5 37.4772
    endloop
  endfacet
  facet normal -0.130564 0 0.99144
    outer loop
      vertex 241 189 25.25
      vertex 242.035 186.5 25.3863
      vertex 242.035 189 25.3863
    endloop
  endfacet
  facet normal -0.130564 0 0.99144
    outer loop
      vertex 242.035 186.5 25.3863
      vertex 241 189 25.25
      vertex 241 186.5 25.25
    endloop
  endfacet
  facet normal -0.923741 0 -0.383017
    outer loop
      vertex 244.864 186.5 30.2853
      vertex 244.464 189 31.25
      vertex 244.864 189 30.2853
    endloop
  endfacet
  facet normal -0.923741 -0 -0.383017
    outer loop
      vertex 244.464 189 31.25
      vertex 244.864 186.5 30.2853
      vertex 244.464 186.5 31.25
    endloop
  endfacet
  facet normal -0.991482 0 -0.130244
    outer loop
      vertex 245 186.5 29.25
      vertex 244.864 189 30.2853
      vertex 245 189 29.25
    endloop
  endfacet
  facet normal -0.991482 -0 -0.130244
    outer loop
      vertex 244.864 189 30.2853
      vertex 245 186.5 29.25
      vertex 244.864 186.5 30.2853
    endloop
  endfacet
  facet normal 0.130564 0 -0.99144
    outer loop
      vertex 239.965 186.5 33.1137
      vertex 241 189 33.25
      vertex 241 186.5 33.25
    endloop
  endfacet
  facet normal 0.130564 0 -0.99144
    outer loop
      vertex 241 189 33.25
      vertex 239.965 186.5 33.1137
      vertex 239.965 189 33.1137
    endloop
  endfacet
  facet normal 0.793193 0 -0.60897
    outer loop
      vertex 238.172 186.5 32.0784
      vertex 237.536 189 31.25
      vertex 238.172 189 32.0784
    endloop
  endfacet
  facet normal 0.793193 0 -0.60897
    outer loop
      vertex 237.536 189 31.25
      vertex 238.172 186.5 32.0784
      vertex 237.536 186.5 31.25
    endloop
  endfacet
  facet normal -0.793193 0 -0.60897
    outer loop
      vertex 244.464 186.5 31.25
      vertex 243.828 189 32.0784
      vertex 244.464 189 31.25
    endloop
  endfacet
  facet normal -0.793193 -0 -0.60897
    outer loop
      vertex 243.828 189 32.0784
      vertex 244.464 186.5 31.25
      vertex 243.828 186.5 32.0784
    endloop
  endfacet
  facet normal 0.991482 0 -0.130244
    outer loop
      vertex 237.136 186.5 30.2853
      vertex 237 189 29.25
      vertex 237.136 189 30.2853
    endloop
  endfacet
  facet normal 0.991482 0 -0.130244
    outer loop
      vertex 237 189 29.25
      vertex 237.136 186.5 30.2853
      vertex 237 186.5 29.25
    endloop
  endfacet
  facet normal 0.382589 0 0.923919
    outer loop
      vertex 239 189 25.7859
      vertex 239.965 186.5 25.3863
      vertex 239.965 189 25.3863
    endloop
  endfacet
  facet normal 0.382589 0 0.923919
    outer loop
      vertex 239.965 186.5 25.3863
      vertex 239 189 25.7859
      vertex 239 186.5 25.7859
    endloop
  endfacet
  facet normal -0.382589 0 0.923919
    outer loop
      vertex 242.035 189 25.3863
      vertex 243 186.5 25.7859
      vertex 243 189 25.7859
    endloop
  endfacet
  facet normal -0.382589 0 0.923919
    outer loop
      vertex 243 186.5 25.7859
      vertex 242.035 189 25.3863
      vertex 242.035 186.5 25.3863
    endloop
  endfacet
  facet normal -0.991482 0 0.130244
    outer loop
      vertex 244.864 186.5 28.2147
      vertex 245 189 29.25
      vertex 244.864 189 28.2147
    endloop
  endfacet
  facet normal -0.991482 0 0.130244
    outer loop
      vertex 245 189 29.25
      vertex 244.864 186.5 28.2147
      vertex 245 186.5 29.25
    endloop
  endfacet
  facet normal 0.991482 -0 0.130244
    outer loop
      vertex 237 186.5 29.25
      vertex 237.136 189 28.2147
      vertex 237 189 29.25
    endloop
  endfacet
  facet normal 0.991482 0 0.130244
    outer loop
      vertex 237.136 189 28.2147
      vertex 237 186.5 29.25
      vertex 237.136 186.5 28.2147
    endloop
  endfacet
  facet normal -0.608974 0 0.79319
    outer loop
      vertex 243 189 25.7859
      vertex 243.828 186.5 26.4216
      vertex 243.828 189 26.4216
    endloop
  endfacet
  facet normal -0.608974 0 0.79319
    outer loop
      vertex 243.828 186.5 26.4216
      vertex 243 189 25.7859
      vertex 243 186.5 25.7859
    endloop
  endfacet
  facet normal 0.382589 0 -0.923919
    outer loop
      vertex 239 186.5 32.7141
      vertex 239.965 189 33.1137
      vertex 239.965 186.5 33.1137
    endloop
  endfacet
  facet normal 0.382589 0 -0.923919
    outer loop
      vertex 239.965 189 33.1137
      vertex 239 186.5 32.7141
      vertex 239 189 32.7141
    endloop
  endfacet
  facet normal -0.382589 0 -0.923919
    outer loop
      vertex 242.035 186.5 33.1137
      vertex 243 189 32.7141
      vertex 243 186.5 32.7141
    endloop
  endfacet
  facet normal -0.382589 0 -0.923919
    outer loop
      vertex 243 189 32.7141
      vertex 242.035 186.5 33.1137
      vertex 242.035 189 33.1137
    endloop
  endfacet
  facet normal 0.923741 0 -0.383017
    outer loop
      vertex 237.536 186.5 31.25
      vertex 237.136 189 30.2853
      vertex 237.536 189 31.25
    endloop
  endfacet
  facet normal 0.923741 0 -0.383017
    outer loop
      vertex 237.136 189 30.2853
      vertex 237.536 186.5 31.25
      vertex 237.136 186.5 30.2853
    endloop
  endfacet
  facet normal -0.923741 0 0.383017
    outer loop
      vertex 244.464 186.5 27.25
      vertex 244.864 189 28.2147
      vertex 244.464 189 27.25
    endloop
  endfacet
  facet normal -0.923741 0 0.383017
    outer loop
      vertex 244.864 189 28.2147
      vertex 244.464 186.5 27.25
      vertex 244.864 186.5 28.2147
    endloop
  endfacet
  facet normal 0.608974 0 0.79319
    outer loop
      vertex 238.172 189 26.4216
      vertex 239 186.5 25.7859
      vertex 239 189 25.7859
    endloop
  endfacet
  facet normal 0.608974 0 0.79319
    outer loop
      vertex 239 186.5 25.7859
      vertex 238.172 189 26.4216
      vertex 238.172 186.5 26.4216
    endloop
  endfacet
  facet normal 0.130564 0 0.99144
    outer loop
      vertex 239.965 189 25.3863
      vertex 241 186.5 25.25
      vertex 241 189 25.25
    endloop
  endfacet
  facet normal 0.130564 0 0.99144
    outer loop
      vertex 241 186.5 25.25
      vertex 239.965 189 25.3863
      vertex 239.965 186.5 25.3863
    endloop
  endfacet
  facet normal 0.608974 0 -0.79319
    outer loop
      vertex 238.172 186.5 32.0784
      vertex 239 189 32.7141
      vertex 239 186.5 32.7141
    endloop
  endfacet
  facet normal 0.608974 0 -0.79319
    outer loop
      vertex 239 189 32.7141
      vertex 238.172 186.5 32.0784
      vertex 238.172 189 32.0784
    endloop
  endfacet
  facet normal -0.608974 0 -0.79319
    outer loop
      vertex 243 186.5 32.7141
      vertex 243.828 189 32.0784
      vertex 243.828 186.5 32.0784
    endloop
  endfacet
  facet normal -0.608974 0 -0.79319
    outer loop
      vertex 243.828 189 32.0784
      vertex 243 186.5 32.7141
      vertex 243 189 32.7141
    endloop
  endfacet
  facet normal -0.130564 0 -0.99144
    outer loop
      vertex 241 186.5 33.25
      vertex 242.035 189 33.1137
      vertex 242.035 186.5 33.1137
    endloop
  endfacet
  facet normal -0.130564 0 -0.99144
    outer loop
      vertex 242.035 189 33.1137
      vertex 241 186.5 33.25
      vertex 241 189 33.25
    endloop
  endfacet
  facet normal 0.923741 -0 0.383017
    outer loop
      vertex 237.136 186.5 28.2147
      vertex 237.536 189 27.25
      vertex 237.136 189 28.2147
    endloop
  endfacet
  facet normal 0.923741 0 0.383017
    outer loop
      vertex 237.536 189 27.25
      vertex 237.136 186.5 28.2147
      vertex 237.536 186.5 27.25
    endloop
  endfacet
  facet normal -0.793193 0 0.60897
    outer loop
      vertex 243.828 186.5 26.4216
      vertex 244.464 189 27.25
      vertex 243.828 189 26.4216
    endloop
  endfacet
  facet normal -0.793193 0 0.60897
    outer loop
      vertex 244.464 189 27.25
      vertex 243.828 186.5 26.4216
      vertex 244.464 186.5 27.25
    endloop
  endfacet
  facet normal 0.793193 -0 0.60897
    outer loop
      vertex 237.536 186.5 27.25
      vertex 238.172 189 26.4216
      vertex 237.536 189 27.25
    endloop
  endfacet
  facet normal 0.793193 0 0.60897
    outer loop
      vertex 238.172 189 26.4216
      vertex 237.536 186.5 27.25
      vertex 238.172 186.5 26.4216
    endloop
  endfacet
  facet normal 0 0 1
    outer loop
      vertex 258.5 186.5 11
      vertex 254.5 182.5 11
      vertex 258.5 2.5 11
    endloop
  endfacet
  facet normal 0 0 1
    outer loop
      vertex 258.5 186.5 11
      vertex 9.5 182.5 11
      vertex 254.5 182.5 11
    endloop
  endfacet
  facet normal 0 0 1
    outer loop
      vertex 9.5 182.5 11
      vertex 6 7.5 11
      vertex 9.5 7.5 11
    endloop
  endfacet
  facet normal -0 0 1
    outer loop
      vertex 2.5 186.5 11
      vertex 9.5 182.5 11
      vertex 258.5 186.5 11
    endloop
  endfacet
  facet normal 0 0 1
    outer loop
      vertex 2.5 186.5 11
      vertex 6 7.5 11
      vertex 9.5 182.5 11
    endloop
  endfacet
  facet normal 0 0 1
    outer loop
      vertex 2.5 2.5 11
      vertex 6 7.5 11
      vertex 2.5 186.5 11
    endloop
  endfacet
  facet normal 0 0 1
    outer loop
      vertex 6 7.5 11
      vertex 2.5 2.5 11
      vertex 6 2.5 11
    endloop
  endfacet
  facet normal -0 0 1
    outer loop
      vertex 254.5 6.5 11
      vertex 258.5 2.5 11
      vertex 254.5 182.5 11
    endloop
  endfacet
  facet normal 0 0 1
    outer loop
      vertex 169.8 2.5 11
      vertex 254.5 6.5 11
      vertex 169.8 6.5 11
    endloop
  endfacet
  facet normal 0 0 1
    outer loop
      vertex 254.5 6.5 11
      vertex 169.8 2.5 11
      vertex 258.5 2.5 11
    endloop
  endfacet
  facet normal -1 0 0
    outer loop
      vertex 254.5 6.5 9.01
      vertex 254.5 182.5 11
      vertex 254.5 182.5 9.01
    endloop
  endfacet
  facet normal -1 -0 0
    outer loop
      vertex 254.5 182.5 11
      vertex 254.5 6.5 9.01
      vertex 254.5 6.5 11
    endloop
  endfacet
  facet normal -1 0 0
    outer loop
      vertex 254.5 6.5 9
      vertex 254.5 182.5 9.01
      vertex 254.5 182.5 9
    endloop
  endfacet
  facet normal -1 -0 0
    outer loop
      vertex 254.5 182.5 9.01
      vertex 254.5 6.5 9
      vertex 254.5 6.5 9.01
    endloop
  endfacet
  facet normal 1 -0 0
    outer loop
      vertex 9.5 7.5 11
      vertex 9.5 182.5 9.01
      vertex 9.5 182.5 11
    endloop
  endfacet
  facet normal 1 0 0
    outer loop
      vertex 9.5 182.5 9.01
      vertex 9.5 7.5 11
      vertex 9.5 7.5 9.01
    endloop
  endfacet
  facet normal 1 -0 0
    outer loop
      vertex 9.5 7.5 9.01
      vertex 9.5 182.5 9
      vertex 9.5 182.5 9.01
    endloop
  endfacet
  facet normal 1 0 0
    outer loop
      vertex 9.5 2.5 9
      vertex 9.5 7.5 9.01
      vertex 9.5 2.5 9.01
    endloop
  endfacet
  facet normal 1 0 0
    outer loop
      vertex 9.5 7.5 9.01
      vertex 9.5 2.5 9
      vertex 9.5 182.5 9
    endloop
  endfacet
  facet normal 0 -1 0
    outer loop
      vertex 9.5 182.5 9.01
      vertex 254.5 182.5 11
      vertex 9.5 182.5 11
    endloop
  endfacet
  facet normal 0 -1 -0
    outer loop
      vertex 254.5 182.5 11
      vertex 9.5 182.5 9.01
      vertex 254.5 182.5 9.01
    endloop
  endfacet
  facet normal 0 -1 0
    outer loop
      vertex 9.5 182.5 9
      vertex 254.5 182.5 9.01
      vertex 9.5 182.5 9.01
    endloop
  endfacet
  facet normal 0 -1 -0
    outer loop
      vertex 254.5 182.5 9.01
      vertex 9.5 182.5 9
      vertex 254.5 182.5 9
    endloop
  endfacet
  facet normal 0 1 -0
    outer loop
      vertex 254.5 6.5 9.01
      vertex 169.8 6.5 11
      vertex 254.5 6.5 11
    endloop
  endfacet
  facet normal 0 1 0
    outer loop
      vertex 169.8 6.5 11
      vertex 254.5 6.5 9.01
      vertex 169.8 6.5 9.01
    endloop
  endfacet
  facet normal 0 1 -0
    outer loop
      vertex 254.5 6.5 9
      vertex 169.8 6.5 9.01
      vertex 254.5 6.5 9.01
    endloop
  endfacet
  facet normal 0 1 0
    outer loop
      vertex 169.8 6.5 9.01
      vertex 254.5 6.5 9
      vertex 169.8 6.5 9
    endloop
  endfacet
  facet normal -1 0 0
    outer loop
      vertex 169.8 2.5 9.01
      vertex 169.8 6.5 9
      vertex 169.8 2.51 5
    endloop
  endfacet
  facet normal -1 0 0
    outer loop
      vertex 169.8 2.5 9.01
      vertex 169.8 2.51 5
      vertex 169.8 2.5 5
    endloop
  endfacet
  facet normal -1 0 0
    outer loop
      vertex 169.8 6.5 9
      vertex 169.8 2.5 9.01
      vertex 169.8 6.5 9.01
    endloop
  endfacet
  facet normal -1 0 0
    outer loop
      vertex 169.8 2.5 9.01
      vertex 169.8 6.5 11
      vertex 169.8 6.5 9.01
    endloop
  endfacet
  facet normal -1 -0 0
    outer loop
      vertex 169.8 6.5 11
      vertex 169.8 2.5 9.01
      vertex 169.8 2.5 11
    endloop
  endfacet
  facet normal 1 -0 0
    outer loop
      vertex 6 2.5 11
      vertex 6 7.5 9.01
      vertex 6 7.5 11
    endloop
  endfacet
  facet normal 1 0 0
    outer loop
      vertex 6 7.5 9.01
      vertex 6 2.5 11
      vertex 6 2.5 9.01
    endloop
  endfacet
  facet normal 0 -1 0
    outer loop
      vertex 6 7.5 9.01
      vertex 9.5 7.5 11
      vertex 6 7.5 11
    endloop
  endfacet
  facet normal 0 -1 -0
    outer loop
      vertex 9.5 7.5 11
      vertex 6 7.5 9.01
      vertex 9.5 7.5 9.01
    endloop
  endfacet
  facet normal 0.831419 0.555646 0
    outer loop
      vertex 24.3478 23.2654 6
      vertex 23.9142 23.9142 3
      vertex 23.9142 23.9142 6
    endloop
  endfacet
  facet normal 0.831419 0.555646 0
    outer loop
      vertex 23.9142 23.9142 3
      vertex 24.3478 23.2654 6
      vertex 24.3478 23.2654 3
    endloop
  endfacet
  facet normal 0.980797 0.195032 0
    outer loop
      vertex 24.5 22.5 6
      vertex 24.3478 23.2654 3
      vertex 24.3478 23.2654 6
    endloop
  endfacet
  facet normal 0.980797 0.195032 0
    outer loop
      vertex 24.3478 23.2654 3
      vertex 24.5 22.5 6
      vertex 24.5 22.5 3
    endloop
  endfacet
  facet normal 0.555646 0.831419 -0
    outer loop
      vertex 23.9142 23.9142 3
      vertex 23.2654 24.3478 6
      vertex 23.9142 23.9142 6
    endloop
  endfacet
  facet normal 0.555646 0.831419 0
    outer loop
      vertex 23.2654 24.3478 6
      vertex 23.9142 23.9142 3
      vertex 23.2654 24.3478 3
    endloop
  endfacet
  facet normal -0.980797 -0.195032 0
    outer loop
      vertex 20.6522 21.7346 3
      vertex 20.5 22.5 6
      vertex 20.5 22.5 3
    endloop
  endfacet
  facet normal -0.980797 -0.195032 0
    outer loop
      vertex 20.5 22.5 6
      vertex 20.6522 21.7346 3
      vertex 20.6522 21.7346 6
    endloop
  endfacet
  facet normal 0.555646 -0.831419 0
    outer loop
      vertex 23.2654 20.6522 3
      vertex 23.9142 21.0858 6
      vertex 23.2654 20.6522 6
    endloop
  endfacet
  facet normal 0.555646 -0.831419 0
    outer loop
      vertex 23.9142 21.0858 6
      vertex 23.2654 20.6522 3
      vertex 23.9142 21.0858 3
    endloop
  endfacet
  facet normal -0.831419 0.555646 0
    outer loop
      vertex 20.6522 23.2654 3
      vertex 21.0858 23.9142 6
      vertex 21.0858 23.9142 3
    endloop
  endfacet
  facet normal -0.831419 0.555646 0
    outer loop
      vertex 21.0858 23.9142 6
      vertex 20.6522 23.2654 3
      vertex 20.6522 23.2654 6
    endloop
  endfacet
  facet normal 0.831419 -0.555646 0
    outer loop
      vertex 23.9142 21.0858 6
      vertex 24.3478 21.7346 3
      vertex 24.3478 21.7346 6
    endloop
  endfacet
  facet normal 0.831419 -0.555646 0
    outer loop
      vertex 24.3478 21.7346 3
      vertex 23.9142 21.0858 6
      vertex 23.9142 21.0858 3
    endloop
  endfacet
  facet normal -0.195032 -0.980797 0
    outer loop
      vertex 21.7346 20.6522 3
      vertex 22.5 20.5 6
      vertex 21.7346 20.6522 6
    endloop
  endfacet
  facet normal -0.195032 -0.980797 -0
    outer loop
      vertex 22.5 20.5 6
      vertex 21.7346 20.6522 3
      vertex 22.5 20.5 3
    endloop
  endfacet
  facet normal 0.195032 0.980797 -0
    outer loop
      vertex 23.2654 24.3478 3
      vertex 22.5 24.5 6
      vertex 23.2654 24.3478 6
    endloop
  endfacet
  facet normal 0.195032 0.980797 0
    outer loop
      vertex 22.5 24.5 6
      vertex 23.2654 24.3478 3
      vertex 22.5 24.5 3
    endloop
  endfacet
  facet normal -0.195032 0.980797 0
    outer loop
      vertex 22.5 24.5 3
      vertex 21.7346 24.3478 6
      vertex 22.5 24.5 6
    endloop
  endfacet
  facet normal -0.195032 0.980797 0
    outer loop
      vertex 21.7346 24.3478 6
      vertex 22.5 24.5 3
      vertex 21.7346 24.3478 3
    endloop
  endfacet
  facet normal 0.980797 -0.195032 0
    outer loop
      vertex 24.3478 21.7346 6
      vertex 24.5 22.5 3
      vertex 24.5 22.5 6
    endloop
  endfacet
  facet normal 0.980797 -0.195032 0
    outer loop
      vertex 24.5 22.5 3
      vertex 24.3478 21.7346 6
      vertex 24.3478 21.7346 3
    endloop
  endfacet
  facet normal -0.831419 -0.555646 0
    outer loop
      vertex 21.0858 21.0858 3
      vertex 20.6522 21.7346 6
      vertex 20.6522 21.7346 3
    endloop
  endfacet
  facet normal -0.831419 -0.555646 0
    outer loop
      vertex 20.6522 21.7346 6
      vertex 21.0858 21.0858 3
      vertex 21.0858 21.0858 6
    endloop
  endfacet
  facet normal 0.195032 -0.980797 0
    outer loop
      vertex 22.5 20.5 3
      vertex 23.2654 20.6522 6
      vertex 22.5 20.5 6
    endloop
  endfacet
  facet normal 0.195032 -0.980797 0
    outer loop
      vertex 23.2654 20.6522 6
      vertex 22.5 20.5 3
      vertex 23.2654 20.6522 3
    endloop
  endfacet
  facet normal -0.980797 0.195032 0
    outer loop
      vertex 20.5 22.5 3
      vertex 20.6522 23.2654 6
      vertex 20.6522 23.2654 3
    endloop
  endfacet
  facet normal -0.980797 0.195032 0
    outer loop
      vertex 20.6522 23.2654 6
      vertex 20.5 22.5 3
      vertex 20.5 22.5 6
    endloop
  endfacet
  facet normal -0.555646 0.831419 0
    outer loop
      vertex 21.7346 24.3478 3
      vertex 21.0858 23.9142 6
      vertex 21.7346 24.3478 6
    endloop
  endfacet
  facet normal -0.555646 0.831419 0
    outer loop
      vertex 21.0858 23.9142 6
      vertex 21.7346 24.3478 3
      vertex 21.0858 23.9142 3
    endloop
  endfacet
  facet normal 0 0 1
    outer loop
      vertex 24.3478 23.2654 6
      vertex 24.3478 21.7346 6
      vertex 24.5 22.5 6
    endloop
  endfacet
  facet normal 0 0 1
    outer loop
      vertex 23.9142 23.9142 6
      vertex 24.3478 21.7346 6
      vertex 24.3478 23.2654 6
    endloop
  endfacet
  facet normal 0 0 1
    outer loop
      vertex 23.9142 23.9142 6
      vertex 23.9142 21.0858 6
      vertex 24.3478 21.7346 6
    endloop
  endfacet
  facet normal 0 0 1
    outer loop
      vertex 23.2654 24.3478 6
      vertex 23.9142 21.0858 6
      vertex 23.9142 23.9142 6
    endloop
  endfacet
  facet normal 0 0 1
    outer loop
      vertex 23.2654 24.3478 6
      vertex 23.2654 20.6522 6
      vertex 23.9142 21.0858 6
    endloop
  endfacet
  facet normal 0 0 1
    outer loop
      vertex 22.5 24.5 6
      vertex 23.2654 20.6522 6
      vertex 23.2654 24.3478 6
    endloop
  endfacet
  facet normal 0 0 1
    outer loop
      vertex 22.5 24.5 6
      vertex 22.5 20.5 6
      vertex 23.2654 20.6522 6
    endloop
  endfacet
  facet normal -0 0 1
    outer loop
      vertex 21.7346 24.3478 6
      vertex 22.5 20.5 6
      vertex 22.5 24.5 6
    endloop
  endfacet
  facet normal 0 0 1
    outer loop
      vertex 21.7346 24.3478 6
      vertex 21.7346 20.6522 6
      vertex 22.5 20.5 6
    endloop
  endfacet
  facet normal -0 0 1
    outer loop
      vertex 21.0858 23.9142 6
      vertex 21.7346 20.6522 6
      vertex 21.7346 24.3478 6
    endloop
  endfacet
  facet normal 0 0 1
    outer loop
      vertex 21.0858 23.9142 6
      vertex 21.0858 21.0858 6
      vertex 21.7346 20.6522 6
    endloop
  endfacet
  facet normal -0 0 1
    outer loop
      vertex 20.6522 23.2654 6
      vertex 21.0858 21.0858 6
      vertex 21.0858 23.9142 6
    endloop
  endfacet
  facet normal 0 0 1
    outer loop
      vertex 20.6522 23.2654 6
      vertex 20.6522 21.7346 6
      vertex 21.0858 21.0858 6
    endloop
  endfacet
  facet normal 0 -0 1
    outer loop
      vertex 20.6522 21.7346 6
      vertex 20.6522 23.2654 6
      vertex 20.5 22.5 6
    endloop
  endfacet
  facet normal -0.555646 -0.831419 0
    outer loop
      vertex 21.0858 21.0858 3
      vertex 21.7346 20.6522 6
      vertex 21.0858 21.0858 6
    endloop
  endfacet
  facet normal -0.555646 -0.831419 -0
    outer loop
      vertex 21.7346 20.6522 6
      vertex 21.0858 21.0858 3
      vertex 21.7346 20.6522 3
    endloop
  endfacet
  facet normal 0.831419 0.555646 0
    outer loop
      vertex 24.3478 68.2654 6
      vertex 23.9142 68.9142 3
      vertex 23.9142 68.9142 6
    endloop
  endfacet
  facet normal 0.831419 0.555646 0
    outer loop
      vertex 23.9142 68.9142 3
      vertex 24.3478 68.2654 6
      vertex 24.3478 68.2654 3
    endloop
  endfacet
  facet normal 0.980797 0.195032 0
    outer loop
      vertex 24.5 67.5 6
      vertex 24.3478 68.2654 3
      vertex 24.3478 68.2654 6
    endloop
  endfacet
  facet normal 0.980797 0.195032 0
    outer loop
      vertex 24.3478 68.2654 3
      vertex 24.5 67.5 6
      vertex 24.5 67.5 3
    endloop
  endfacet
  facet normal 0.555646 0.831419 -0
    outer loop
      vertex 23.9142 68.9142 3
      vertex 23.2654 69.3478 6
      vertex 23.9142 68.9142 6
    endloop
  endfacet
  facet normal 0.555646 0.831419 0
    outer loop
      vertex 23.2654 69.3478 6
      vertex 23.9142 68.9142 3
      vertex 23.2654 69.3478 3
    endloop
  endfacet
  facet normal -0.980797 -0.195032 0
    outer loop
      vertex 20.6522 66.7346 3
      vertex 20.5 67.5 6
      vertex 20.5 67.5 3
    endloop
  endfacet
  facet normal -0.980797 -0.195032 0
    outer loop
      vertex 20.5 67.5 6
      vertex 20.6522 66.7346 3
      vertex 20.6522 66.7346 6
    endloop
  endfacet
  facet normal 0.555646 -0.831419 0
    outer loop
      vertex 23.2654 65.6522 3
      vertex 23.9142 66.0858 6
      vertex 23.2654 65.6522 6
    endloop
  endfacet
  facet normal 0.555646 -0.831419 0
    outer loop
      vertex 23.9142 66.0858 6
      vertex 23.2654 65.6522 3
      vertex 23.9142 66.0858 3
    endloop
  endfacet
  facet normal -0.831419 0.555646 0
    outer loop
      vertex 20.6522 68.2654 3
      vertex 21.0858 68.9142 6
      vertex 21.0858 68.9142 3
    endloop
  endfacet
  facet normal -0.831419 0.555646 0
    outer loop
      vertex 21.0858 68.9142 6
      vertex 20.6522 68.2654 3
      vertex 20.6522 68.2654 6
    endloop
  endfacet
  facet normal 0.831419 -0.555646 0
    outer loop
      vertex 23.9142 66.0858 6
      vertex 24.3478 66.7346 3
      vertex 24.3478 66.7346 6
    endloop
  endfacet
  facet normal 0.831419 -0.555646 0
    outer loop
      vertex 24.3478 66.7346 3
      vertex 23.9142 66.0858 6
      vertex 23.9142 66.0858 3
    endloop
  endfacet
  facet normal -0.195032 -0.980797 0
    outer loop
      vertex 21.7346 65.6522 3
      vertex 22.5 65.5 6
      vertex 21.7346 65.6522 6
    endloop
  endfacet
  facet normal -0.195032 -0.980797 -0
    outer loop
      vertex 22.5 65.5 6
      vertex 21.7346 65.6522 3
      vertex 22.5 65.5 3
    endloop
  endfacet
  facet normal 0.195032 0.980797 -0
    outer loop
      vertex 23.2654 69.3478 3
      vertex 22.5 69.5 6
      vertex 23.2654 69.3478 6
    endloop
  endfacet
  facet normal 0.195032 0.980797 0
    outer loop
      vertex 22.5 69.5 6
      vertex 23.2654 69.3478 3
      vertex 22.5 69.5 3
    endloop
  endfacet
  facet normal -0.195032 0.980797 0
    outer loop
      vertex 22.5 69.5 3
      vertex 21.7346 69.3478 6
      vertex 22.5 69.5 6
    endloop
  endfacet
  facet normal -0.195032 0.980797 0
    outer loop
      vertex 21.7346 69.3478 6
      vertex 22.5 69.5 3
      vertex 21.7346 69.3478 3
    endloop
  endfacet
  facet normal 0.980797 -0.195032 0
    outer loop
      vertex 24.3478 66.7346 6
      vertex 24.5 67.5 3
      vertex 24.5 67.5 6
    endloop
  endfacet
  facet normal 0.980797 -0.195032 0
    outer loop
      vertex 24.5 67.5 3
      vertex 24.3478 66.7346 6
      vertex 24.3478 66.7346 3
    endloop
  endfacet
  facet normal -0.831419 -0.555646 0
    outer loop
      vertex 21.0858 66.0858 3
      vertex 20.6522 66.7346 6
      vertex 20.6522 66.7346 3
    endloop
  endfacet
  facet normal -0.831419 -0.555646 0
    outer loop
      vertex 20.6522 66.7346 6
      vertex 21.0858 66.0858 3
      vertex 21.0858 66.0858 6
    endloop
  endfacet
  facet normal 0.195032 -0.980797 0
    outer loop
      vertex 22.5 65.5 3
      vertex 23.2654 65.6522 6
      vertex 22.5 65.5 6
    endloop
  endfacet
  facet normal 0.195032 -0.980797 0
    outer loop
      vertex 23.2654 65.6522 6
      vertex 22.5 65.5 3
      vertex 23.2654 65.6522 3
    endloop
  endfacet
  facet normal -0.980797 0.195032 0
    outer loop
      vertex 20.5 67.5 3
      vertex 20.6522 68.2654 6
      vertex 20.6522 68.2654 3
    endloop
  endfacet
  facet normal -0.980797 0.195032 0
    outer loop
      vertex 20.6522 68.2654 6
      vertex 20.5 67.5 3
      vertex 20.5 67.5 6
    endloop
  endfacet
  facet normal -0.555646 0.831419 0
    outer loop
      vertex 21.7346 69.3478 3
      vertex 21.0858 68.9142 6
      vertex 21.7346 69.3478 6
    endloop
  endfacet
  facet normal -0.555646 0.831419 0
    outer loop
      vertex 21.0858 68.9142 6
      vertex 21.7346 69.3478 3
      vertex 21.0858 68.9142 3
    endloop
  endfacet
  facet normal 0 0 1
    outer loop
      vertex 24.3478 68.2654 6
      vertex 24.3478 66.7346 6
      vertex 24.5 67.5 6
    endloop
  endfacet
  facet normal 0 0 1
    outer loop
      vertex 23.9142 68.9142 6
      vertex 24.3478 66.7346 6
      vertex 24.3478 68.2654 6
    endloop
  endfacet
  facet normal 0 0 1
    outer loop
      vertex 23.9142 68.9142 6
      vertex 23.9142 66.0858 6
      vertex 24.3478 66.7346 6
    endloop
  endfacet
  facet normal 0 0 1
    outer loop
      vertex 23.2654 69.3478 6
      vertex 23.9142 66.0858 6
      vertex 23.9142 68.9142 6
    endloop
  endfacet
  facet normal 0 0 1
    outer loop
      vertex 23.2654 69.3478 6
      vertex 23.2654 65.6522 6
      vertex 23.9142 66.0858 6
    endloop
  endfacet
  facet normal 0 0 1
    outer loop
      vertex 22.5 69.5 6
      vertex 23.2654 65.6522 6
      vertex 23.2654 69.3478 6
    endloop
  endfacet
  facet normal 0 0 1
    outer loop
      vertex 22.5 69.5 6
      vertex 22.5 65.5 6
      vertex 23.2654 65.6522 6
    endloop
  endfacet
  facet normal -0 0 1
    outer loop
      vertex 21.7346 69.3478 6
      vertex 22.5 65.5 6
      vertex 22.5 69.5 6
    endloop
  endfacet
  facet normal 0 0 1
    outer loop
      vertex 21.7346 69.3478 6
      vertex 21.7346 65.6522 6
      vertex 22.5 65.5 6
    endloop
  endfacet
  facet normal -0 0 1
    outer loop
      vertex 21.0858 68.9142 6
      vertex 21.7346 65.6522 6
      vertex 21.7346 69.3478 6
    endloop
  endfacet
  facet normal 0 0 1
    outer loop
      vertex 21.0858 68.9142 6
      vertex 21.0858 66.0858 6
      vertex 21.7346 65.6522 6
    endloop
  endfacet
  facet normal -0 0 1
    outer loop
      vertex 20.6522 68.2654 6
      vertex 21.0858 66.0858 6
      vertex 21.0858 68.9142 6
    endloop
  endfacet
  facet normal 0 0 1
    outer loop
      vertex 20.6522 68.2654 6
      vertex 20.6522 66.7346 6
      vertex 21.0858 66.0858 6
    endloop
  endfacet
  facet normal 0 -0 1
    outer loop
      vertex 20.6522 66.7346 6
      vertex 20.6522 68.2654 6
      vertex 20.5 67.5 6
    endloop
  endfacet
  facet normal -0.555646 -0.831419 0
    outer loop
      vertex 21.0858 66.0858 3
      vertex 21.7346 65.6522 6
      vertex 21.0858 66.0858 6
    endloop
  endfacet
  facet normal -0.555646 -0.831419 -0
    outer loop
      vertex 21.7346 65.6522 6
      vertex 21.0858 66.0858 3
      vertex 21.7346 65.6522 3
    endloop
  endfacet
  facet normal 0.831498 0.555528 0
    outer loop
      vertex 24.3478 113.265 6
      vertex 23.9142 113.914 3
      vertex 23.9142 113.914 6
    endloop
  endfacet
  facet normal 0.831498 0.555528 0
    outer loop
      vertex 23.9142 113.914 3
      vertex 24.3478 113.265 6
      vertex 24.3478 113.265 3
    endloop
  endfacet
  facet normal 0.980777 0.19513 0
    outer loop
      vertex 24.5 112.5 6
      vertex 24.3478 113.265 3
      vertex 24.3478 113.265 6
    endloop
  endfacet
  facet normal 0.980777 0.19513 0
    outer loop
      vertex 24.3478 113.265 3
      vertex 24.5 112.5 6
      vertex 24.5 112.5 3
    endloop
  endfacet
  facet normal 0.556 0.831182 -0
    outer loop
      vertex 23.9142 113.914 3
      vertex 23.2654 114.348 6
      vertex 23.9142 113.914 6
    endloop
  endfacet
  facet normal 0.556 0.831182 0
    outer loop
      vertex 23.2654 114.348 6
      vertex 23.9142 113.914 3
      vertex 23.2654 114.348 3
    endloop
  endfacet
  facet normal -0.980777 -0.19513 0
    outer loop
      vertex 20.6522 111.735 3
      vertex 20.5 112.5 6
      vertex 20.5 112.5 3
    endloop
  endfacet
  facet normal -0.980777 -0.19513 0
    outer loop
      vertex 20.5 112.5 6
      vertex 20.6522 111.735 3
      vertex 20.6522 111.735 6
    endloop
  endfacet
  facet normal 0.556 -0.831182 0
    outer loop
      vertex 23.2654 110.652 3
      vertex 23.9142 111.086 6
      vertex 23.2654 110.652 6
    endloop
  endfacet
  facet normal 0.556 -0.831182 0
    outer loop
      vertex 23.9142 111.086 6
      vertex 23.2654 110.652 3
      vertex 23.9142 111.086 3
    endloop
  endfacet
  facet normal -0.831498 0.555528 0
    outer loop
      vertex 20.6522 113.265 3
      vertex 21.0858 113.914 6
      vertex 21.0858 113.914 3
    endloop
  endfacet
  facet normal -0.831498 0.555528 0
    outer loop
      vertex 21.0858 113.914 6
      vertex 20.6522 113.265 3
      vertex 20.6522 113.265 6
    endloop
  endfacet
  facet normal -0.194785 -0.980846 0
    outer loop
      vertex 21.7346 110.652 3
      vertex 22.5 110.5 6
      vertex 21.7346 110.652 6
    endloop
  endfacet
  facet normal -0.194785 -0.980846 -0
    outer loop
      vertex 22.5 110.5 6
      vertex 21.7346 110.652 3
      vertex 22.5 110.5 3
    endloop
  endfacet
  facet normal 0.194785 0.980846 -0
    outer loop
      vertex 23.2654 114.348 3
      vertex 22.5 114.5 6
      vertex 23.2654 114.348 6
    endloop
  endfacet
  facet normal 0.194785 0.980846 0
    outer loop
      vertex 22.5 114.5 6
      vertex 23.2654 114.348 3
      vertex 22.5 114.5 3
    endloop
  endfacet
  facet normal -0.194785 0.980846 0
    outer loop
      vertex 22.5 114.5 3
      vertex 21.7346 114.348 6
      vertex 22.5 114.5 6
    endloop
  endfacet
  facet normal -0.194785 0.980846 0
    outer loop
      vertex 21.7346 114.348 6
      vertex 22.5 114.5 3
      vertex 21.7346 114.348 3
    endloop
  endfacet
  facet normal -0.556 0.831182 0
    outer loop
      vertex 21.7346 114.348 3
      vertex 21.0858 113.914 6
      vertex 21.7346 114.348 6
    endloop
  endfacet
  facet normal -0.556 0.831182 0
    outer loop
      vertex 21.0858 113.914 6
      vertex 21.7346 114.348 3
      vertex 21.0858 113.914 3
    endloop
  endfacet
  facet normal 0.831498 -0.555528 0
    outer loop
      vertex 23.9142 111.086 6
      vertex 24.3478 111.735 3
      vertex 24.3478 111.735 6
    endloop
  endfacet
  facet normal 0.831498 -0.555528 0
    outer loop
      vertex 24.3478 111.735 3
      vertex 23.9142 111.086 6
      vertex 23.9142 111.086 3
    endloop
  endfacet
  facet normal 0.980777 -0.19513 0
    outer loop
      vertex 24.3478 111.735 6
      vertex 24.5 112.5 3
      vertex 24.5 112.5 6
    endloop
  endfacet
  facet normal 0.980777 -0.19513 0
    outer loop
      vertex 24.5 112.5 3
      vertex 24.3478 111.735 6
      vertex 24.3478 111.735 3
    endloop
  endfacet
  facet normal -0.831498 -0.555528 0
    outer loop
      vertex 21.0858 111.086 3
      vertex 20.6522 111.735 6
      vertex 20.6522 111.735 3
    endloop
  endfacet
  facet normal -0.831498 -0.555528 0
    outer loop
      vertex 20.6522 111.735 6
      vertex 21.0858 111.086 3
      vertex 21.0858 111.086 6
    endloop
  endfacet
  facet normal 0.194785 -0.980846 0
    outer loop
      vertex 22.5 110.5 3
      vertex 23.2654 110.652 6
      vertex 22.5 110.5 6
    endloop
  endfacet
  facet normal 0.194785 -0.980846 0
    outer loop
      vertex 23.2654 110.652 6
      vertex 22.5 110.5 3
      vertex 23.2654 110.652 3
    endloop
  endfacet
  facet normal -0.980777 0.19513 0
    outer loop
      vertex 20.5 112.5 3
      vertex 20.6522 113.265 6
      vertex 20.6522 113.265 3
    endloop
  endfacet
  facet normal -0.980777 0.19513 0
    outer loop
      vertex 20.6522 113.265 6
      vertex 20.5 112.5 3
      vertex 20.5 112.5 6
    endloop
  endfacet
  facet normal 0 0 1
    outer loop
      vertex 24.3478 113.265 6
      vertex 24.3478 111.735 6
      vertex 24.5 112.5 6
    endloop
  endfacet
  facet normal 0 0 1
    outer loop
      vertex 23.9142 113.914 6
      vertex 24.3478 111.735 6
      vertex 24.3478 113.265 6
    endloop
  endfacet
  facet normal 0 0 1
    outer loop
      vertex 23.9142 113.914 6
      vertex 23.9142 111.086 6
      vertex 24.3478 111.735 6
    endloop
  endfacet
  facet normal 0 0 1
    outer loop
      vertex 23.2654 114.348 6
      vertex 23.9142 111.086 6
      vertex 23.9142 113.914 6
    endloop
  endfacet
  facet normal 0 0 1
    outer loop
      vertex 23.2654 114.348 6
      vertex 23.2654 110.652 6
      vertex 23.9142 111.086 6
    endloop
  endfacet
  facet normal 0 0 1
    outer loop
      vertex 22.5 114.5 6
      vertex 23.2654 110.652 6
      vertex 23.2654 114.348 6
    endloop
  endfacet
  facet normal 0 0 1
    outer loop
      vertex 22.5 114.5 6
      vertex 22.5 110.5 6
      vertex 23.2654 110.652 6
    endloop
  endfacet
  facet normal -0 0 1
    outer loop
      vertex 21.7346 114.348 6
      vertex 22.5 110.5 6
      vertex 22.5 114.5 6
    endloop
  endfacet
  facet normal 0 0 1
    outer loop
      vertex 21.7346 114.348 6
      vertex 21.7346 110.652 6
      vertex 22.5 110.5 6
    endloop
  endfacet
  facet normal -0 0 1
    outer loop
      vertex 21.0858 113.914 6
      vertex 21.7346 110.652 6
      vertex 21.7346 114.348 6
    endloop
  endfacet
  facet normal 0 0 1
    outer loop
      vertex 21.0858 113.914 6
      vertex 21.0858 111.086 6
      vertex 21.7346 110.652 6
    endloop
  endfacet
  facet normal -0 0 1
    outer loop
      vertex 20.6522 113.265 6
      vertex 21.0858 111.086 6
      vertex 21.0858 113.914 6
    endloop
  endfacet
  facet normal 0 0 1
    outer loop
      vertex 20.6522 113.265 6
      vertex 20.6522 111.735 6
      vertex 21.0858 111.086 6
    endloop
  endfacet
  facet normal 0 -0 1
    outer loop
      vertex 20.6522 111.735 6
      vertex 20.6522 113.265 6
      vertex 20.5 112.5 6
    endloop
  endfacet
  facet normal -0.556 -0.831182 0
    outer loop
      vertex 21.0858 111.086 3
      vertex 21.7346 110.652 6
      vertex 21.0858 111.086 6
    endloop
  endfacet
  facet normal -0.556 -0.831182 -0
    outer loop
      vertex 21.7346 110.652 6
      vertex 21.0858 111.086 3
      vertex 21.7346 110.652 3
    endloop
  endfacet
  facet normal 0.831498 0.555528 0
    outer loop
      vertex 24.3478 158.265 6
      vertex 23.9142 158.914 3
      vertex 23.9142 158.914 6
    endloop
  endfacet
  facet normal 0.831498 0.555528 0
    outer loop
      vertex 23.9142 158.914 3
      vertex 24.3478 158.265 6
      vertex 24.3478 158.265 3
    endloop
  endfacet
  facet normal 0.980777 0.19513 0
    outer loop
      vertex 24.5 157.5 6
      vertex 24.3478 158.265 3
      vertex 24.3478 158.265 6
    endloop
  endfacet
  facet normal 0.980777 0.19513 0
    outer loop
      vertex 24.3478 158.265 3
      vertex 24.5 157.5 6
      vertex 24.5 157.5 3
    endloop
  endfacet
  facet normal 0.556 0.831182 -0
    outer loop
      vertex 23.9142 158.914 3
      vertex 23.2654 159.348 6
      vertex 23.9142 158.914 6
    endloop
  endfacet
  facet normal 0.556 0.831182 0
    outer loop
      vertex 23.2654 159.348 6
      vertex 23.9142 158.914 3
      vertex 23.2654 159.348 3
    endloop
  endfacet
  facet normal -0.980777 -0.19513 0
    outer loop
      vertex 20.6522 156.735 3
      vertex 20.5 157.5 6
      vertex 20.5 157.5 3
    endloop
  endfacet
  facet normal -0.980777 -0.19513 0
    outer loop
      vertex 20.5 157.5 6
      vertex 20.6522 156.735 3
      vertex 20.6522 156.735 6
    endloop
  endfacet
  facet normal 0.556 -0.831182 0
    outer loop
      vertex 23.2654 155.652 3
      vertex 23.9142 156.086 6
      vertex 23.2654 155.652 6
    endloop
  endfacet
  facet normal 0.556 -0.831182 0
    outer loop
      vertex 23.9142 156.086 6
      vertex 23.2654 155.652 3
      vertex 23.9142 156.086 3
    endloop
  endfacet
  facet normal -0.831498 0.555528 0
    outer loop
      vertex 20.6522 158.265 3
      vertex 21.0858 158.914 6
      vertex 21.0858 158.914 3
    endloop
  endfacet
  facet normal -0.831498 0.555528 0
    outer loop
      vertex 21.0858 158.914 6
      vertex 20.6522 158.265 3
      vertex 20.6522 158.265 6
    endloop
  endfacet
  facet normal -0.194785 -0.980846 0
    outer loop
      vertex 21.7346 155.652 3
      vertex 22.5 155.5 6
      vertex 21.7346 155.652 6
    endloop
  endfacet
  facet normal -0.194785 -0.980846 -0
    outer loop
      vertex 22.5 155.5 6
      vertex 21.7346 155.652 3
      vertex 22.5 155.5 3
    endloop
  endfacet
  facet normal 0.194785 0.980846 -0
    outer loop
      vertex 23.2654 159.348 3
      vertex 22.5 159.5 6
      vertex 23.2654 159.348 6
    endloop
  endfacet
  facet normal 0.194785 0.980846 0
    outer loop
      vertex 22.5 159.5 6
      vertex 23.2654 159.348 3
      vertex 22.5 159.5 3
    endloop
  endfacet
  facet normal -0.194785 0.980846 0
    outer loop
      vertex 22.5 159.5 3
      vertex 21.7346 159.348 6
      vertex 22.5 159.5 6
    endloop
  endfacet
  facet normal -0.194785 0.980846 0
    outer loop
      vertex 21.7346 159.348 6
      vertex 22.5 159.5 3
      vertex 21.7346 159.348 3
    endloop
  endfacet
  facet normal 0.831498 -0.555528 0
    outer loop
      vertex 23.9142 156.086 6
      vertex 24.3478 156.735 3
      vertex 24.3478 156.735 6
    endloop
  endfacet
  facet normal 0.831498 -0.555528 0
    outer loop
      vertex 24.3478 156.735 3
      vertex 23.9142 156.086 6
      vertex 23.9142 156.086 3
    endloop
  endfacet
  facet normal 0.980777 -0.19513 0
    outer loop
      vertex 24.3478 156.735 6
      vertex 24.5 157.5 3
      vertex 24.5 157.5 6
    endloop
  endfacet
  facet normal 0.980777 -0.19513 0
    outer loop
      vertex 24.5 157.5 3
      vertex 24.3478 156.735 6
      vertex 24.3478 156.735 3
    endloop
  endfacet
  facet normal -0.831498 -0.555528 0
    outer loop
      vertex 21.0858 156.086 3
      vertex 20.6522 156.735 6
      vertex 20.6522 156.735 3
    endloop
  endfacet
  facet normal -0.831498 -0.555528 0
    outer loop
      vertex 20.6522 156.735 6
      vertex 21.0858 156.086 3
      vertex 21.0858 156.086 6
    endloop
  endfacet
  facet normal 0.194785 -0.980846 0
    outer loop
      vertex 22.5 155.5 3
      vertex 23.2654 155.652 6
      vertex 22.5 155.5 6
    endloop
  endfacet
  facet normal 0.194785 -0.980846 0
    outer loop
      vertex 23.2654 155.652 6
      vertex 22.5 155.5 3
      vertex 23.2654 155.652 3
    endloop
  endfacet
  facet normal -0.980777 0.19513 0
    outer loop
      vertex 20.5 157.5 3
      vertex 20.6522 158.265 6
      vertex 20.6522 158.265 3
    endloop
  endfacet
  facet normal -0.980777 0.19513 0
    outer loop
      vertex 20.6522 158.265 6
      vertex 20.5 157.5 3
      vertex 20.5 157.5 6
    endloop
  endfacet
  facet normal -0.556 0.831182 0
    outer loop
      vertex 21.7346 159.348 3
      vertex 21.0858 158.914 6
      vertex 21.7346 159.348 6
    endloop
  endfacet
  facet normal -0.556 0.831182 0
    outer loop
      vertex 21.0858 158.914 6
      vertex 21.7346 159.348 3
      vertex 21.0858 158.914 3
    endloop
  endfacet
  facet normal 0 0 1
    outer loop
      vertex 24.3478 158.265 6
      vertex 24.3478 156.735 6
      vertex 24.5 157.5 6
    endloop
  endfacet
  facet normal 0 0 1
    outer loop
      vertex 23.9142 158.914 6
      vertex 24.3478 156.735 6
      vertex 24.3478 158.265 6
    endloop
  endfacet
  facet normal 0 0 1
    outer loop
      vertex 23.9142 158.914 6
      vertex 23.9142 156.086 6
      vertex 24.3478 156.735 6
    endloop
  endfacet
  facet normal 0 0 1
    outer loop
      vertex 23.2654 159.348 6
      vertex 23.9142 156.086 6
      vertex 23.9142 158.914 6
    endloop
  endfacet
  facet normal 0 0 1
    outer loop
      vertex 23.2654 159.348 6
      vertex 23.2654 155.652 6
      vertex 23.9142 156.086 6
    endloop
  endfacet
  facet normal 0 0 1
    outer loop
      vertex 22.5 159.5 6
      vertex 23.2654 155.652 6
      vertex 23.2654 159.348 6
    endloop
  endfacet
  facet normal 0 0 1
    outer loop
      vertex 22.5 159.5 6
      vertex 22.5 155.5 6
      vertex 23.2654 155.652 6
    endloop
  endfacet
  facet normal -0 0 1
    outer loop
      vertex 21.7346 159.348 6
      vertex 22.5 155.5 6
      vertex 22.5 159.5 6
    endloop
  endfacet
  facet normal 0 0 1
    outer loop
      vertex 21.7346 159.348 6
      vertex 21.7346 155.652 6
      vertex 22.5 155.5 6
    endloop
  endfacet
  facet normal -0 0 1
    outer loop
      vertex 21.0858 158.914 6
      vertex 21.7346 155.652 6
      vertex 21.7346 159.348 6
    endloop
  endfacet
  facet normal 0 0 1
    outer loop
      vertex 21.0858 158.914 6
      vertex 21.0858 156.086 6
      vertex 21.7346 155.652 6
    endloop
  endfacet
  facet normal -0 0 1
    outer loop
      vertex 20.6522 158.265 6
      vertex 21.0858 156.086 6
      vertex 21.0858 158.914 6
    endloop
  endfacet
  facet normal 0 0 1
    outer loop
      vertex 20.6522 158.265 6
      vertex 20.6522 156.735 6
      vertex 21.0858 156.086 6
    endloop
  endfacet
  facet normal 0 -0 1
    outer loop
      vertex 20.6522 156.735 6
      vertex 20.6522 158.265 6
      vertex 20.5 157.5 6
    endloop
  endfacet
  facet normal -0.556 -0.831182 0
    outer loop
      vertex 21.0858 156.086 3
      vertex 21.7346 155.652 6
      vertex 21.0858 156.086 6
    endloop
  endfacet
  facet normal -0.556 -0.831182 -0
    outer loop
      vertex 21.7346 155.652 6
      vertex 21.0858 156.086 3
      vertex 21.7346 155.652 3
    endloop
  endfacet
  facet normal 0.831419 0.555646 0
    outer loop
      vertex 69.3478 23.2654 6
      vertex 68.9142 23.9142 3
      vertex 68.9142 23.9142 6
    endloop
  endfacet
  facet normal 0.831419 0.555646 0
    outer loop
      vertex 68.9142 23.9142 3
      vertex 69.3478 23.2654 6
      vertex 69.3478 23.2654 3
    endloop
  endfacet
  facet normal 0.980797 0.195032 0
    outer loop
      vertex 69.5 22.5 6
      vertex 69.3478 23.2654 3
      vertex 69.3478 23.2654 6
    endloop
  endfacet
  facet normal 0.980797 0.195032 0
    outer loop
      vertex 69.3478 23.2654 3
      vertex 69.5 22.5 6
      vertex 69.5 22.5 3
    endloop
  endfacet
  facet normal 0.555646 0.831419 -0
    outer loop
      vertex 68.9142 23.9142 3
      vertex 68.2654 24.3478 6
      vertex 68.9142 23.9142 6
    endloop
  endfacet
  facet normal 0.555646 0.831419 0
    outer loop
      vertex 68.2654 24.3478 6
      vertex 68.9142 23.9142 3
      vertex 68.2654 24.3478 3
    endloop
  endfacet
  facet normal -0.980797 -0.195032 0
    outer loop
      vertex 65.6522 21.7346 3
      vertex 65.5 22.5 6
      vertex 65.5 22.5 3
    endloop
  endfacet
  facet normal -0.980797 -0.195032 0
    outer loop
      vertex 65.5 22.5 6
      vertex 65.6522 21.7346 3
      vertex 65.6522 21.7346 6
    endloop
  endfacet
  facet normal 0.555646 -0.831419 0
    outer loop
      vertex 68.2654 20.6522 3
      vertex 68.9142 21.0858 6
      vertex 68.2654 20.6522 6
    endloop
  endfacet
  facet normal 0.555646 -0.831419 0
    outer loop
      vertex 68.9142 21.0858 6
      vertex 68.2654 20.6522 3
      vertex 68.9142 21.0858 3
    endloop
  endfacet
  facet normal -0.831419 0.555646 0
    outer loop
      vertex 65.6522 23.2654 3
      vertex 66.0858 23.9142 6
      vertex 66.0858 23.9142 3
    endloop
  endfacet
  facet normal -0.831419 0.555646 0
    outer loop
      vertex 66.0858 23.9142 6
      vertex 65.6522 23.2654 3
      vertex 65.6522 23.2654 6
    endloop
  endfacet
  facet normal -0.195032 -0.980797 0
    outer loop
      vertex 66.7346 20.6522 3
      vertex 67.5 20.5 6
      vertex 66.7346 20.6522 6
    endloop
  endfacet
  facet normal -0.195032 -0.980797 -0
    outer loop
      vertex 67.5 20.5 6
      vertex 66.7346 20.6522 3
      vertex 67.5 20.5 3
    endloop
  endfacet
  facet normal 0.195032 0.980797 -0
    outer loop
      vertex 68.2654 24.3478 3
      vertex 67.5 24.5 6
      vertex 68.2654 24.3478 6
    endloop
  endfacet
  facet normal 0.195032 0.980797 0
    outer loop
      vertex 67.5 24.5 6
      vertex 68.2654 24.3478 3
      vertex 67.5 24.5 3
    endloop
  endfacet
  facet normal -0.195032 0.980797 0
    outer loop
      vertex 67.5 24.5 3
      vertex 66.7346 24.3478 6
      vertex 67.5 24.5 6
    endloop
  endfacet
  facet normal -0.195032 0.980797 0
    outer loop
      vertex 66.7346 24.3478 6
      vertex 67.5 24.5 3
      vertex 66.7346 24.3478 3
    endloop
  endfacet
  facet normal 0.831419 -0.555646 0
    outer loop
      vertex 68.9142 21.0858 6
      vertex 69.3478 21.7346 3
      vertex 69.3478 21.7346 6
    endloop
  endfacet
  facet normal 0.831419 -0.555646 0
    outer loop
      vertex 69.3478 21.7346 3
      vertex 68.9142 21.0858 6
      vertex 68.9142 21.0858 3
    endloop
  endfacet
  facet normal 0.980797 -0.195032 0
    outer loop
      vertex 69.3478 21.7346 6
      vertex 69.5 22.5 3
      vertex 69.5 22.5 6
    endloop
  endfacet
  facet normal 0.980797 -0.195032 0
    outer loop
      vertex 69.5 22.5 3
      vertex 69.3478 21.7346 6
      vertex 69.3478 21.7346 3
    endloop
  endfacet
  facet normal -0.831419 -0.555646 0
    outer loop
      vertex 66.0858 21.0858 3
      vertex 65.6522 21.7346 6
      vertex 65.6522 21.7346 3
    endloop
  endfacet
  facet normal -0.831419 -0.555646 0
    outer loop
      vertex 65.6522 21.7346 6
      vertex 66.0858 21.0858 3
      vertex 66.0858 21.0858 6
    endloop
  endfacet
  facet normal 0.195032 -0.980797 0
    outer loop
      vertex 67.5 20.5 3
      vertex 68.2654 20.6522 6
      vertex 67.5 20.5 6
    endloop
  endfacet
  facet normal 0.195032 -0.980797 0
    outer loop
      vertex 68.2654 20.6522 6
      vertex 67.5 20.5 3
      vertex 68.2654 20.6522 3
    endloop
  endfacet
  facet normal -0.980797 0.195032 0
    outer loop
      vertex 65.5 22.5 3
      vertex 65.6522 23.2654 6
      vertex 65.6522 23.2654 3
    endloop
  endfacet
  facet normal -0.980797 0.195032 0
    outer loop
      vertex 65.6522 23.2654 6
      vertex 65.5 22.5 3
      vertex 65.5 22.5 6
    endloop
  endfacet
  facet normal -0.555646 0.831419 0
    outer loop
      vertex 66.7346 24.3478 3
      vertex 66.0858 23.9142 6
      vertex 66.7346 24.3478 6
    endloop
  endfacet
  facet normal -0.555646 0.831419 0
    outer loop
      vertex 66.0858 23.9142 6
      vertex 66.7346 24.3478 3
      vertex 66.0858 23.9142 3
    endloop
  endfacet
  facet normal 0 0 1
    outer loop
      vertex 69.3478 23.2654 6
      vertex 69.3478 21.7346 6
      vertex 69.5 22.5 6
    endloop
  endfacet
  facet normal 0 0 1
    outer loop
      vertex 68.9142 23.9142 6
      vertex 69.3478 21.7346 6
      vertex 69.3478 23.2654 6
    endloop
  endfacet
  facet normal 0 0 1
    outer loop
      vertex 68.9142 23.9142 6
      vertex 68.9142 21.0858 6
      vertex 69.3478 21.7346 6
    endloop
  endfacet
  facet normal 0 0 1
    outer loop
      vertex 68.2654 24.3478 6
      vertex 68.9142 21.0858 6
      vertex 68.9142 23.9142 6
    endloop
  endfacet
  facet normal 0 0 1
    outer loop
      vertex 68.2654 24.3478 6
      vertex 68.2654 20.6522 6
      vertex 68.9142 21.0858 6
    endloop
  endfacet
  facet normal 0 0 1
    outer loop
      vertex 67.5 24.5 6
      vertex 68.2654 20.6522 6
      vertex 68.2654 24.3478 6
    endloop
  endfacet
  facet normal 0 0 1
    outer loop
      vertex 67.5 24.5 6
      vertex 67.5 20.5 6
      vertex 68.2654 20.6522 6
    endloop
  endfacet
  facet normal -0 0 1
    outer loop
      vertex 66.7346 24.3478 6
      vertex 67.5 20.5 6
      vertex 67.5 24.5 6
    endloop
  endfacet
  facet normal 0 0 1
    outer loop
      vertex 66.7346 24.3478 6
      vertex 66.7346 20.6522 6
      vertex 67.5 20.5 6
    endloop
  endfacet
  facet normal -0 0 1
    outer loop
      vertex 66.0858 23.9142 6
      vertex 66.7346 20.6522 6
      vertex 66.7346 24.3478 6
    endloop
  endfacet
  facet normal 0 0 1
    outer loop
      vertex 66.0858 23.9142 6
      vertex 66.0858 21.0858 6
      vertex 66.7346 20.6522 6
    endloop
  endfacet
  facet normal -0 0 1
    outer loop
      vertex 65.6522 23.2654 6
      vertex 66.0858 21.0858 6
      vertex 66.0858 23.9142 6
    endloop
  endfacet
  facet normal 0 0 1
    outer loop
      vertex 65.6522 23.2654 6
      vertex 65.6522 21.7346 6
      vertex 66.0858 21.0858 6
    endloop
  endfacet
  facet normal 0 -0 1
    outer loop
      vertex 65.6522 21.7346 6
      vertex 65.6522 23.2654 6
      vertex 65.5 22.5 6
    endloop
  endfacet
  facet normal -0.555646 -0.831419 0
    outer loop
      vertex 66.0858 21.0858 3
      vertex 66.7346 20.6522 6
      vertex 66.0858 21.0858 6
    endloop
  endfacet
  facet normal -0.555646 -0.831419 -0
    outer loop
      vertex 66.7346 20.6522 6
      vertex 66.0858 21.0858 3
      vertex 66.7346 20.6522 3
    endloop
  endfacet
  facet normal 0.831419 0.555646 0
    outer loop
      vertex 69.3478 68.2654 6
      vertex 68.9142 68.9142 3
      vertex 68.9142 68.9142 6
    endloop
  endfacet
  facet normal 0.831419 0.555646 0
    outer loop
      vertex 68.9142 68.9142 3
      vertex 69.3478 68.2654 6
      vertex 69.3478 68.2654 3
    endloop
  endfacet
  facet normal 0.980797 0.195032 0
    outer loop
      vertex 69.5 67.5 6
      vertex 69.3478 68.2654 3
      vertex 69.3478 68.2654 6
    endloop
  endfacet
  facet normal 0.980797 0.195032 0
    outer loop
      vertex 69.3478 68.2654 3
      vertex 69.5 67.5 6
      vertex 69.5 67.5 3
    endloop
  endfacet
  facet normal 0.555646 0.831419 -0
    outer loop
      vertex 68.9142 68.9142 3
      vertex 68.2654 69.3478 6
      vertex 68.9142 68.9142 6
    endloop
  endfacet
  facet normal 0.555646 0.831419 0
    outer loop
      vertex 68.2654 69.3478 6
      vertex 68.9142 68.9142 3
      vertex 68.2654 69.3478 3
    endloop
  endfacet
  facet normal -0.980797 -0.195032 0
    outer loop
      vertex 65.6522 66.7346 3
      vertex 65.5 67.5 6
      vertex 65.5 67.5 3
    endloop
  endfacet
  facet normal -0.980797 -0.195032 0
    outer loop
      vertex 65.5 67.5 6
      vertex 65.6522 66.7346 3
      vertex 65.6522 66.7346 6
    endloop
  endfacet
  facet normal 0.555646 -0.831419 0
    outer loop
      vertex 68.2654 65.6522 3
      vertex 68.9142 66.0858 6
      vertex 68.2654 65.6522 6
    endloop
  endfacet
  facet normal 0.555646 -0.831419 0
    outer loop
      vertex 68.9142 66.0858 6
      vertex 68.2654 65.6522 3
      vertex 68.9142 66.0858 3
    endloop
  endfacet
  facet normal -0.831419 0.555646 0
    outer loop
      vertex 65.6522 68.2654 3
      vertex 66.0858 68.9142 6
      vertex 66.0858 68.9142 3
    endloop
  endfacet
  facet normal -0.831419 0.555646 0
    outer loop
      vertex 66.0858 68.9142 6
      vertex 65.6522 68.2654 3
      vertex 65.6522 68.2654 6
    endloop
  endfacet
  facet normal -0.195032 -0.980797 0
    outer loop
      vertex 66.7346 65.6522 3
      vertex 67.5 65.5 6
      vertex 66.7346 65.6522 6
    endloop
  endfacet
  facet normal -0.195032 -0.980797 -0
    outer loop
      vertex 67.5 65.5 6
      vertex 66.7346 65.6522 3
      vertex 67.5 65.5 3
    endloop
  endfacet
  facet normal 0.195032 0.980797 -0
    outer loop
      vertex 68.2654 69.3478 3
      vertex 67.5 69.5 6
      vertex 68.2654 69.3478 6
    endloop
  endfacet
  facet normal 0.195032 0.980797 0
    outer loop
      vertex 67.5 69.5 6
      vertex 68.2654 69.3478 3
      vertex 67.5 69.5 3
    endloop
  endfacet
  facet normal -0.195032 0.980797 0
    outer loop
      vertex 67.5 69.5 3
      vertex 66.7346 69.3478 6
      vertex 67.5 69.5 6
    endloop
  endfacet
  facet normal -0.195032 0.980797 0
    outer loop
      vertex 66.7346 69.3478 6
      vertex 67.5 69.5 3
      vertex 66.7346 69.3478 3
    endloop
  endfacet
  facet normal 0.831419 -0.555646 0
    outer loop
      vertex 68.9142 66.0858 6
      vertex 69.3478 66.7346 3
      vertex 69.3478 66.7346 6
    endloop
  endfacet
  facet normal 0.831419 -0.555646 0
    outer loop
      vertex 69.3478 66.7346 3
      vertex 68.9142 66.0858 6
      vertex 68.9142 66.0858 3
    endloop
  endfacet
  facet normal 0.980797 -0.195032 0
    outer loop
      vertex 69.3478 66.7346 6
      vertex 69.5 67.5 3
      vertex 69.5 67.5 6
    endloop
  endfacet
  facet normal 0.980797 -0.195032 0
    outer loop
      vertex 69.5 67.5 3
      vertex 69.3478 66.7346 6
      vertex 69.3478 66.7346 3
    endloop
  endfacet
  facet normal -0.831419 -0.555646 0
    outer loop
      vertex 66.0858 66.0858 3
      vertex 65.6522 66.7346 6
      vertex 65.6522 66.7346 3
    endloop
  endfacet
  facet normal -0.831419 -0.555646 0
    outer loop
      vertex 65.6522 66.7346 6
      vertex 66.0858 66.0858 3
      vertex 66.0858 66.0858 6
    endloop
  endfacet
  facet normal 0.195032 -0.980797 0
    outer loop
      vertex 67.5 65.5 3
      vertex 68.2654 65.6522 6
      vertex 67.5 65.5 6
    endloop
  endfacet
  facet normal 0.195032 -0.980797 0
    outer loop
      vertex 68.2654 65.6522 6
      vertex 67.5 65.5 3
      vertex 68.2654 65.6522 3
    endloop
  endfacet
  facet normal -0.980797 0.195032 0
    outer loop
      vertex 65.5 67.5 3
      vertex 65.6522 68.2654 6
      vertex 65.6522 68.2654 3
    endloop
  endfacet
  facet normal -0.980797 0.195032 0
    outer loop
      vertex 65.6522 68.2654 6
      vertex 65.5 67.5 3
      vertex 65.5 67.5 6
    endloop
  endfacet
  facet normal -0.555646 0.831419 0
    outer loop
      vertex 66.7346 69.3478 3
      vertex 66.0858 68.9142 6
      vertex 66.7346 69.3478 6
    endloop
  endfacet
  facet normal -0.555646 0.831419 0
    outer loop
      vertex 66.0858 68.9142 6
      vertex 66.7346 69.3478 3
      vertex 66.0858 68.9142 3
    endloop
  endfacet
  facet normal 0 0 1
    outer loop
      vertex 69.3478 68.2654 6
      vertex 69.3478 66.7346 6
      vertex 69.5 67.5 6
    endloop
  endfacet
  facet normal 0 0 1
    outer loop
      vertex 68.9142 68.9142 6
      vertex 69.3478 66.7346 6
      vertex 69.3478 68.2654 6
    endloop
  endfacet
  facet normal 0 0 1
    outer loop
      vertex 68.9142 68.9142 6
      vertex 68.9142 66.0858 6
      vertex 69.3478 66.7346 6
    endloop
  endfacet
  facet normal 0 0 1
    outer loop
      vertex 68.2654 69.3478 6
      vertex 68.9142 66.0858 6
      vertex 68.9142 68.9142 6
    endloop
  endfacet
  facet normal 0 0 1
    outer loop
      vertex 68.2654 69.3478 6
      vertex 68.2654 65.6522 6
      vertex 68.9142 66.0858 6
    endloop
  endfacet
  facet normal 0 0 1
    outer loop
      vertex 67.5 69.5 6
      vertex 68.2654 65.6522 6
      vertex 68.2654 69.3478 6
    endloop
  endfacet
  facet normal 0 0 1
    outer loop
      vertex 67.5 69.5 6
      vertex 67.5 65.5 6
      vertex 68.2654 65.6522 6
    endloop
  endfacet
  facet normal -0 0 1
    outer loop
      vertex 66.7346 69.3478 6
      vertex 67.5 65.5 6
      vertex 67.5 69.5 6
    endloop
  endfacet
  facet normal 0 0 1
    outer loop
      vertex 66.7346 69.3478 6
      vertex 66.7346 65.6522 6
      vertex 67.5 65.5 6
    endloop
  endfacet
  facet normal -0 0 1
    outer loop
      vertex 66.0858 68.9142 6
      vertex 66.7346 65.6522 6
      vertex 66.7346 69.3478 6
    endloop
  endfacet
  facet normal 0 0 1
    outer loop
      vertex 66.0858 68.9142 6
      vertex 66.0858 66.0858 6
      vertex 66.7346 65.6522 6
    endloop
  endfacet
  facet normal -0 0 1
    outer loop
      vertex 65.6522 68.2654 6
      vertex 66.0858 66.0858 6
      vertex 66.0858 68.9142 6
    endloop
  endfacet
  facet normal 0 0 1
    outer loop
      vertex 65.6522 68.2654 6
      vertex 65.6522 66.7346 6
      vertex 66.0858 66.0858 6
    endloop
  endfacet
  facet normal 0 -0 1
    outer loop
      vertex 65.6522 66.7346 6
      vertex 65.6522 68.2654 6
      vertex 65.5 67.5 6
    endloop
  endfacet
  facet normal -0.555646 -0.831419 0
    outer loop
      vertex 66.0858 66.0858 3
      vertex 66.7346 65.6522 6
      vertex 66.0858 66.0858 6
    endloop
  endfacet
  facet normal -0.555646 -0.831419 -0
    outer loop
      vertex 66.7346 65.6522 6
      vertex 66.0858 66.0858 3
      vertex 66.7346 65.6522 3
    endloop
  endfacet
  facet normal 0.831498 0.555528 0
    outer loop
      vertex 69.3478 113.265 6
      vertex 68.9142 113.914 3
      vertex 68.9142 113.914 6
    endloop
  endfacet
  facet normal 0.831498 0.555528 0
    outer loop
      vertex 68.9142 113.914 3
      vertex 69.3478 113.265 6
      vertex 69.3478 113.265 3
    endloop
  endfacet
  facet normal 0.980777 0.19513 0
    outer loop
      vertex 69.5 112.5 6
      vertex 69.3478 113.265 3
      vertex 69.3478 113.265 6
    endloop
  endfacet
  facet normal 0.980777 0.19513 0
    outer loop
      vertex 69.3478 113.265 3
      vertex 69.5 112.5 6
      vertex 69.5 112.5 3
    endloop
  endfacet
  facet normal 0.556 0.831182 -0
    outer loop
      vertex 68.9142 113.914 3
      vertex 68.2654 114.348 6
      vertex 68.9142 113.914 6
    endloop
  endfacet
  facet normal 0.556 0.831182 0
    outer loop
      vertex 68.2654 114.348 6
      vertex 68.9142 113.914 3
      vertex 68.2654 114.348 3
    endloop
  endfacet
  facet normal -0.980777 -0.19513 0
    outer loop
      vertex 65.6522 111.735 3
      vertex 65.5 112.5 6
      vertex 65.5 112.5 3
    endloop
  endfacet
  facet normal -0.980777 -0.19513 0
    outer loop
      vertex 65.5 112.5 6
      vertex 65.6522 111.735 3
      vertex 65.6522 111.735 6
    endloop
  endfacet
  facet normal 0.556 -0.831182 0
    outer loop
      vertex 68.2654 110.652 3
      vertex 68.9142 111.086 6
      vertex 68.2654 110.652 6
    endloop
  endfacet
  facet normal 0.556 -0.831182 0
    outer loop
      vertex 68.9142 111.086 6
      vertex 68.2654 110.652 3
      vertex 68.9142 111.086 3
    endloop
  endfacet
  facet normal -0.831498 0.555528 0
    outer loop
      vertex 65.6522 113.265 3
      vertex 66.0858 113.914 6
      vertex 66.0858 113.914 3
    endloop
  endfacet
  facet normal -0.831498 0.555528 0
    outer loop
      vertex 66.0858 113.914 6
      vertex 65.6522 113.265 3
      vertex 65.6522 113.265 6
    endloop
  endfacet
  facet normal 0.831498 -0.555528 0
    outer loop
      vertex 68.9142 111.086 6
      vertex 69.3478 111.735 3
      vertex 69.3478 111.735 6
    endloop
  endfacet
  facet normal 0.831498 -0.555528 0
    outer loop
      vertex 69.3478 111.735 3
      vertex 68.9142 111.086 6
      vertex 68.9142 111.086 3
    endloop
  endfacet
  facet normal -0.194785 -0.980846 0
    outer loop
      vertex 66.7346 110.652 3
      vertex 67.5 110.5 6
      vertex 66.7346 110.652 6
    endloop
  endfacet
  facet normal -0.194785 -0.980846 -0
    outer loop
      vertex 67.5 110.5 6
      vertex 66.7346 110.652 3
      vertex 67.5 110.5 3
    endloop
  endfacet
  facet normal 0.194785 0.980846 -0
    outer loop
      vertex 68.2654 114.348 3
      vertex 67.5 114.5 6
      vertex 68.2654 114.348 6
    endloop
  endfacet
  facet normal 0.194785 0.980846 0
    outer loop
      vertex 67.5 114.5 6
      vertex 68.2654 114.348 3
      vertex 67.5 114.5 3
    endloop
  endfacet
  facet normal -0.194785 0.980846 0
    outer loop
      vertex 67.5 114.5 3
      vertex 66.7346 114.348 6
      vertex 67.5 114.5 6
    endloop
  endfacet
  facet normal -0.194785 0.980846 0
    outer loop
      vertex 66.7346 114.348 6
      vertex 67.5 114.5 3
      vertex 66.7346 114.348 3
    endloop
  endfacet
  facet normal -0.556 0.831182 0
    outer loop
      vertex 66.7346 114.348 3
      vertex 66.0858 113.914 6
      vertex 66.7346 114.348 6
    endloop
  endfacet
  facet normal -0.556 0.831182 0
    outer loop
      vertex 66.0858 113.914 6
      vertex 66.7346 114.348 3
      vertex 66.0858 113.914 3
    endloop
  endfacet
  facet normal 0.980777 -0.19513 0
    outer loop
      vertex 69.3478 111.735 6
      vertex 69.5 112.5 3
      vertex 69.5 112.5 6
    endloop
  endfacet
  facet normal 0.980777 -0.19513 0
    outer loop
      vertex 69.5 112.5 3
      vertex 69.3478 111.735 6
      vertex 69.3478 111.735 3
    endloop
  endfacet
  facet normal -0.831498 -0.555528 0
    outer loop
      vertex 66.0858 111.086 3
      vertex 65.6522 111.735 6
      vertex 65.6522 111.735 3
    endloop
  endfacet
  facet normal -0.831498 -0.555528 0
    outer loop
      vertex 65.6522 111.735 6
      vertex 66.0858 111.086 3
      vertex 66.0858 111.086 6
    endloop
  endfacet
  facet normal 0.194785 -0.980846 0
    outer loop
      vertex 67.5 110.5 3
      vertex 68.2654 110.652 6
      vertex 67.5 110.5 6
    endloop
  endfacet
  facet normal 0.194785 -0.980846 0
    outer loop
      vertex 68.2654 110.652 6
      vertex 67.5 110.5 3
      vertex 68.2654 110.652 3
    endloop
  endfacet
  facet normal -0.980777 0.19513 0
    outer loop
      vertex 65.5 112.5 3
      vertex 65.6522 113.265 6
      vertex 65.6522 113.265 3
    endloop
  endfacet
  facet normal -0.980777 0.19513 0
    outer loop
      vertex 65.6522 113.265 6
      vertex 65.5 112.5 3
      vertex 65.5 112.5 6
    endloop
  endfacet
  facet normal 0 0 1
    outer loop
      vertex 69.3478 113.265 6
      vertex 69.3478 111.735 6
      vertex 69.5 112.5 6
    endloop
  endfacet
  facet normal 0 0 1
    outer loop
      vertex 68.9142 113.914 6
      vertex 69.3478 111.735 6
      vertex 69.3478 113.265 6
    endloop
  endfacet
  facet normal 0 0 1
    outer loop
      vertex 68.9142 113.914 6
      vertex 68.9142 111.086 6
      vertex 69.3478 111.735 6
    endloop
  endfacet
  facet normal 0 0 1
    outer loop
      vertex 68.2654 114.348 6
      vertex 68.9142 111.086 6
      vertex 68.9142 113.914 6
    endloop
  endfacet
  facet normal 0 0 1
    outer loop
      vertex 68.2654 114.348 6
      vertex 68.2654 110.652 6
      vertex 68.9142 111.086 6
    endloop
  endfacet
  facet normal 0 0 1
    outer loop
      vertex 67.5 114.5 6
      vertex 68.2654 110.652 6
      vertex 68.2654 114.348 6
    endloop
  endfacet
  facet normal 0 0 1
    outer loop
      vertex 67.5 114.5 6
      vertex 67.5 110.5 6
      vertex 68.2654 110.652 6
    endloop
  endfacet
  facet normal -0 0 1
    outer loop
      vertex 66.7346 114.348 6
      vertex 67.5 110.5 6
      vertex 67.5 114.5 6
    endloop
  endfacet
  facet normal 0 0 1
    outer loop
      vertex 66.7346 114.348 6
      vertex 66.7346 110.652 6
      vertex 67.5 110.5 6
    endloop
  endfacet
  facet normal -0 0 1
    outer loop
      vertex 66.0858 113.914 6
      vertex 66.7346 110.652 6
      vertex 66.7346 114.348 6
    endloop
  endfacet
  facet normal 0 0 1
    outer loop
      vertex 66.0858 113.914 6
      vertex 66.0858 111.086 6
      vertex 66.7346 110.652 6
    endloop
  endfacet
  facet normal -0 0 1
    outer loop
      vertex 65.6522 113.265 6
      vertex 66.0858 111.086 6
      vertex 66.0858 113.914 6
    endloop
  endfacet
  facet normal 0 0 1
    outer loop
      vertex 65.6522 113.265 6
      vertex 65.6522 111.735 6
      vertex 66.0858 111.086 6
    endloop
  endfacet
  facet normal 0 -0 1
    outer loop
      vertex 65.6522 111.735 6
      vertex 65.6522 113.265 6
      vertex 65.5 112.5 6
    endloop
  endfacet
  facet normal -0.556 -0.831182 0
    outer loop
      vertex 66.0858 111.086 3
      vertex 66.7346 110.652 6
      vertex 66.0858 111.086 6
    endloop
  endfacet
  facet normal -0.556 -0.831182 -0
    outer loop
      vertex 66.7346 110.652 6
      vertex 66.0858 111.086 3
      vertex 66.7346 110.652 3
    endloop
  endfacet
  facet normal 0.831498 0.555528 0
    outer loop
      vertex 69.3478 158.265 6
      vertex 68.9142 158.914 3
      vertex 68.9142 158.914 6
    endloop
  endfacet
  facet normal 0.831498 0.555528 0
    outer loop
      vertex 68.9142 158.914 3
      vertex 69.3478 158.265 6
      vertex 69.3478 158.265 3
    endloop
  endfacet
  facet normal 0.980777 0.19513 0
    outer loop
      vertex 69.5 157.5 6
      vertex 69.3478 158.265 3
      vertex 69.3478 158.265 6
    endloop
  endfacet
  facet normal 0.980777 0.19513 0
    outer loop
      vertex 69.3478 158.265 3
      vertex 69.5 157.5 6
      vertex 69.5 157.5 3
    endloop
  endfacet
  facet normal 0.556 0.831182 -0
    outer loop
      vertex 68.9142 158.914 3
      vertex 68.2654 159.348 6
      vertex 68.9142 158.914 6
    endloop
  endfacet
  facet normal 0.556 0.831182 0
    outer loop
      vertex 68.2654 159.348 6
      vertex 68.9142 158.914 3
      vertex 68.2654 159.348 3
    endloop
  endfacet
  facet normal -0.980777 -0.19513 0
    outer loop
      vertex 65.6522 156.735 3
      vertex 65.5 157.5 6
      vertex 65.5 157.5 3
    endloop
  endfacet
  facet normal -0.980777 -0.19513 0
    outer loop
      vertex 65.5 157.5 6
      vertex 65.6522 156.735 3
      vertex 65.6522 156.735 6
    endloop
  endfacet
  facet normal 0.556 -0.831182 0
    outer loop
      vertex 68.2654 155.652 3
      vertex 68.9142 156.086 6
      vertex 68.2654 155.652 6
    endloop
  endfacet
  facet normal 0.556 -0.831182 0
    outer loop
      vertex 68.9142 156.086 6
      vertex 68.2654 155.652 3
      vertex 68.9142 156.086 3
    endloop
  endfacet
  facet normal -0.831498 0.555528 0
    outer loop
      vertex 65.6522 158.265 3
      vertex 66.0858 158.914 6
      vertex 66.0858 158.914 3
    endloop
  endfacet
  facet normal -0.831498 0.555528 0
    outer loop
      vertex 66.0858 158.914 6
      vertex 65.6522 158.265 3
      vertex 65.6522 158.265 6
    endloop
  endfacet
  facet normal -0.194785 -0.980846 0
    outer loop
      vertex 66.7346 155.652 3
      vertex 67.5 155.5 6
      vertex 66.7346 155.652 6
    endloop
  endfacet
  facet normal -0.194785 -0.980846 -0
    outer loop
      vertex 67.5 155.5 6
      vertex 66.7346 155.652 3
      vertex 67.5 155.5 3
    endloop
  endfacet
  facet normal 0.194785 0.980846 -0
    outer loop
      vertex 68.2654 159.348 3
      vertex 67.5 159.5 6
      vertex 68.2654 159.348 6
    endloop
  endfacet
  facet normal 0.194785 0.980846 0
    outer loop
      vertex 67.5 159.5 6
      vertex 68.2654 159.348 3
      vertex 67.5 159.5 3
    endloop
  endfacet
  facet normal -0.194785 0.980846 0
    outer loop
      vertex 67.5 159.5 3
      vertex 66.7346 159.348 6
      vertex 67.5 159.5 6
    endloop
  endfacet
  facet normal -0.194785 0.980846 0
    outer loop
      vertex 66.7346 159.348 6
      vertex 67.5 159.5 3
      vertex 66.7346 159.348 3
    endloop
  endfacet
  facet normal 0.831498 -0.555528 0
    outer loop
      vertex 68.9142 156.086 6
      vertex 69.3478 156.735 3
      vertex 69.3478 156.735 6
    endloop
  endfacet
  facet normal 0.831498 -0.555528 0
    outer loop
      vertex 69.3478 156.735 3
      vertex 68.9142 156.086 6
      vertex 68.9142 156.086 3
    endloop
  endfacet
  facet normal 0.980777 -0.19513 0
    outer loop
      vertex 69.3478 156.735 6
      vertex 69.5 157.5 3
      vertex 69.5 157.5 6
    endloop
  endfacet
  facet normal 0.980777 -0.19513 0
    outer loop
      vertex 69.5 157.5 3
      vertex 69.3478 156.735 6
      vertex 69.3478 156.735 3
    endloop
  endfacet
  facet normal -0.831498 -0.555528 0
    outer loop
      vertex 66.0858 156.086 3
      vertex 65.6522 156.735 6
      vertex 65.6522 156.735 3
    endloop
  endfacet
  facet normal -0.831498 -0.555528 0
    outer loop
      vertex 65.6522 156.735 6
      vertex 66.0858 156.086 3
      vertex 66.0858 156.086 6
    endloop
  endfacet
  facet normal 0.194785 -0.980846 0
    outer loop
      vertex 67.5 155.5 3
      vertex 68.2654 155.652 6
      vertex 67.5 155.5 6
    endloop
  endfacet
  facet normal 0.194785 -0.980846 0
    outer loop
      vertex 68.2654 155.652 6
      vertex 67.5 155.5 3
      vertex 68.2654 155.652 3
    endloop
  endfacet
  facet normal -0.980777 0.19513 0
    outer loop
      vertex 65.5 157.5 3
      vertex 65.6522 158.265 6
      vertex 65.6522 158.265 3
    endloop
  endfacet
  facet normal -0.980777 0.19513 0
    outer loop
      vertex 65.6522 158.265 6
      vertex 65.5 157.5 3
      vertex 65.5 157.5 6
    endloop
  endfacet
  facet normal -0.556 0.831182 0
    outer loop
      vertex 66.7346 159.348 3
      vertex 66.0858 158.914 6
      vertex 66.7346 159.348 6
    endloop
  endfacet
  facet normal -0.556 0.831182 0
    outer loop
      vertex 66.0858 158.914 6
      vertex 66.7346 159.348 3
      vertex 66.0858 158.914 3
    endloop
  endfacet
  facet normal 0 0 1
    outer loop
      vertex 69.3478 158.265 6
      vertex 69.3478 156.735 6
      vertex 69.5 157.5 6
    endloop
  endfacet
  facet normal 0 0 1
    outer loop
      vertex 68.9142 158.914 6
      vertex 69.3478 156.735 6
      vertex 69.3478 158.265 6
    endloop
  endfacet
  facet normal 0 0 1
    outer loop
      vertex 68.9142 158.914 6
      vertex 68.9142 156.086 6
      vertex 69.3478 156.735 6
    endloop
  endfacet
  facet normal 0 0 1
    outer loop
      vertex 68.2654 159.348 6
      vertex 68.9142 156.086 6
      vertex 68.9142 158.914 6
    endloop
  endfacet
  facet normal 0 0 1
    outer loop
      vertex 68.2654 159.348 6
      vertex 68.2654 155.652 6
      vertex 68.9142 156.086 6
    endloop
  endfacet
  facet normal 0 0 1
    outer loop
      vertex 67.5 159.5 6
      vertex 68.2654 155.652 6
      vertex 68.2654 159.348 6
    endloop
  endfacet
  facet normal 0 0 1
    outer loop
      vertex 67.5 159.5 6
      vertex 67.5 155.5 6
      vertex 68.2654 155.652 6
    endloop
  endfacet
  facet normal -0 0 1
    outer loop
      vertex 66.7346 159.348 6
      vertex 67.5 155.5 6
      vertex 67.5 159.5 6
    endloop
  endfacet
  facet normal 0 0 1
    outer loop
      vertex 66.7346 159.348 6
      vertex 66.7346 155.652 6
      vertex 67.5 155.5 6
    endloop
  endfacet
  facet normal -0 0 1
    outer loop
      vertex 66.0858 158.914 6
      vertex 66.7346 155.652 6
      vertex 66.7346 159.348 6
    endloop
  endfacet
  facet normal 0 0 1
    outer loop
      vertex 66.0858 158.914 6
      vertex 66.0858 156.086 6
      vertex 66.7346 155.652 6
    endloop
  endfacet
  facet normal -0 0 1
    outer loop
      vertex 65.6522 158.265 6
      vertex 66.0858 156.086 6
      vertex 66.0858 158.914 6
    endloop
  endfacet
  facet normal 0 0 1
    outer loop
      vertex 65.6522 158.265 6
      vertex 65.6522 156.735 6
      vertex 66.0858 156.086 6
    endloop
  endfacet
  facet normal 0 -0 1
    outer loop
      vertex 65.6522 156.735 6
      vertex 65.6522 158.265 6
      vertex 65.5 157.5 6
    endloop
  endfacet
  facet normal -0.556 -0.831182 0
    outer loop
      vertex 66.0858 156.086 3
      vertex 66.7346 155.652 6
      vertex 66.0858 156.086 6
    endloop
  endfacet
  facet normal -0.556 -0.831182 -0
    outer loop
      vertex 66.7346 155.652 6
      vertex 66.0858 156.086 3
      vertex 66.7346 155.652 3
    endloop
  endfacet
  facet normal 0.831182 0.556 0
    outer loop
      vertex 114.348 23.2654 6
      vertex 113.914 23.9142 3
      vertex 113.914 23.9142 6
    endloop
  endfacet
  facet normal 0.831182 0.556 0
    outer loop
      vertex 113.914 23.9142 3
      vertex 114.348 23.2654 6
      vertex 114.348 23.2654 3
    endloop
  endfacet
  facet normal 0.980846 0.194785 0
    outer loop
      vertex 114.5 22.5 6
      vertex 114.348 23.2654 3
      vertex 114.348 23.2654 6
    endloop
  endfacet
  facet normal 0.980846 0.194785 0
    outer loop
      vertex 114.348 23.2654 3
      vertex 114.5 22.5 6
      vertex 114.5 22.5 3
    endloop
  endfacet
  facet normal 0.555528 0.831498 -0
    outer loop
      vertex 113.914 23.9142 3
      vertex 113.265 24.3478 6
      vertex 113.914 23.9142 6
    endloop
  endfacet
  facet normal 0.555528 0.831498 0
    outer loop
      vertex 113.265 24.3478 6
      vertex 113.914 23.9142 3
      vertex 113.265 24.3478 3
    endloop
  endfacet
  facet normal -0.980846 -0.194785 0
    outer loop
      vertex 110.652 21.7346 3
      vertex 110.5 22.5 6
      vertex 110.5 22.5 3
    endloop
  endfacet
  facet normal -0.980846 -0.194785 0
    outer loop
      vertex 110.5 22.5 6
      vertex 110.652 21.7346 3
      vertex 110.652 21.7346 6
    endloop
  endfacet
  facet normal 0.555528 -0.831498 0
    outer loop
      vertex 113.265 20.6522 3
      vertex 113.914 21.0858 6
      vertex 113.265 20.6522 6
    endloop
  endfacet
  facet normal 0.555528 -0.831498 0
    outer loop
      vertex 113.914 21.0858 6
      vertex 113.265 20.6522 3
      vertex 113.914 21.0858 3
    endloop
  endfacet
  facet normal -0.831182 0.556 0
    outer loop
      vertex 110.652 23.2654 3
      vertex 111.086 23.9142 6
      vertex 111.086 23.9142 3
    endloop
  endfacet
  facet normal -0.831182 0.556 0
    outer loop
      vertex 111.086 23.9142 6
      vertex 110.652 23.2654 3
      vertex 110.652 23.2654 6
    endloop
  endfacet
  facet normal -0.19513 -0.980777 0
    outer loop
      vertex 111.735 20.6522 3
      vertex 112.5 20.5 6
      vertex 111.735 20.6522 6
    endloop
  endfacet
  facet normal -0.19513 -0.980777 -0
    outer loop
      vertex 112.5 20.5 6
      vertex 111.735 20.6522 3
      vertex 112.5 20.5 3
    endloop
  endfacet
  facet normal 0.19513 0.980777 -0
    outer loop
      vertex 113.265 24.3478 3
      vertex 112.5 24.5 6
      vertex 113.265 24.3478 6
    endloop
  endfacet
  facet normal 0.19513 0.980777 0
    outer loop
      vertex 112.5 24.5 6
      vertex 113.265 24.3478 3
      vertex 112.5 24.5 3
    endloop
  endfacet
  facet normal -0.19513 0.980777 0
    outer loop
      vertex 112.5 24.5 3
      vertex 111.735 24.3478 6
      vertex 112.5 24.5 6
    endloop
  endfacet
  facet normal -0.19513 0.980777 0
    outer loop
      vertex 111.735 24.3478 6
      vertex 112.5 24.5 3
      vertex 111.735 24.3478 3
    endloop
  endfacet
  facet normal 0.831182 -0.556 0
    outer loop
      vertex 113.914 21.0858 6
      vertex 114.348 21.7346 3
      vertex 114.348 21.7346 6
    endloop
  endfacet
  facet normal 0.831182 -0.556 0
    outer loop
      vertex 114.348 21.7346 3
      vertex 113.914 21.0858 6
      vertex 113.914 21.0858 3
    endloop
  endfacet
  facet normal 0.980846 -0.194785 0
    outer loop
      vertex 114.348 21.7346 6
      vertex 114.5 22.5 3
      vertex 114.5 22.5 6
    endloop
  endfacet
  facet normal 0.980846 -0.194785 0
    outer loop
      vertex 114.5 22.5 3
      vertex 114.348 21.7346 6
      vertex 114.348 21.7346 3
    endloop
  endfacet
  facet normal -0.831182 -0.556 0
    outer loop
      vertex 111.086 21.0858 3
      vertex 110.652 21.7346 6
      vertex 110.652 21.7346 3
    endloop
  endfacet
  facet normal -0.831182 -0.556 0
    outer loop
      vertex 110.652 21.7346 6
      vertex 111.086 21.0858 3
      vertex 111.086 21.0858 6
    endloop
  endfacet
  facet normal 0.19513 -0.980777 0
    outer loop
      vertex 112.5 20.5 3
      vertex 113.265 20.6522 6
      vertex 112.5 20.5 6
    endloop
  endfacet
  facet normal 0.19513 -0.980777 0
    outer loop
      vertex 113.265 20.6522 6
      vertex 112.5 20.5 3
      vertex 113.265 20.6522 3
    endloop
  endfacet
  facet normal -0.980846 0.194785 0
    outer loop
      vertex 110.5 22.5 3
      vertex 110.652 23.2654 6
      vertex 110.652 23.2654 3
    endloop
  endfacet
  facet normal -0.980846 0.194785 0
    outer loop
      vertex 110.652 23.2654 6
      vertex 110.5 22.5 3
      vertex 110.5 22.5 6
    endloop
  endfacet
  facet normal -0.555528 0.831498 0
    outer loop
      vertex 111.735 24.3478 3
      vertex 111.086 23.9142 6
      vertex 111.735 24.3478 6
    endloop
  endfacet
  facet normal -0.555528 0.831498 0
    outer loop
      vertex 111.086 23.9142 6
      vertex 111.735 24.3478 3
      vertex 111.086 23.9142 3
    endloop
  endfacet
  facet normal 0 0 1
    outer loop
      vertex 114.348 23.2654 6
      vertex 114.348 21.7346 6
      vertex 114.5 22.5 6
    endloop
  endfacet
  facet normal 0 0 1
    outer loop
      vertex 113.914 23.9142 6
      vertex 114.348 21.7346 6
      vertex 114.348 23.2654 6
    endloop
  endfacet
  facet normal 0 0 1
    outer loop
      vertex 113.914 23.9142 6
      vertex 113.914 21.0858 6
      vertex 114.348 21.7346 6
    endloop
  endfacet
  facet normal 0 0 1
    outer loop
      vertex 113.265 24.3478 6
      vertex 113.914 21.0858 6
      vertex 113.914 23.9142 6
    endloop
  endfacet
  facet normal 0 0 1
    outer loop
      vertex 113.265 24.3478 6
      vertex 113.265 20.6522 6
      vertex 113.914 21.0858 6
    endloop
  endfacet
  facet normal 0 0 1
    outer loop
      vertex 112.5 24.5 6
      vertex 113.265 20.6522 6
      vertex 113.265 24.3478 6
    endloop
  endfacet
  facet normal 0 0 1
    outer loop
      vertex 112.5 24.5 6
      vertex 112.5 20.5 6
      vertex 113.265 20.6522 6
    endloop
  endfacet
  facet normal -0 0 1
    outer loop
      vertex 111.735 24.3478 6
      vertex 112.5 20.5 6
      vertex 112.5 24.5 6
    endloop
  endfacet
  facet normal 0 0 1
    outer loop
      vertex 111.735 24.3478 6
      vertex 111.735 20.6522 6
      vertex 112.5 20.5 6
    endloop
  endfacet
  facet normal -0 0 1
    outer loop
      vertex 111.086 23.9142 6
      vertex 111.735 20.6522 6
      vertex 111.735 24.3478 6
    endloop
  endfacet
  facet normal 0 0 1
    outer loop
      vertex 111.086 23.9142 6
      vertex 111.086 21.0858 6
      vertex 111.735 20.6522 6
    endloop
  endfacet
  facet normal -0 0 1
    outer loop
      vertex 110.652 23.2654 6
      vertex 111.086 21.0858 6
      vertex 111.086 23.9142 6
    endloop
  endfacet
  facet normal 0 0 1
    outer loop
      vertex 110.652 23.2654 6
      vertex 110.652 21.7346 6
      vertex 111.086 21.0858 6
    endloop
  endfacet
  facet normal 0 -0 1
    outer loop
      vertex 110.652 21.7346 6
      vertex 110.652 23.2654 6
      vertex 110.5 22.5 6
    endloop
  endfacet
  facet normal -0.555528 -0.831498 0
    outer loop
      vertex 111.086 21.0858 3
      vertex 111.735 20.6522 6
      vertex 111.086 21.0858 6
    endloop
  endfacet
  facet normal -0.555528 -0.831498 -0
    outer loop
      vertex 111.735 20.6522 6
      vertex 111.086 21.0858 3
      vertex 111.735 20.6522 3
    endloop
  endfacet
  facet normal 0.831182 0.556 0
    outer loop
      vertex 114.348 68.2654 6
      vertex 113.914 68.9142 3
      vertex 113.914 68.9142 6
    endloop
  endfacet
  facet normal 0.831182 0.556 0
    outer loop
      vertex 113.914 68.9142 3
      vertex 114.348 68.2654 6
      vertex 114.348 68.2654 3
    endloop
  endfacet
  facet normal 0.980846 0.194785 0
    outer loop
      vertex 114.5 67.5 6
      vertex 114.348 68.2654 3
      vertex 114.348 68.2654 6
    endloop
  endfacet
  facet normal 0.980846 0.194785 0
    outer loop
      vertex 114.348 68.2654 3
      vertex 114.5 67.5 6
      vertex 114.5 67.5 3
    endloop
  endfacet
  facet normal 0.555528 0.831498 -0
    outer loop
      vertex 113.914 68.9142 3
      vertex 113.265 69.3478 6
      vertex 113.914 68.9142 6
    endloop
  endfacet
  facet normal 0.555528 0.831498 0
    outer loop
      vertex 113.265 69.3478 6
      vertex 113.914 68.9142 3
      vertex 113.265 69.3478 3
    endloop
  endfacet
  facet normal -0.980846 -0.194785 0
    outer loop
      vertex 110.652 66.7346 3
      vertex 110.5 67.5 6
      vertex 110.5 67.5 3
    endloop
  endfacet
  facet normal -0.980846 -0.194785 0
    outer loop
      vertex 110.5 67.5 6
      vertex 110.652 66.7346 3
      vertex 110.652 66.7346 6
    endloop
  endfacet
  facet normal 0.555528 -0.831498 0
    outer loop
      vertex 113.265 65.6522 3
      vertex 113.914 66.0858 6
      vertex 113.265 65.6522 6
    endloop
  endfacet
  facet normal 0.555528 -0.831498 0
    outer loop
      vertex 113.914 66.0858 6
      vertex 113.265 65.6522 3
      vertex 113.914 66.0858 3
    endloop
  endfacet
  facet normal -0.831182 0.556 0
    outer loop
      vertex 110.652 68.2654 3
      vertex 111.086 68.9142 6
      vertex 111.086 68.9142 3
    endloop
  endfacet
  facet normal -0.831182 0.556 0
    outer loop
      vertex 111.086 68.9142 6
      vertex 110.652 68.2654 3
      vertex 110.652 68.2654 6
    endloop
  endfacet
  facet normal -0.19513 -0.980777 0
    outer loop
      vertex 111.735 65.6522 3
      vertex 112.5 65.5 6
      vertex 111.735 65.6522 6
    endloop
  endfacet
  facet normal -0.19513 -0.980777 -0
    outer loop
      vertex 112.5 65.5 6
      vertex 111.735 65.6522 3
      vertex 112.5 65.5 3
    endloop
  endfacet
  facet normal 0.19513 0.980777 -0
    outer loop
      vertex 113.265 69.3478 3
      vertex 112.5 69.5 6
      vertex 113.265 69.3478 6
    endloop
  endfacet
  facet normal 0.19513 0.980777 0
    outer loop
      vertex 112.5 69.5 6
      vertex 113.265 69.3478 3
      vertex 112.5 69.5 3
    endloop
  endfacet
  facet normal -0.19513 0.980777 0
    outer loop
      vertex 112.5 69.5 3
      vertex 111.735 69.3478 6
      vertex 112.5 69.5 6
    endloop
  endfacet
  facet normal -0.19513 0.980777 0
    outer loop
      vertex 111.735 69.3478 6
      vertex 112.5 69.5 3
      vertex 111.735 69.3478 3
    endloop
  endfacet
  facet normal 0.831182 -0.556 0
    outer loop
      vertex 113.914 66.0858 6
      vertex 114.348 66.7346 3
      vertex 114.348 66.7346 6
    endloop
  endfacet
  facet normal 0.831182 -0.556 0
    outer loop
      vertex 114.348 66.7346 3
      vertex 113.914 66.0858 6
      vertex 113.914 66.0858 3
    endloop
  endfacet
  facet normal 0.980846 -0.194785 0
    outer loop
      vertex 114.348 66.7346 6
      vertex 114.5 67.5 3
      vertex 114.5 67.5 6
    endloop
  endfacet
  facet normal 0.980846 -0.194785 0
    outer loop
      vertex 114.5 67.5 3
      vertex 114.348 66.7346 6
      vertex 114.348 66.7346 3
    endloop
  endfacet
  facet normal -0.831182 -0.556 0
    outer loop
      vertex 111.086 66.0858 3
      vertex 110.652 66.7346 6
      vertex 110.652 66.7346 3
    endloop
  endfacet
  facet normal -0.831182 -0.556 0
    outer loop
      vertex 110.652 66.7346 6
      vertex 111.086 66.0858 3
      vertex 111.086 66.0858 6
    endloop
  endfacet
  facet normal 0.19513 -0.980777 0
    outer loop
      vertex 112.5 65.5 3
      vertex 113.265 65.6522 6
      vertex 112.5 65.5 6
    endloop
  endfacet
  facet normal 0.19513 -0.980777 0
    outer loop
      vertex 113.265 65.6522 6
      vertex 112.5 65.5 3
      vertex 113.265 65.6522 3
    endloop
  endfacet
  facet normal -0.980846 0.194785 0
    outer loop
      vertex 110.5 67.5 3
      vertex 110.652 68.2654 6
      vertex 110.652 68.2654 3
    endloop
  endfacet
  facet normal -0.980846 0.194785 0
    outer loop
      vertex 110.652 68.2654 6
      vertex 110.5 67.5 3
      vertex 110.5 67.5 6
    endloop
  endfacet
  facet normal -0.555528 0.831498 0
    outer loop
      vertex 111.735 69.3478 3
      vertex 111.086 68.9142 6
      vertex 111.735 69.3478 6
    endloop
  endfacet
  facet normal -0.555528 0.831498 0
    outer loop
      vertex 111.086 68.9142 6
      vertex 111.735 69.3478 3
      vertex 111.086 68.9142 3
    endloop
  endfacet
  facet normal 0 0 1
    outer loop
      vertex 114.348 68.2654 6
      vertex 114.348 66.7346 6
      vertex 114.5 67.5 6
    endloop
  endfacet
  facet normal 0 0 1
    outer loop
      vertex 113.914 68.9142 6
      vertex 114.348 66.7346 6
      vertex 114.348 68.2654 6
    endloop
  endfacet
  facet normal 0 0 1
    outer loop
      vertex 113.914 68.9142 6
      vertex 113.914 66.0858 6
      vertex 114.348 66.7346 6
    endloop
  endfacet
  facet normal 0 0 1
    outer loop
      vertex 113.265 69.3478 6
      vertex 113.914 66.0858 6
      vertex 113.914 68.9142 6
    endloop
  endfacet
  facet normal 0 0 1
    outer loop
      vertex 113.265 69.3478 6
      vertex 113.265 65.6522 6
      vertex 113.914 66.0858 6
    endloop
  endfacet
  facet normal 0 0 1
    outer loop
      vertex 112.5 69.5 6
      vertex 113.265 65.6522 6
      vertex 113.265 69.3478 6
    endloop
  endfacet
  facet normal 0 0 1
    outer loop
      vertex 112.5 69.5 6
      vertex 112.5 65.5 6
      vertex 113.265 65.6522 6
    endloop
  endfacet
  facet normal -0 0 1
    outer loop
      vertex 111.735 69.3478 6
      vertex 112.5 65.5 6
      vertex 112.5 69.5 6
    endloop
  endfacet
  facet normal 0 0 1
    outer loop
      vertex 111.735 69.3478 6
      vertex 111.735 65.6522 6
      vertex 112.5 65.5 6
    endloop
  endfacet
  facet normal -0 0 1
    outer loop
      vertex 111.086 68.9142 6
      vertex 111.735 65.6522 6
      vertex 111.735 69.3478 6
    endloop
  endfacet
  facet normal 0 0 1
    outer loop
      vertex 111.086 68.9142 6
      vertex 111.086 66.0858 6
      vertex 111.735 65.6522 6
    endloop
  endfacet
  facet normal -0 0 1
    outer loop
      vertex 110.652 68.2654 6
      vertex 111.086 66.0858 6
      vertex 111.086 68.9142 6
    endloop
  endfacet
  facet normal 0 0 1
    outer loop
      vertex 110.652 68.2654 6
      vertex 110.652 66.7346 6
      vertex 111.086 66.0858 6
    endloop
  endfacet
  facet normal 0 -0 1
    outer loop
      vertex 110.652 66.7346 6
      vertex 110.652 68.2654 6
      vertex 110.5 67.5 6
    endloop
  endfacet
  facet normal -0.555528 -0.831498 0
    outer loop
      vertex 111.086 66.0858 3
      vertex 111.735 65.6522 6
      vertex 111.086 66.0858 6
    endloop
  endfacet
  facet normal -0.555528 -0.831498 -0
    outer loop
      vertex 111.735 65.6522 6
      vertex 111.086 66.0858 3
      vertex 111.735 65.6522 3
    endloop
  endfacet
  facet normal 0.831261 0.555882 0
    outer loop
      vertex 114.348 113.265 6
      vertex 113.914 113.914 3
      vertex 113.914 113.914 6
    endloop
  endfacet
  facet normal 0.831261 0.555882 0
    outer loop
      vertex 113.914 113.914 3
      vertex 114.348 113.265 6
      vertex 114.348 113.265 3
    endloop
  endfacet
  facet normal 0.980826 0.194883 0
    outer loop
      vertex 114.5 112.5 6
      vertex 114.348 113.265 3
      vertex 114.348 113.265 6
    endloop
  endfacet
  facet normal 0.980826 0.194883 0
    outer loop
      vertex 114.348 113.265 3
      vertex 114.5 112.5 6
      vertex 114.5 112.5 3
    endloop
  endfacet
  facet normal 0.555882 0.831261 -0
    outer loop
      vertex 113.914 113.914 3
      vertex 113.265 114.348 6
      vertex 113.914 113.914 6
    endloop
  endfacet
  facet normal 0.555882 0.831261 0
    outer loop
      vertex 113.265 114.348 6
      vertex 113.914 113.914 3
      vertex 113.265 114.348 3
    endloop
  endfacet
  facet normal -0.980826 -0.194883 0
    outer loop
      vertex 110.652 111.735 3
      vertex 110.5 112.5 6
      vertex 110.5 112.5 3
    endloop
  endfacet
  facet normal -0.980826 -0.194883 0
    outer loop
      vertex 110.5 112.5 6
      vertex 110.652 111.735 3
      vertex 110.652 111.735 6
    endloop
  endfacet
  facet normal 0.555882 -0.831261 0
    outer loop
      vertex 113.265 110.652 3
      vertex 113.914 111.086 6
      vertex 113.265 110.652 6
    endloop
  endfacet
  facet normal 0.555882 -0.831261 0
    outer loop
      vertex 113.914 111.086 6
      vertex 113.265 110.652 3
      vertex 113.914 111.086 3
    endloop
  endfacet
  facet normal -0.831261 0.555882 0
    outer loop
      vertex 110.652 113.265 3
      vertex 111.086 113.914 6
      vertex 111.086 113.914 3
    endloop
  endfacet
  facet normal -0.831261 0.555882 0
    outer loop
      vertex 111.086 113.914 6
      vertex 110.652 113.265 3
      vertex 110.652 113.265 6
    endloop
  endfacet
  facet normal -0.194883 -0.980826 0
    outer loop
      vertex 111.735 110.652 3
      vertex 112.5 110.5 6
      vertex 111.735 110.652 6
    endloop
  endfacet
  facet normal -0.194883 -0.980826 -0
    outer loop
      vertex 112.5 110.5 6
      vertex 111.735 110.652 3
      vertex 112.5 110.5 3
    endloop
  endfacet
  facet normal 0.194883 0.980826 -0
    outer loop
      vertex 113.265 114.348 3
      vertex 112.5 114.5 6
      vertex 113.265 114.348 6
    endloop
  endfacet
  facet normal 0.194883 0.980826 0
    outer loop
      vertex 112.5 114.5 6
      vertex 113.265 114.348 3
      vertex 112.5 114.5 3
    endloop
  endfacet
  facet normal -0.194883 0.980826 0
    outer loop
      vertex 112.5 114.5 3
      vertex 111.735 114.348 6
      vertex 112.5 114.5 6
    endloop
  endfacet
  facet normal -0.194883 0.980826 0
    outer loop
      vertex 111.735 114.348 6
      vertex 112.5 114.5 3
      vertex 111.735 114.348 3
    endloop
  endfacet
  facet normal 0.831261 -0.555882 0
    outer loop
      vertex 113.914 111.086 6
      vertex 114.348 111.735 3
      vertex 114.348 111.735 6
    endloop
  endfacet
  facet normal 0.831261 -0.555882 0
    outer loop
      vertex 114.348 111.735 3
      vertex 113.914 111.086 6
      vertex 113.914 111.086 3
    endloop
  endfacet
  facet normal 0.980826 -0.194883 0
    outer loop
      vertex 114.348 111.735 6
      vertex 114.5 112.5 3
      vertex 114.5 112.5 6
    endloop
  endfacet
  facet normal 0.980826 -0.194883 0
    outer loop
      vertex 114.5 112.5 3
      vertex 114.348 111.735 6
      vertex 114.348 111.735 3
    endloop
  endfacet
  facet normal -0.831261 -0.555882 0
    outer loop
      vertex 111.086 111.086 3
      vertex 110.652 111.735 6
      vertex 110.652 111.735 3
    endloop
  endfacet
  facet normal -0.831261 -0.555882 0
    outer loop
      vertex 110.652 111.735 6
      vertex 111.086 111.086 3
      vertex 111.086 111.086 6
    endloop
  endfacet
  facet normal 0.194883 -0.980826 0
    outer loop
      vertex 112.5 110.5 3
      vertex 113.265 110.652 6
      vertex 112.5 110.5 6
    endloop
  endfacet
  facet normal 0.194883 -0.980826 0
    outer loop
      vertex 113.265 110.652 6
      vertex 112.5 110.5 3
      vertex 113.265 110.652 3
    endloop
  endfacet
  facet normal -0.980826 0.194883 0
    outer loop
      vertex 110.5 112.5 3
      vertex 110.652 113.265 6
      vertex 110.652 113.265 3
    endloop
  endfacet
  facet normal -0.980826 0.194883 0
    outer loop
      vertex 110.652 113.265 6
      vertex 110.5 112.5 3
      vertex 110.5 112.5 6
    endloop
  endfacet
  facet normal -0.555882 0.831261 0
    outer loop
      vertex 111.735 114.348 3
      vertex 111.086 113.914 6
      vertex 111.735 114.348 6
    endloop
  endfacet
  facet normal -0.555882 0.831261 0
    outer loop
      vertex 111.086 113.914 6
      vertex 111.735 114.348 3
      vertex 111.086 113.914 3
    endloop
  endfacet
  facet normal 0 0 1
    outer loop
      vertex 114.348 113.265 6
      vertex 114.348 111.735 6
      vertex 114.5 112.5 6
    endloop
  endfacet
  facet normal 0 0 1
    outer loop
      vertex 113.914 113.914 6
      vertex 114.348 111.735 6
      vertex 114.348 113.265 6
    endloop
  endfacet
  facet normal 0 0 1
    outer loop
      vertex 113.914 113.914 6
      vertex 113.914 111.086 6
      vertex 114.348 111.735 6
    endloop
  endfacet
  facet normal 0 0 1
    outer loop
      vertex 113.265 114.348 6
      vertex 113.914 111.086 6
      vertex 113.914 113.914 6
    endloop
  endfacet
  facet normal 0 0 1
    outer loop
      vertex 113.265 114.348 6
      vertex 113.265 110.652 6
      vertex 113.914 111.086 6
    endloop
  endfacet
  facet normal 0 0 1
    outer loop
      vertex 112.5 114.5 6
      vertex 113.265 110.652 6
      vertex 113.265 114.348 6
    endloop
  endfacet
  facet normal 0 0 1
    outer loop
      vertex 112.5 114.5 6
      vertex 112.5 110.5 6
      vertex 113.265 110.652 6
    endloop
  endfacet
  facet normal -0 0 1
    outer loop
      vertex 111.735 114.348 6
      vertex 112.5 110.5 6
      vertex 112.5 114.5 6
    endloop
  endfacet
  facet normal 0 0 1
    outer loop
      vertex 111.735 114.348 6
      vertex 111.735 110.652 6
      vertex 112.5 110.5 6
    endloop
  endfacet
  facet normal -0 0 1
    outer loop
      vertex 111.086 113.914 6
      vertex 111.735 110.652 6
      vertex 111.735 114.348 6
    endloop
  endfacet
  facet normal 0 0 1
    outer loop
      vertex 111.086 113.914 6
      vertex 111.086 111.086 6
      vertex 111.735 110.652 6
    endloop
  endfacet
  facet normal -0 0 1
    outer loop
      vertex 110.652 113.265 6
      vertex 111.086 111.086 6
      vertex 111.086 113.914 6
    endloop
  endfacet
  facet normal 0 0 1
    outer loop
      vertex 110.652 113.265 6
      vertex 110.652 111.735 6
      vertex 111.086 111.086 6
    endloop
  endfacet
  facet normal 0 -0 1
    outer loop
      vertex 110.652 111.735 6
      vertex 110.652 113.265 6
      vertex 110.5 112.5 6
    endloop
  endfacet
  facet normal -0.555882 -0.831261 0
    outer loop
      vertex 111.086 111.086 3
      vertex 111.735 110.652 6
      vertex 111.086 111.086 6
    endloop
  endfacet
  facet normal -0.555882 -0.831261 -0
    outer loop
      vertex 111.735 110.652 6
      vertex 111.086 111.086 3
      vertex 111.735 110.652 3
    endloop
  endfacet
  facet normal 0.831261 0.555882 0
    outer loop
      vertex 114.348 158.265 6
      vertex 113.914 158.914 3
      vertex 113.914 158.914 6
    endloop
  endfacet
  facet normal 0.831261 0.555882 0
    outer loop
      vertex 113.914 158.914 3
      vertex 114.348 158.265 6
      vertex 114.348 158.265 3
    endloop
  endfacet
  facet normal 0.980826 0.194883 0
    outer loop
      vertex 114.5 157.5 6
      vertex 114.348 158.265 3
      vertex 114.348 158.265 6
    endloop
  endfacet
  facet normal 0.980826 0.194883 0
    outer loop
      vertex 114.348 158.265 3
      vertex 114.5 157.5 6
      vertex 114.5 157.5 3
    endloop
  endfacet
  facet normal 0.555882 0.831261 -0
    outer loop
      vertex 113.914 158.914 3
      vertex 113.265 159.348 6
      vertex 113.914 158.914 6
    endloop
  endfacet
  facet normal 0.555882 0.831261 0
    outer loop
      vertex 113.265 159.348 6
      vertex 113.914 158.914 3
      vertex 113.265 159.348 3
    endloop
  endfacet
  facet normal -0.980826 -0.194883 0
    outer loop
      vertex 110.652 156.735 3
      vertex 110.5 157.5 6
      vertex 110.5 157.5 3
    endloop
  endfacet
  facet normal -0.980826 -0.194883 0
    outer loop
      vertex 110.5 157.5 6
      vertex 110.652 156.735 3
      vertex 110.652 156.735 6
    endloop
  endfacet
  facet normal 0.555882 -0.831261 0
    outer loop
      vertex 113.265 155.652 3
      vertex 113.914 156.086 6
      vertex 113.265 155.652 6
    endloop
  endfacet
  facet normal 0.555882 -0.831261 0
    outer loop
      vertex 113.914 156.086 6
      vertex 113.265 155.652 3
      vertex 113.914 156.086 3
    endloop
  endfacet
  facet normal -0.831261 0.555882 0
    outer loop
      vertex 110.652 158.265 3
      vertex 111.086 158.914 6
      vertex 111.086 158.914 3
    endloop
  endfacet
  facet normal -0.831261 0.555882 0
    outer loop
      vertex 111.086 158.914 6
      vertex 110.652 158.265 3
      vertex 110.652 158.265 6
    endloop
  endfacet
  facet normal -0.194883 -0.980826 0
    outer loop
      vertex 111.735 155.652 3
      vertex 112.5 155.5 6
      vertex 111.735 155.652 6
    endloop
  endfacet
  facet normal -0.194883 -0.980826 -0
    outer loop
      vertex 112.5 155.5 6
      vertex 111.735 155.652 3
      vertex 112.5 155.5 3
    endloop
  endfacet
  facet normal 0.194883 0.980826 -0
    outer loop
      vertex 113.265 159.348 3
      vertex 112.5 159.5 6
      vertex 113.265 159.348 6
    endloop
  endfacet
  facet normal 0.194883 0.980826 0
    outer loop
      vertex 112.5 159.5 6
      vertex 113.265 159.348 3
      vertex 112.5 159.5 3
    endloop
  endfacet
  facet normal -0.194883 0.980826 0
    outer loop
      vertex 112.5 159.5 3
      vertex 111.735 159.348 6
      vertex 112.5 159.5 6
    endloop
  endfacet
  facet normal -0.194883 0.980826 0
    outer loop
      vertex 111.735 159.348 6
      vertex 112.5 159.5 3
      vertex 111.735 159.348 3
    endloop
  endfacet
  facet normal 0.831261 -0.555882 0
    outer loop
      vertex 113.914 156.086 6
      vertex 114.348 156.735 3
      vertex 114.348 156.735 6
    endloop
  endfacet
  facet normal 0.831261 -0.555882 0
    outer loop
      vertex 114.348 156.735 3
      vertex 113.914 156.086 6
      vertex 113.914 156.086 3
    endloop
  endfacet
  facet normal 0.980826 -0.194883 0
    outer loop
      vertex 114.348 156.735 6
      vertex 114.5 157.5 3
      vertex 114.5 157.5 6
    endloop
  endfacet
  facet normal 0.980826 -0.194883 0
    outer loop
      vertex 114.5 157.5 3
      vertex 114.348 156.735 6
      vertex 114.348 156.735 3
    endloop
  endfacet
  facet normal -0.831261 -0.555882 0
    outer loop
      vertex 111.086 156.086 3
      vertex 110.652 156.735 6
      vertex 110.652 156.735 3
    endloop
  endfacet
  facet normal -0.831261 -0.555882 0
    outer loop
      vertex 110.652 156.735 6
      vertex 111.086 156.086 3
      vertex 111.086 156.086 6
    endloop
  endfacet
  facet normal 0.194883 -0.980826 0
    outer loop
      vertex 112.5 155.5 3
      vertex 113.265 155.652 6
      vertex 112.5 155.5 6
    endloop
  endfacet
  facet normal 0.194883 -0.980826 0
    outer loop
      vertex 113.265 155.652 6
      vertex 112.5 155.5 3
      vertex 113.265 155.652 3
    endloop
  endfacet
  facet normal -0.980826 0.194883 0
    outer loop
      vertex 110.5 157.5 3
      vertex 110.652 158.265 6
      vertex 110.652 158.265 3
    endloop
  endfacet
  facet normal -0.980826 0.194883 0
    outer loop
      vertex 110.652 158.265 6
      vertex 110.5 157.5 3
      vertex 110.5 157.5 6
    endloop
  endfacet
  facet normal -0.555882 0.831261 0
    outer loop
      vertex 111.735 159.348 3
      vertex 111.086 158.914 6
      vertex 111.735 159.348 6
    endloop
  endfacet
  facet normal -0.555882 0.831261 0
    outer loop
      vertex 111.086 158.914 6
      vertex 111.735 159.348 3
      vertex 111.086 158.914 3
    endloop
  endfacet
  facet normal 0 0 1
    outer loop
      vertex 114.348 158.265 6
      vertex 114.348 156.735 6
      vertex 114.5 157.5 6
    endloop
  endfacet
  facet normal 0 0 1
    outer loop
      vertex 113.914 158.914 6
      vertex 114.348 156.735 6
      vertex 114.348 158.265 6
    endloop
  endfacet
  facet normal 0 0 1
    outer loop
      vertex 113.914 158.914 6
      vertex 113.914 156.086 6
      vertex 114.348 156.735 6
    endloop
  endfacet
  facet normal 0 0 1
    outer loop
      vertex 113.265 159.348 6
      vertex 113.914 156.086 6
      vertex 113.914 158.914 6
    endloop
  endfacet
  facet normal 0 0 1
    outer loop
      vertex 113.265 159.348 6
      vertex 113.265 155.652 6
      vertex 113.914 156.086 6
    endloop
  endfacet
  facet normal 0 0 1
    outer loop
      vertex 112.5 159.5 6
      vertex 113.265 155.652 6
      vertex 113.265 159.348 6
    endloop
  endfacet
  facet normal 0 0 1
    outer loop
      vertex 112.5 159.5 6
      vertex 112.5 155.5 6
      vertex 113.265 155.652 6
    endloop
  endfacet
  facet normal -0 0 1
    outer loop
      vertex 111.735 159.348 6
      vertex 112.5 155.5 6
      vertex 112.5 159.5 6
    endloop
  endfacet
  facet normal 0 0 1
    outer loop
      vertex 111.735 159.348 6
      vertex 111.735 155.652 6
      vertex 112.5 155.5 6
    endloop
  endfacet
  facet normal -0 0 1
    outer loop
      vertex 111.086 158.914 6
      vertex 111.735 155.652 6
      vertex 111.735 159.348 6
    endloop
  endfacet
  facet normal 0 0 1
    outer loop
      vertex 111.086 158.914 6
      vertex 111.086 156.086 6
      vertex 111.735 155.652 6
    endloop
  endfacet
  facet normal -0 0 1
    outer loop
      vertex 110.652 158.265 6
      vertex 111.086 156.086 6
      vertex 111.086 158.914 6
    endloop
  endfacet
  facet normal 0 0 1
    outer loop
      vertex 110.652 158.265 6
      vertex 110.652 156.735 6
      vertex 111.086 156.086 6
    endloop
  endfacet
  facet normal 0 -0 1
    outer loop
      vertex 110.652 156.735 6
      vertex 110.652 158.265 6
      vertex 110.5 157.5 6
    endloop
  endfacet
  facet normal -0.555882 -0.831261 0
    outer loop
      vertex 111.086 156.086 3
      vertex 111.735 155.652 6
      vertex 111.086 156.086 6
    endloop
  endfacet
  facet normal -0.555882 -0.831261 -0
    outer loop
      vertex 111.735 155.652 6
      vertex 111.086 156.086 3
      vertex 111.735 155.652 3
    endloop
  endfacet
  facet normal 0.831182 0.556 0
    outer loop
      vertex 159.348 23.2654 6
      vertex 158.914 23.9142 3
      vertex 158.914 23.9142 6
    endloop
  endfacet
  facet normal 0.831182 0.556 0
    outer loop
      vertex 158.914 23.9142 3
      vertex 159.348 23.2654 6
      vertex 159.348 23.2654 3
    endloop
  endfacet
  facet normal 0.980846 0.194785 0
    outer loop
      vertex 159.5 22.5 6
      vertex 159.348 23.2654 3
      vertex 159.348 23.2654 6
    endloop
  endfacet
  facet normal 0.980846 0.194785 0
    outer loop
      vertex 159.348 23.2654 3
      vertex 159.5 22.5 6
      vertex 159.5 22.5 3
    endloop
  endfacet
  facet normal 0.555528 0.831498 -0
    outer loop
      vertex 158.914 23.9142 3
      vertex 158.265 24.3478 6
      vertex 158.914 23.9142 6
    endloop
  endfacet
  facet normal 0.555528 0.831498 0
    outer loop
      vertex 158.265 24.3478 6
      vertex 158.914 23.9142 3
      vertex 158.265 24.3478 3
    endloop
  endfacet
  facet normal -0.980846 -0.194785 0
    outer loop
      vertex 155.652 21.7346 3
      vertex 155.5 22.5 6
      vertex 155.5 22.5 3
    endloop
  endfacet
  facet normal -0.980846 -0.194785 0
    outer loop
      vertex 155.5 22.5 6
      vertex 155.652 21.7346 3
      vertex 155.652 21.7346 6
    endloop
  endfacet
  facet normal 0.555528 -0.831498 0
    outer loop
      vertex 158.265 20.6522 3
      vertex 158.914 21.0858 6
      vertex 158.265 20.6522 6
    endloop
  endfacet
  facet normal 0.555528 -0.831498 0
    outer loop
      vertex 158.914 21.0858 6
      vertex 158.265 20.6522 3
      vertex 158.914 21.0858 3
    endloop
  endfacet
  facet normal -0.831182 0.556 0
    outer loop
      vertex 155.652 23.2654 3
      vertex 156.086 23.9142 6
      vertex 156.086 23.9142 3
    endloop
  endfacet
  facet normal -0.831182 0.556 0
    outer loop
      vertex 156.086 23.9142 6
      vertex 155.652 23.2654 3
      vertex 155.652 23.2654 6
    endloop
  endfacet
  facet normal 0.831182 -0.556 0
    outer loop
      vertex 158.914 21.0858 6
      vertex 159.348 21.7346 3
      vertex 159.348 21.7346 6
    endloop
  endfacet
  facet normal 0.831182 -0.556 0
    outer loop
      vertex 159.348 21.7346 3
      vertex 158.914 21.0858 6
      vertex 158.914 21.0858 3
    endloop
  endfacet
  facet normal -0.19513 -0.980777 0
    outer loop
      vertex 156.735 20.6522 3
      vertex 157.5 20.5 6
      vertex 156.735 20.6522 6
    endloop
  endfacet
  facet normal -0.19513 -0.980777 -0
    outer loop
      vertex 157.5 20.5 6
      vertex 156.735 20.6522 3
      vertex 157.5 20.5 3
    endloop
  endfacet
  facet normal -0.19513 0.980777 0
    outer loop
      vertex 157.5 24.5 3
      vertex 156.735 24.3478 6
      vertex 157.5 24.5 6
    endloop
  endfacet
  facet normal -0.19513 0.980777 0
    outer loop
      vertex 156.735 24.3478 6
      vertex 157.5 24.5 3
      vertex 156.735 24.3478 3
    endloop
  endfacet
  facet normal -0.555528 0.831498 0
    outer loop
      vertex 156.735 24.3478 3
      vertex 156.086 23.9142 6
      vertex 156.735 24.3478 6
    endloop
  endfacet
  facet normal -0.555528 0.831498 0
    outer loop
      vertex 156.086 23.9142 6
      vertex 156.735 24.3478 3
      vertex 156.086 23.9142 3
    endloop
  endfacet
  facet normal 0.980846 -0.194785 0
    outer loop
      vertex 159.348 21.7346 6
      vertex 159.5 22.5 3
      vertex 159.5 22.5 6
    endloop
  endfacet
  facet normal 0.980846 -0.194785 0
    outer loop
      vertex 159.5 22.5 3
      vertex 159.348 21.7346 6
      vertex 159.348 21.7346 3
    endloop
  endfacet
  facet normal -0.831182 -0.556 0
    outer loop
      vertex 156.086 21.0858 3
      vertex 155.652 21.7346 6
      vertex 155.652 21.7346 3
    endloop
  endfacet
  facet normal -0.831182 -0.556 0
    outer loop
      vertex 155.652 21.7346 6
      vertex 156.086 21.0858 3
      vertex 156.086 21.0858 6
    endloop
  endfacet
  facet normal 0.19513 -0.980777 0
    outer loop
      vertex 157.5 20.5 3
      vertex 158.265 20.6522 6
      vertex 157.5 20.5 6
    endloop
  endfacet
  facet normal 0.19513 -0.980777 0
    outer loop
      vertex 158.265 20.6522 6
      vertex 157.5 20.5 3
      vertex 158.265 20.6522 3
    endloop
  endfacet
  facet normal -0.980846 0.194785 0
    outer loop
      vertex 155.5 22.5 3
      vertex 155.652 23.2654 6
      vertex 155.652 23.2654 3
    endloop
  endfacet
  facet normal -0.980846 0.194785 0
    outer loop
      vertex 155.652 23.2654 6
      vertex 155.5 22.5 3
      vertex 155.5 22.5 6
    endloop
  endfacet
  facet normal 0.19513 0.980777 -0
    outer loop
      vertex 158.265 24.3478 3
      vertex 157.5 24.5 6
      vertex 158.265 24.3478 6
    endloop
  endfacet
  facet normal 0.19513 0.980777 0
    outer loop
      vertex 157.5 24.5 6
      vertex 158.265 24.3478 3
      vertex 157.5 24.5 3
    endloop
  endfacet
  facet normal 0 0 1
    outer loop
      vertex 159.348 23.2654 6
      vertex 159.348 21.7346 6
      vertex 159.5 22.5 6
    endloop
  endfacet
  facet normal 0 0 1
    outer loop
      vertex 158.914 23.9142 6
      vertex 159.348 21.7346 6
      vertex 159.348 23.2654 6
    endloop
  endfacet
  facet normal 0 0 1
    outer loop
      vertex 158.914 23.9142 6
      vertex 158.914 21.0858 6
      vertex 159.348 21.7346 6
    endloop
  endfacet
  facet normal 0 0 1
    outer loop
      vertex 158.265 24.3478 6
      vertex 158.914 21.0858 6
      vertex 158.914 23.9142 6
    endloop
  endfacet
  facet normal 0 0 1
    outer loop
      vertex 158.265 24.3478 6
      vertex 158.265 20.6522 6
      vertex 158.914 21.0858 6
    endloop
  endfacet
  facet normal 0 0 1
    outer loop
      vertex 157.5 24.5 6
      vertex 158.265 20.6522 6
      vertex 158.265 24.3478 6
    endloop
  endfacet
  facet normal 0 0 1
    outer loop
      vertex 157.5 24.5 6
      vertex 157.5 20.5 6
      vertex 158.265 20.6522 6
    endloop
  endfacet
  facet normal -0 0 1
    outer loop
      vertex 156.735 24.3478 6
      vertex 157.5 20.5 6
      vertex 157.5 24.5 6
    endloop
  endfacet
  facet normal 0 0 1
    outer loop
      vertex 156.735 24.3478 6
      vertex 156.735 20.6522 6
      vertex 157.5 20.5 6
    endloop
  endfacet
  facet normal -0 0 1
    outer loop
      vertex 156.086 23.9142 6
      vertex 156.735 20.6522 6
      vertex 156.735 24.3478 6
    endloop
  endfacet
  facet normal 0 0 1
    outer loop
      vertex 156.086 23.9142 6
      vertex 156.086 21.0858 6
      vertex 156.735 20.6522 6
    endloop
  endfacet
  facet normal -0 0 1
    outer loop
      vertex 155.652 23.2654 6
      vertex 156.086 21.0858 6
      vertex 156.086 23.9142 6
    endloop
  endfacet
  facet normal 0 0 1
    outer loop
      vertex 155.652 23.2654 6
      vertex 155.652 21.7346 6
      vertex 156.086 21.0858 6
    endloop
  endfacet
  facet normal 0 -0 1
    outer loop
      vertex 155.652 21.7346 6
      vertex 155.652 23.2654 6
      vertex 155.5 22.5 6
    endloop
  endfacet
  facet normal -0.555528 -0.831498 0
    outer loop
      vertex 156.086 21.0858 3
      vertex 156.735 20.6522 6
      vertex 156.086 21.0858 6
    endloop
  endfacet
  facet normal -0.555528 -0.831498 -0
    outer loop
      vertex 156.735 20.6522 6
      vertex 156.086 21.0858 3
      vertex 156.735 20.6522 3
    endloop
  endfacet
  facet normal 0.831182 0.556 0
    outer loop
      vertex 159.348 68.2654 6
      vertex 158.914 68.9142 3
      vertex 158.914 68.9142 6
    endloop
  endfacet
  facet normal 0.831182 0.556 0
    outer loop
      vertex 158.914 68.9142 3
      vertex 159.348 68.2654 6
      vertex 159.348 68.2654 3
    endloop
  endfacet
  facet normal 0.980846 0.194785 0
    outer loop
      vertex 159.5 67.5 6
      vertex 159.348 68.2654 3
      vertex 159.348 68.2654 6
    endloop
  endfacet
  facet normal 0.980846 0.194785 0
    outer loop
      vertex 159.348 68.2654 3
      vertex 159.5 67.5 6
      vertex 159.5 67.5 3
    endloop
  endfacet
  facet normal 0.555528 0.831498 -0
    outer loop
      vertex 158.914 68.9142 3
      vertex 158.265 69.3478 6
      vertex 158.914 68.9142 6
    endloop
  endfacet
  facet normal 0.555528 0.831498 0
    outer loop
      vertex 158.265 69.3478 6
      vertex 158.914 68.9142 3
      vertex 158.265 69.3478 3
    endloop
  endfacet
  facet normal -0.980846 -0.194785 0
    outer loop
      vertex 155.652 66.7346 3
      vertex 155.5 67.5 6
      vertex 155.5 67.5 3
    endloop
  endfacet
  facet normal -0.980846 -0.194785 0
    outer loop
      vertex 155.5 67.5 6
      vertex 155.652 66.7346 3
      vertex 155.652 66.7346 6
    endloop
  endfacet
  facet normal 0.555528 -0.831498 0
    outer loop
      vertex 158.265 65.6522 3
      vertex 158.914 66.0858 6
      vertex 158.265 65.6522 6
    endloop
  endfacet
  facet normal 0.555528 -0.831498 0
    outer loop
      vertex 158.914 66.0858 6
      vertex 158.265 65.6522 3
      vertex 158.914 66.0858 3
    endloop
  endfacet
  facet normal -0.831182 0.556 0
    outer loop
      vertex 155.652 68.2654 3
      vertex 156.086 68.9142 6
      vertex 156.086 68.9142 3
    endloop
  endfacet
  facet normal -0.831182 0.556 0
    outer loop
      vertex 156.086 68.9142 6
      vertex 155.652 68.2654 3
      vertex 155.652 68.2654 6
    endloop
  endfacet
  facet normal -0.19513 -0.980777 0
    outer loop
      vertex 156.735 65.6522 3
      vertex 157.5 65.5 6
      vertex 156.735 65.6522 6
    endloop
  endfacet
  facet normal -0.19513 -0.980777 -0
    outer loop
      vertex 157.5 65.5 6
      vertex 156.735 65.6522 3
      vertex 157.5 65.5 3
    endloop
  endfacet
  facet normal -0.19513 0.980777 0
    outer loop
      vertex 157.5 69.5 3
      vertex 156.735 69.3478 6
      vertex 157.5 69.5 6
    endloop
  endfacet
  facet normal -0.19513 0.980777 0
    outer loop
      vertex 156.735 69.3478 6
      vertex 157.5 69.5 3
      vertex 156.735 69.3478 3
    endloop
  endfacet
  facet normal 0.831182 -0.556 0
    outer loop
      vertex 158.914 66.0858 6
      vertex 159.348 66.7346 3
      vertex 159.348 66.7346 6
    endloop
  endfacet
  facet normal 0.831182 -0.556 0
    outer loop
      vertex 159.348 66.7346 3
      vertex 158.914 66.0858 6
      vertex 158.914 66.0858 3
    endloop
  endfacet
  facet normal 0.980846 -0.194785 0
    outer loop
      vertex 159.348 66.7346 6
      vertex 159.5 67.5 3
      vertex 159.5 67.5 6
    endloop
  endfacet
  facet normal 0.980846 -0.194785 0
    outer loop
      vertex 159.5 67.5 3
      vertex 159.348 66.7346 6
      vertex 159.348 66.7346 3
    endloop
  endfacet
  facet normal -0.831182 -0.556 0
    outer loop
      vertex 156.086 66.0858 3
      vertex 155.652 66.7346 6
      vertex 155.652 66.7346 3
    endloop
  endfacet
  facet normal -0.831182 -0.556 0
    outer loop
      vertex 155.652 66.7346 6
      vertex 156.086 66.0858 3
      vertex 156.086 66.0858 6
    endloop
  endfacet
  facet normal 0.19513 -0.980777 0
    outer loop
      vertex 157.5 65.5 3
      vertex 158.265 65.6522 6
      vertex 157.5 65.5 6
    endloop
  endfacet
  facet normal 0.19513 -0.980777 0
    outer loop
      vertex 158.265 65.6522 6
      vertex 157.5 65.5 3
      vertex 158.265 65.6522 3
    endloop
  endfacet
  facet normal -0.980846 0.194785 0
    outer loop
      vertex 155.5 67.5 3
      vertex 155.652 68.2654 6
      vertex 155.652 68.2654 3
    endloop
  endfacet
  facet normal -0.980846 0.194785 0
    outer loop
      vertex 155.652 68.2654 6
      vertex 155.5 67.5 3
      vertex 155.5 67.5 6
    endloop
  endfacet
  facet normal 0.19513 0.980777 -0
    outer loop
      vertex 158.265 69.3478 3
      vertex 157.5 69.5 6
      vertex 158.265 69.3478 6
    endloop
  endfacet
  facet normal 0.19513 0.980777 0
    outer loop
      vertex 157.5 69.5 6
      vertex 158.265 69.3478 3
      vertex 157.5 69.5 3
    endloop
  endfacet
  facet normal -0.555528 0.831498 0
    outer loop
      vertex 156.735 69.3478 3
      vertex 156.086 68.9142 6
      vertex 156.735 69.3478 6
    endloop
  endfacet
  facet normal -0.555528 0.831498 0
    outer loop
      vertex 156.086 68.9142 6
      vertex 156.735 69.3478 3
      vertex 156.086 68.9142 3
    endloop
  endfacet
  facet normal 0 0 1
    outer loop
      vertex 159.348 68.2654 6
      vertex 159.348 66.7346 6
      vertex 159.5 67.5 6
    endloop
  endfacet
  facet normal 0 0 1
    outer loop
      vertex 158.914 68.9142 6
      vertex 159.348 66.7346 6
      vertex 159.348 68.2654 6
    endloop
  endfacet
  facet normal 0 0 1
    outer loop
      vertex 158.914 68.9142 6
      vertex 158.914 66.0858 6
      vertex 159.348 66.7346 6
    endloop
  endfacet
  facet normal 0 0 1
    outer loop
      vertex 158.265 69.3478 6
      vertex 158.914 66.0858 6
      vertex 158.914 68.9142 6
    endloop
  endfacet
  facet normal 0 0 1
    outer loop
      vertex 158.265 69.3478 6
      vertex 158.265 65.6522 6
      vertex 158.914 66.0858 6
    endloop
  endfacet
  facet normal 0 0 1
    outer loop
      vertex 157.5 69.5 6
      vertex 158.265 65.6522 6
      vertex 158.265 69.3478 6
    endloop
  endfacet
  facet normal 0 0 1
    outer loop
      vertex 157.5 69.5 6
      vertex 157.5 65.5 6
      vertex 158.265 65.6522 6
    endloop
  endfacet
  facet normal -0 0 1
    outer loop
      vertex 156.735 69.3478 6
      vertex 157.5 65.5 6
      vertex 157.5 69.5 6
    endloop
  endfacet
  facet normal 0 0 1
    outer loop
      vertex 156.735 69.3478 6
      vertex 156.735 65.6522 6
      vertex 157.5 65.5 6
    endloop
  endfacet
  facet normal -0 0 1
    outer loop
      vertex 156.086 68.9142 6
      vertex 156.735 65.6522 6
      vertex 156.735 69.3478 6
    endloop
  endfacet
  facet normal 0 0 1
    outer loop
      vertex 156.086 68.9142 6
      vertex 156.086 66.0858 6
      vertex 156.735 65.6522 6
    endloop
  endfacet
  facet normal -0 0 1
    outer loop
      vertex 155.652 68.2654 6
      vertex 156.086 66.0858 6
      vertex 156.086 68.9142 6
    endloop
  endfacet
  facet normal 0 0 1
    outer loop
      vertex 155.652 68.2654 6
      vertex 155.652 66.7346 6
      vertex 156.086 66.0858 6
    endloop
  endfacet
  facet normal 0 -0 1
    outer loop
      vertex 155.652 66.7346 6
      vertex 155.652 68.2654 6
      vertex 155.5 67.5 6
    endloop
  endfacet
  facet normal -0.555528 -0.831498 0
    outer loop
      vertex 156.086 66.0858 3
      vertex 156.735 65.6522 6
      vertex 156.086 66.0858 6
    endloop
  endfacet
  facet normal -0.555528 -0.831498 -0
    outer loop
      vertex 156.735 65.6522 6
      vertex 156.086 66.0858 3
      vertex 156.735 65.6522 3
    endloop
  endfacet
  facet normal 0.831261 0.555882 0
    outer loop
      vertex 159.348 113.265 6
      vertex 158.914 113.914 3
      vertex 158.914 113.914 6
    endloop
  endfacet
  facet normal 0.831261 0.555882 0
    outer loop
      vertex 158.914 113.914 3
      vertex 159.348 113.265 6
      vertex 159.348 113.265 3
    endloop
  endfacet
  facet normal 0.980826 0.194883 0
    outer loop
      vertex 159.5 112.5 6
      vertex 159.348 113.265 3
      vertex 159.348 113.265 6
    endloop
  endfacet
  facet normal 0.980826 0.194883 0
    outer loop
      vertex 159.348 113.265 3
      vertex 159.5 112.5 6
      vertex 159.5 112.5 3
    endloop
  endfacet
  facet normal 0.555882 0.831261 -0
    outer loop
      vertex 158.914 113.914 3
      vertex 158.265 114.348 6
      vertex 158.914 113.914 6
    endloop
  endfacet
  facet normal 0.555882 0.831261 0
    outer loop
      vertex 158.265 114.348 6
      vertex 158.914 113.914 3
      vertex 158.265 114.348 3
    endloop
  endfacet
  facet normal -0.980826 -0.194883 0
    outer loop
      vertex 155.652 111.735 3
      vertex 155.5 112.5 6
      vertex 155.5 112.5 3
    endloop
  endfacet
  facet normal -0.980826 -0.194883 0
    outer loop
      vertex 155.5 112.5 6
      vertex 155.652 111.735 3
      vertex 155.652 111.735 6
    endloop
  endfacet
  facet normal 0.555882 -0.831261 0
    outer loop
      vertex 158.265 110.652 3
      vertex 158.914 111.086 6
      vertex 158.265 110.652 6
    endloop
  endfacet
  facet normal 0.555882 -0.831261 0
    outer loop
      vertex 158.914 111.086 6
      vertex 158.265 110.652 3
      vertex 158.914 111.086 3
    endloop
  endfacet
  facet normal -0.831261 0.555882 0
    outer loop
      vertex 155.652 113.265 3
      vertex 156.086 113.914 6
      vertex 156.086 113.914 3
    endloop
  endfacet
  facet normal -0.831261 0.555882 0
    outer loop
      vertex 156.086 113.914 6
      vertex 155.652 113.265 3
      vertex 155.652 113.265 6
    endloop
  endfacet
  facet normal -0.194883 -0.980826 0
    outer loop
      vertex 156.735 110.652 3
      vertex 157.5 110.5 6
      vertex 156.735 110.652 6
    endloop
  endfacet
  facet normal -0.194883 -0.980826 -0
    outer loop
      vertex 157.5 110.5 6
      vertex 156.735 110.652 3
      vertex 157.5 110.5 3
    endloop
  endfacet
  facet normal 0.194883 0.980826 -0
    outer loop
      vertex 158.265 114.348 3
      vertex 157.5 114.5 6
      vertex 158.265 114.348 6
    endloop
  endfacet
  facet normal 0.194883 0.980826 0
    outer loop
      vertex 157.5 114.5 6
      vertex 158.265 114.348 3
      vertex 157.5 114.5 3
    endloop
  endfacet
  facet normal -0.194883 0.980826 0
    outer loop
      vertex 157.5 114.5 3
      vertex 156.735 114.348 6
      vertex 157.5 114.5 6
    endloop
  endfacet
  facet normal -0.194883 0.980826 0
    outer loop
      vertex 156.735 114.348 6
      vertex 157.5 114.5 3
      vertex 156.735 114.348 3
    endloop
  endfacet
  facet normal 0.831261 -0.555882 0
    outer loop
      vertex 158.914 111.086 6
      vertex 159.348 111.735 3
      vertex 159.348 111.735 6
    endloop
  endfacet
  facet normal 0.831261 -0.555882 0
    outer loop
      vertex 159.348 111.735 3
      vertex 158.914 111.086 6
      vertex 158.914 111.086 3
    endloop
  endfacet
  facet normal 0.980826 -0.194883 0
    outer loop
      vertex 159.348 111.735 6
      vertex 159.5 112.5 3
      vertex 159.5 112.5 6
    endloop
  endfacet
  facet normal 0.980826 -0.194883 0
    outer loop
      vertex 159.5 112.5 3
      vertex 159.348 111.735 6
      vertex 159.348 111.735 3
    endloop
  endfacet
  facet normal -0.831261 -0.555882 0
    outer loop
      vertex 156.086 111.086 3
      vertex 155.652 111.735 6
      vertex 155.652 111.735 3
    endloop
  endfacet
  facet normal -0.831261 -0.555882 0
    outer loop
      vertex 155.652 111.735 6
      vertex 156.086 111.086 3
      vertex 156.086 111.086 6
    endloop
  endfacet
  facet normal 0.194883 -0.980826 0
    outer loop
      vertex 157.5 110.5 3
      vertex 158.265 110.652 6
      vertex 157.5 110.5 6
    endloop
  endfacet
  facet normal 0.194883 -0.980826 0
    outer loop
      vertex 158.265 110.652 6
      vertex 157.5 110.5 3
      vertex 158.265 110.652 3
    endloop
  endfacet
  facet normal -0.980826 0.194883 0
    outer loop
      vertex 155.5 112.5 3
      vertex 155.652 113.265 6
      vertex 155.652 113.265 3
    endloop
  endfacet
  facet normal -0.980826 0.194883 0
    outer loop
      vertex 155.652 113.265 6
      vertex 155.5 112.5 3
      vertex 155.5 112.5 6
    endloop
  endfacet
  facet normal -0.555882 0.831261 0
    outer loop
      vertex 156.735 114.348 3
      vertex 156.086 113.914 6
      vertex 156.735 114.348 6
    endloop
  endfacet
  facet normal -0.555882 0.831261 0
    outer loop
      vertex 156.086 113.914 6
      vertex 156.735 114.348 3
      vertex 156.086 113.914 3
    endloop
  endfacet
  facet normal 0 0 1
    outer loop
      vertex 159.348 113.265 6
      vertex 159.348 111.735 6
      vertex 159.5 112.5 6
    endloop
  endfacet
  facet normal 0 0 1
    outer loop
      vertex 158.914 113.914 6
      vertex 159.348 111.735 6
      vertex 159.348 113.265 6
    endloop
  endfacet
  facet normal 0 0 1
    outer loop
      vertex 158.914 113.914 6
      vertex 158.914 111.086 6
      vertex 159.348 111.735 6
    endloop
  endfacet
  facet normal 0 0 1
    outer loop
      vertex 158.265 114.348 6
      vertex 158.914 111.086 6
      vertex 158.914 113.914 6
    endloop
  endfacet
  facet normal 0 0 1
    outer loop
      vertex 158.265 114.348 6
      vertex 158.265 110.652 6
      vertex 158.914 111.086 6
    endloop
  endfacet
  facet normal 0 0 1
    outer loop
      vertex 157.5 114.5 6
      vertex 158.265 110.652 6
      vertex 158.265 114.348 6
    endloop
  endfacet
  facet normal 0 0 1
    outer loop
      vertex 157.5 114.5 6
      vertex 157.5 110.5 6
      vertex 158.265 110.652 6
    endloop
  endfacet
  facet normal -0 0 1
    outer loop
      vertex 156.735 114.348 6
      vertex 157.5 110.5 6
      vertex 157.5 114.5 6
    endloop
  endfacet
  facet normal 0 0 1
    outer loop
      vertex 156.735 114.348 6
      vertex 156.735 110.652 6
      vertex 157.5 110.5 6
    endloop
  endfacet
  facet normal -0 0 1
    outer loop
      vertex 156.086 113.914 6
      vertex 156.735 110.652 6
      vertex 156.735 114.348 6
    endloop
  endfacet
  facet normal 0 0 1
    outer loop
      vertex 156.086 113.914 6
      vertex 156.086 111.086 6
      vertex 156.735 110.652 6
    endloop
  endfacet
  facet normal -0 0 1
    outer loop
      vertex 155.652 113.265 6
      vertex 156.086 111.086 6
      vertex 156.086 113.914 6
    endloop
  endfacet
  facet normal 0 0 1
    outer loop
      vertex 155.652 113.265 6
      vertex 155.652 111.735 6
      vertex 156.086 111.086 6
    endloop
  endfacet
  facet normal 0 -0 1
    outer loop
      vertex 155.652 111.735 6
      vertex 155.652 113.265 6
      vertex 155.5 112.5 6
    endloop
  endfacet
  facet normal -0.555882 -0.831261 0
    outer loop
      vertex 156.086 111.086 3
      vertex 156.735 110.652 6
      vertex 156.086 111.086 6
    endloop
  endfacet
  facet normal -0.555882 -0.831261 -0
    outer loop
      vertex 156.735 110.652 6
      vertex 156.086 111.086 3
      vertex 156.735 110.652 3
    endloop
  endfacet
  facet normal 0.831261 0.555882 0
    outer loop
      vertex 159.348 158.265 6
      vertex 158.914 158.914 3
      vertex 158.914 158.914 6
    endloop
  endfacet
  facet normal 0.831261 0.555882 0
    outer loop
      vertex 158.914 158.914 3
      vertex 159.348 158.265 6
      vertex 159.348 158.265 3
    endloop
  endfacet
  facet normal 0.980826 0.194883 0
    outer loop
      vertex 159.5 157.5 6
      vertex 159.348 158.265 3
      vertex 159.348 158.265 6
    endloop
  endfacet
  facet normal 0.980826 0.194883 0
    outer loop
      vertex 159.348 158.265 3
      vertex 159.5 157.5 6
      vertex 159.5 157.5 3
    endloop
  endfacet
  facet normal 0.555882 0.831261 -0
    outer loop
      vertex 158.914 158.914 3
      vertex 158.265 159.348 6
      vertex 158.914 158.914 6
    endloop
  endfacet
  facet normal 0.555882 0.831261 0
    outer loop
      vertex 158.265 159.348 6
      vertex 158.914 158.914 3
      vertex 158.265 159.348 3
    endloop
  endfacet
  facet normal -0.980826 -0.194883 0
    outer loop
      vertex 155.652 156.735 3
      vertex 155.5 157.5 6
      vertex 155.5 157.5 3
    endloop
  endfacet
  facet normal -0.980826 -0.194883 0
    outer loop
      vertex 155.5 157.5 6
      vertex 155.652 156.735 3
      vertex 155.652 156.735 6
    endloop
  endfacet
  facet normal 0.555882 -0.831261 0
    outer loop
      vertex 158.265 155.652 3
      vertex 158.914 156.086 6
      vertex 158.265 155.652 6
    endloop
  endfacet
  facet normal 0.555882 -0.831261 0
    outer loop
      vertex 158.914 156.086 6
      vertex 158.265 155.652 3
      vertex 158.914 156.086 3
    endloop
  endfacet
  facet normal -0.831261 0.555882 0
    outer loop
      vertex 155.652 158.265 3
      vertex 156.086 158.914 6
      vertex 156.086 158.914 3
    endloop
  endfacet
  facet normal -0.831261 0.555882 0
    outer loop
      vertex 156.086 158.914 6
      vertex 155.652 158.265 3
      vertex 155.652 158.265 6
    endloop
  endfacet
  facet normal -0.194883 -0.980826 0
    outer loop
      vertex 156.735 155.652 3
      vertex 157.5 155.5 6
      vertex 156.735 155.652 6
    endloop
  endfacet
  facet normal -0.194883 -0.980826 -0
    outer loop
      vertex 157.5 155.5 6
      vertex 156.735 155.652 3
      vertex 157.5 155.5 3
    endloop
  endfacet
  facet normal 0.194883 0.980826 -0
    outer loop
      vertex 158.265 159.348 3
      vertex 157.5 159.5 6
      vertex 158.265 159.348 6
    endloop
  endfacet
  facet normal 0.194883 0.980826 0
    outer loop
      vertex 157.5 159.5 6
      vertex 158.265 159.348 3
      vertex 157.5 159.5 3
    endloop
  endfacet
  facet normal -0.194883 0.980826 0
    outer loop
      vertex 157.5 159.5 3
      vertex 156.735 159.348 6
      vertex 157.5 159.5 6
    endloop
  endfacet
  facet normal -0.194883 0.980826 0
    outer loop
      vertex 156.735 159.348 6
      vertex 157.5 159.5 3
      vertex 156.735 159.348 3
    endloop
  endfacet
  facet normal 0.831261 -0.555882 0
    outer loop
      vertex 158.914 156.086 6
      vertex 159.348 156.735 3
      vertex 159.348 156.735 6
    endloop
  endfacet
  facet normal 0.831261 -0.555882 0
    outer loop
      vertex 159.348 156.735 3
      vertex 158.914 156.086 6
      vertex 158.914 156.086 3
    endloop
  endfacet
  facet normal 0.980826 -0.194883 0
    outer loop
      vertex 159.348 156.735 6
      vertex 159.5 157.5 3
      vertex 159.5 157.5 6
    endloop
  endfacet
  facet normal 0.980826 -0.194883 0
    outer loop
      vertex 159.5 157.5 3
      vertex 159.348 156.735 6
      vertex 159.348 156.735 3
    endloop
  endfacet
  facet normal -0.831261 -0.555882 0
    outer loop
      vertex 156.086 156.086 3
      vertex 155.652 156.735 6
      vertex 155.652 156.735 3
    endloop
  endfacet
  facet normal -0.831261 -0.555882 0
    outer loop
      vertex 155.652 156.735 6
      vertex 156.086 156.086 3
      vertex 156.086 156.086 6
    endloop
  endfacet
  facet normal 0.194883 -0.980826 0
    outer loop
      vertex 157.5 155.5 3
      vertex 158.265 155.652 6
      vertex 157.5 155.5 6
    endloop
  endfacet
  facet normal 0.194883 -0.980826 0
    outer loop
      vertex 158.265 155.652 6
      vertex 157.5 155.5 3
      vertex 158.265 155.652 3
    endloop
  endfacet
  facet normal -0.980826 0.194883 0
    outer loop
      vertex 155.5 157.5 3
      vertex 155.652 158.265 6
      vertex 155.652 158.265 3
    endloop
  endfacet
  facet normal -0.980826 0.194883 0
    outer loop
      vertex 155.652 158.265 6
      vertex 155.5 157.5 3
      vertex 155.5 157.5 6
    endloop
  endfacet
  facet normal -0.555882 0.831261 0
    outer loop
      vertex 156.735 159.348 3
      vertex 156.086 158.914 6
      vertex 156.735 159.348 6
    endloop
  endfacet
  facet normal -0.555882 0.831261 0
    outer loop
      vertex 156.086 158.914 6
      vertex 156.735 159.348 3
      vertex 156.086 158.914 3
    endloop
  endfacet
  facet normal 0 0 1
    outer loop
      vertex 159.348 158.265 6
      vertex 159.348 156.735 6
      vertex 159.5 157.5 6
    endloop
  endfacet
  facet normal 0 0 1
    outer loop
      vertex 158.914 158.914 6
      vertex 159.348 156.735 6
      vertex 159.348 158.265 6
    endloop
  endfacet
  facet normal 0 0 1
    outer loop
      vertex 158.914 158.914 6
      vertex 158.914 156.086 6
      vertex 159.348 156.735 6
    endloop
  endfacet
  facet normal 0 0 1
    outer loop
      vertex 158.265 159.348 6
      vertex 158.914 156.086 6
      vertex 158.914 158.914 6
    endloop
  endfacet
  facet normal 0 0 1
    outer loop
      vertex 158.265 159.348 6
      vertex 158.265 155.652 6
      vertex 158.914 156.086 6
    endloop
  endfacet
  facet normal 0 0 1
    outer loop
      vertex 157.5 159.5 6
      vertex 158.265 155.652 6
      vertex 158.265 159.348 6
    endloop
  endfacet
  facet normal 0 0 1
    outer loop
      vertex 157.5 159.5 6
      vertex 157.5 155.5 6
      vertex 158.265 155.652 6
    endloop
  endfacet
  facet normal -0 0 1
    outer loop
      vertex 156.735 159.348 6
      vertex 157.5 155.5 6
      vertex 157.5 159.5 6
    endloop
  endfacet
  facet normal 0 0 1
    outer loop
      vertex 156.735 159.348 6
      vertex 156.735 155.652 6
      vertex 157.5 155.5 6
    endloop
  endfacet
  facet normal -0 0 1
    outer loop
      vertex 156.086 158.914 6
      vertex 156.735 155.652 6
      vertex 156.735 159.348 6
    endloop
  endfacet
  facet normal 0 0 1
    outer loop
      vertex 156.086 158.914 6
      vertex 156.086 156.086 6
      vertex 156.735 155.652 6
    endloop
  endfacet
  facet normal -0 0 1
    outer loop
      vertex 155.652 158.265 6
      vertex 156.086 156.086 6
      vertex 156.086 158.914 6
    endloop
  endfacet
  facet normal 0 0 1
    outer loop
      vertex 155.652 158.265 6
      vertex 155.652 156.735 6
      vertex 156.086 156.086 6
    endloop
  endfacet
  facet normal 0 -0 1
    outer loop
      vertex 155.652 156.735 6
      vertex 155.652 158.265 6
      vertex 155.5 157.5 6
    endloop
  endfacet
  facet normal -0.555882 -0.831261 0
    outer loop
      vertex 156.086 156.086 3
      vertex 156.735 155.652 6
      vertex 156.086 156.086 6
    endloop
  endfacet
  facet normal -0.555882 -0.831261 -0
    outer loop
      vertex 156.735 155.652 6
      vertex 156.086 156.086 3
      vertex 156.735 155.652 3
    endloop
  endfacet
  facet normal 0.831182 0.556 0
    outer loop
      vertex 204.348 23.2654 6
      vertex 203.914 23.9142 3
      vertex 203.914 23.9142 6
    endloop
  endfacet
  facet normal 0.831182 0.556 0
    outer loop
      vertex 203.914 23.9142 3
      vertex 204.348 23.2654 6
      vertex 204.348 23.2654 3
    endloop
  endfacet
  facet normal 0.980846 0.194785 0
    outer loop
      vertex 204.5 22.5 6
      vertex 204.348 23.2654 3
      vertex 204.348 23.2654 6
    endloop
  endfacet
  facet normal 0.980846 0.194785 0
    outer loop
      vertex 204.348 23.2654 3
      vertex 204.5 22.5 6
      vertex 204.5 22.5 3
    endloop
  endfacet
  facet normal 0.555528 0.831498 -0
    outer loop
      vertex 203.914 23.9142 3
      vertex 203.265 24.3478 6
      vertex 203.914 23.9142 6
    endloop
  endfacet
  facet normal 0.555528 0.831498 0
    outer loop
      vertex 203.265 24.3478 6
      vertex 203.914 23.9142 3
      vertex 203.265 24.3478 3
    endloop
  endfacet
  facet normal -0.980846 -0.194785 0
    outer loop
      vertex 200.652 21.7346 3
      vertex 200.5 22.5 6
      vertex 200.5 22.5 3
    endloop
  endfacet
  facet normal -0.980846 -0.194785 0
    outer loop
      vertex 200.5 22.5 6
      vertex 200.652 21.7346 3
      vertex 200.652 21.7346 6
    endloop
  endfacet
  facet normal 0.555528 -0.831498 0
    outer loop
      vertex 203.265 20.6522 3
      vertex 203.914 21.0858 6
      vertex 203.265 20.6522 6
    endloop
  endfacet
  facet normal 0.555528 -0.831498 0
    outer loop
      vertex 203.914 21.0858 6
      vertex 203.265 20.6522 3
      vertex 203.914 21.0858 3
    endloop
  endfacet
  facet normal -0.831182 0.556 0
    outer loop
      vertex 200.652 23.2654 3
      vertex 201.086 23.9142 6
      vertex 201.086 23.9142 3
    endloop
  endfacet
  facet normal -0.831182 0.556 0
    outer loop
      vertex 201.086 23.9142 6
      vertex 200.652 23.2654 3
      vertex 200.652 23.2654 6
    endloop
  endfacet
  facet normal -0.19513 -0.980777 0
    outer loop
      vertex 201.735 20.6522 3
      vertex 202.5 20.5 6
      vertex 201.735 20.6522 6
    endloop
  endfacet
  facet normal -0.19513 -0.980777 -0
    outer loop
      vertex 202.5 20.5 6
      vertex 201.735 20.6522 3
      vertex 202.5 20.5 3
    endloop
  endfacet
  facet normal 0.19513 0.980777 -0
    outer loop
      vertex 203.265 24.3478 3
      vertex 202.5 24.5 6
      vertex 203.265 24.3478 6
    endloop
  endfacet
  facet normal 0.19513 0.980777 0
    outer loop
      vertex 202.5 24.5 6
      vertex 203.265 24.3478 3
      vertex 202.5 24.5 3
    endloop
  endfacet
  facet normal -0.19513 0.980777 0
    outer loop
      vertex 202.5 24.5 3
      vertex 201.735 24.3478 6
      vertex 202.5 24.5 6
    endloop
  endfacet
  facet normal -0.19513 0.980777 0
    outer loop
      vertex 201.735 24.3478 6
      vertex 202.5 24.5 3
      vertex 201.735 24.3478 3
    endloop
  endfacet
  facet normal 0.831182 -0.556 0
    outer loop
      vertex 203.914 21.0858 6
      vertex 204.348 21.7346 3
      vertex 204.348 21.7346 6
    endloop
  endfacet
  facet normal 0.831182 -0.556 0
    outer loop
      vertex 204.348 21.7346 3
      vertex 203.914 21.0858 6
      vertex 203.914 21.0858 3
    endloop
  endfacet
  facet normal 0.980846 -0.194785 0
    outer loop
      vertex 204.348 21.7346 6
      vertex 204.5 22.5 3
      vertex 204.5 22.5 6
    endloop
  endfacet
  facet normal 0.980846 -0.194785 0
    outer loop
      vertex 204.5 22.5 3
      vertex 204.348 21.7346 6
      vertex 204.348 21.7346 3
    endloop
  endfacet
  facet normal -0.831182 -0.556 0
    outer loop
      vertex 201.086 21.0858 3
      vertex 200.652 21.7346 6
      vertex 200.652 21.7346 3
    endloop
  endfacet
  facet normal -0.831182 -0.556 0
    outer loop
      vertex 200.652 21.7346 6
      vertex 201.086 21.0858 3
      vertex 201.086 21.0858 6
    endloop
  endfacet
  facet normal 0.19513 -0.980777 0
    outer loop
      vertex 202.5 20.5 3
      vertex 203.265 20.6522 6
      vertex 202.5 20.5 6
    endloop
  endfacet
  facet normal 0.19513 -0.980777 0
    outer loop
      vertex 203.265 20.6522 6
      vertex 202.5 20.5 3
      vertex 203.265 20.6522 3
    endloop
  endfacet
  facet normal -0.980846 0.194785 0
    outer loop
      vertex 200.5 22.5 3
      vertex 200.652 23.2654 6
      vertex 200.652 23.2654 3
    endloop
  endfacet
  facet normal -0.980846 0.194785 0
    outer loop
      vertex 200.652 23.2654 6
      vertex 200.5 22.5 3
      vertex 200.5 22.5 6
    endloop
  endfacet
  facet normal -0.555528 0.831498 0
    outer loop
      vertex 201.735 24.3478 3
      vertex 201.086 23.9142 6
      vertex 201.735 24.3478 6
    endloop
  endfacet
  facet normal -0.555528 0.831498 0
    outer loop
      vertex 201.086 23.9142 6
      vertex 201.735 24.3478 3
      vertex 201.086 23.9142 3
    endloop
  endfacet
  facet normal 0 0 1
    outer loop
      vertex 204.348 23.2654 6
      vertex 204.348 21.7346 6
      vertex 204.5 22.5 6
    endloop
  endfacet
  facet normal 0 0 1
    outer loop
      vertex 203.914 23.9142 6
      vertex 204.348 21.7346 6
      vertex 204.348 23.2654 6
    endloop
  endfacet
  facet normal 0 0 1
    outer loop
      vertex 203.914 23.9142 6
      vertex 203.914 21.0858 6
      vertex 204.348 21.7346 6
    endloop
  endfacet
  facet normal 0 0 1
    outer loop
      vertex 203.265 24.3478 6
      vertex 203.914 21.0858 6
      vertex 203.914 23.9142 6
    endloop
  endfacet
  facet normal 0 0 1
    outer loop
      vertex 203.265 24.3478 6
      vertex 203.265 20.6522 6
      vertex 203.914 21.0858 6
    endloop
  endfacet
  facet normal 0 0 1
    outer loop
      vertex 202.5 24.5 6
      vertex 203.265 20.6522 6
      vertex 203.265 24.3478 6
    endloop
  endfacet
  facet normal 0 0 1
    outer loop
      vertex 202.5 24.5 6
      vertex 202.5 20.5 6
      vertex 203.265 20.6522 6
    endloop
  endfacet
  facet normal -0 0 1
    outer loop
      vertex 201.735 24.3478 6
      vertex 202.5 20.5 6
      vertex 202.5 24.5 6
    endloop
  endfacet
  facet normal 0 0 1
    outer loop
      vertex 201.735 24.3478 6
      vertex 201.735 20.6522 6
      vertex 202.5 20.5 6
    endloop
  endfacet
  facet normal -0 0 1
    outer loop
      vertex 201.086 23.9142 6
      vertex 201.735 20.6522 6
      vertex 201.735 24.3478 6
    endloop
  endfacet
  facet normal 0 0 1
    outer loop
      vertex 201.086 23.9142 6
      vertex 201.086 21.0858 6
      vertex 201.735 20.6522 6
    endloop
  endfacet
  facet normal -0 0 1
    outer loop
      vertex 200.652 23.2654 6
      vertex 201.086 21.0858 6
      vertex 201.086 23.9142 6
    endloop
  endfacet
  facet normal 0 0 1
    outer loop
      vertex 200.652 23.2654 6
      vertex 200.652 21.7346 6
      vertex 201.086 21.0858 6
    endloop
  endfacet
  facet normal 0 -0 1
    outer loop
      vertex 200.652 21.7346 6
      vertex 200.652 23.2654 6
      vertex 200.5 22.5 6
    endloop
  endfacet
  facet normal -0.555528 -0.831498 0
    outer loop
      vertex 201.086 21.0858 3
      vertex 201.735 20.6522 6
      vertex 201.086 21.0858 6
    endloop
  endfacet
  facet normal -0.555528 -0.831498 -0
    outer loop
      vertex 201.735 20.6522 6
      vertex 201.086 21.0858 3
      vertex 201.735 20.6522 3
    endloop
  endfacet
  facet normal 0.831182 0.556 0
    outer loop
      vertex 204.348 68.2654 6
      vertex 203.914 68.9142 3
      vertex 203.914 68.9142 6
    endloop
  endfacet
  facet normal 0.831182 0.556 0
    outer loop
      vertex 203.914 68.9142 3
      vertex 204.348 68.2654 6
      vertex 204.348 68.2654 3
    endloop
  endfacet
  facet normal 0.980846 0.194785 0
    outer loop
      vertex 204.5 67.5 6
      vertex 204.348 68.2654 3
      vertex 204.348 68.2654 6
    endloop
  endfacet
  facet normal 0.980846 0.194785 0
    outer loop
      vertex 204.348 68.2654 3
      vertex 204.5 67.5 6
      vertex 204.5 67.5 3
    endloop
  endfacet
  facet normal 0.555528 0.831498 -0
    outer loop
      vertex 203.914 68.9142 3
      vertex 203.265 69.3478 6
      vertex 203.914 68.9142 6
    endloop
  endfacet
  facet normal 0.555528 0.831498 0
    outer loop
      vertex 203.265 69.3478 6
      vertex 203.914 68.9142 3
      vertex 203.265 69.3478 3
    endloop
  endfacet
  facet normal -0.980846 -0.194785 0
    outer loop
      vertex 200.652 66.7346 3
      vertex 200.5 67.5 6
      vertex 200.5 67.5 3
    endloop
  endfacet
  facet normal -0.980846 -0.194785 0
    outer loop
      vertex 200.5 67.5 6
      vertex 200.652 66.7346 3
      vertex 200.652 66.7346 6
    endloop
  endfacet
  facet normal 0.555528 -0.831498 0
    outer loop
      vertex 203.265 65.6522 3
      vertex 203.914 66.0858 6
      vertex 203.265 65.6522 6
    endloop
  endfacet
  facet normal 0.555528 -0.831498 0
    outer loop
      vertex 203.914 66.0858 6
      vertex 203.265 65.6522 3
      vertex 203.914 66.0858 3
    endloop
  endfacet
  facet normal -0.831182 0.556 0
    outer loop
      vertex 200.652 68.2654 3
      vertex 201.086 68.9142 6
      vertex 201.086 68.9142 3
    endloop
  endfacet
  facet normal -0.831182 0.556 0
    outer loop
      vertex 201.086 68.9142 6
      vertex 200.652 68.2654 3
      vertex 200.652 68.2654 6
    endloop
  endfacet
  facet normal -0.19513 -0.980777 0
    outer loop
      vertex 201.735 65.6522 3
      vertex 202.5 65.5 6
      vertex 201.735 65.6522 6
    endloop
  endfacet
  facet normal -0.19513 -0.980777 -0
    outer loop
      vertex 202.5 65.5 6
      vertex 201.735 65.6522 3
      vertex 202.5 65.5 3
    endloop
  endfacet
  facet normal 0.19513 0.980777 -0
    outer loop
      vertex 203.265 69.3478 3
      vertex 202.5 69.5 6
      vertex 203.265 69.3478 6
    endloop
  endfacet
  facet normal 0.19513 0.980777 0
    outer loop
      vertex 202.5 69.5 6
      vertex 203.265 69.3478 3
      vertex 202.5 69.5 3
    endloop
  endfacet
  facet normal -0.19513 0.980777 0
    outer loop
      vertex 202.5 69.5 3
      vertex 201.735 69.3478 6
      vertex 202.5 69.5 6
    endloop
  endfacet
  facet normal -0.19513 0.980777 0
    outer loop
      vertex 201.735 69.3478 6
      vertex 202.5 69.5 3
      vertex 201.735 69.3478 3
    endloop
  endfacet
  facet normal -0.555528 0.831498 0
    outer loop
      vertex 201.735 69.3478 3
      vertex 201.086 68.9142 6
      vertex 201.735 69.3478 6
    endloop
  endfacet
  facet normal -0.555528 0.831498 0
    outer loop
      vertex 201.086 68.9142 6
      vertex 201.735 69.3478 3
      vertex 201.086 68.9142 3
    endloop
  endfacet
  facet normal 0.831068 -0.556171 0
    outer loop
      vertex 204.348 66.7346 6
      vertex 204.191 66.5 3
      vertex 204.348 66.7346 3
    endloop
  endfacet
  facet normal 0.831182 -0.556 -1.9302e-05
    outer loop
      vertex 203.914 66.0858 6
      vertex 204.191 66.5 3
      vertex 204.348 66.7346 6
    endloop
  endfacet
  facet normal 0.831247 -0.555904 0
    outer loop
      vertex 204.191 66.5 3
      vertex 203.914 66.0858 6
      vertex 203.914 66.0858 3
    endloop
  endfacet
  facet normal 0.980846 -0.194785 0
    outer loop
      vertex 204.348 66.7346 6
      vertex 204.5 67.5 3
      vertex 204.5 67.5 6
    endloop
  endfacet
  facet normal 0.980846 -0.194785 0
    outer loop
      vertex 204.5 67.5 3
      vertex 204.348 66.7346 6
      vertex 204.348 66.7346 3
    endloop
  endfacet
  facet normal -0.831068 -0.556171 0
    outer loop
      vertex 200.809 66.5 3
      vertex 200.652 66.7346 6
      vertex 200.652 66.7346 3
    endloop
  endfacet
  facet normal -0.831247 -0.555904 -0
    outer loop
      vertex 201.086 66.0858 6
      vertex 200.809 66.5 3
      vertex 201.086 66.0858 3
    endloop
  endfacet
  facet normal -0.831182 -0.556 -1.9302e-05
    outer loop
      vertex 200.809 66.5 3
      vertex 201.086 66.0858 6
      vertex 200.652 66.7346 6
    endloop
  endfacet
  facet normal 0.19513 -0.980777 0
    outer loop
      vertex 202.5 65.5 3
      vertex 203.265 65.6522 6
      vertex 202.5 65.5 6
    endloop
  endfacet
  facet normal 0.19513 -0.980777 0
    outer loop
      vertex 203.265 65.6522 6
      vertex 202.5 65.5 3
      vertex 203.265 65.6522 3
    endloop
  endfacet
  facet normal -0.980846 0.194785 0
    outer loop
      vertex 200.5 67.5 3
      vertex 200.652 68.2654 6
      vertex 200.652 68.2654 3
    endloop
  endfacet
  facet normal -0.980846 0.194785 0
    outer loop
      vertex 200.652 68.2654 6
      vertex 200.5 67.5 3
      vertex 200.5 67.5 6
    endloop
  endfacet
  facet normal 0 0 1
    outer loop
      vertex 204.348 68.2654 6
      vertex 204.348 66.7346 6
      vertex 204.5 67.5 6
    endloop
  endfacet
  facet normal 0 0 1
    outer loop
      vertex 203.914 68.9142 6
      vertex 204.348 66.7346 6
      vertex 204.348 68.2654 6
    endloop
  endfacet
  facet normal 0 0 1
    outer loop
      vertex 203.914 68.9142 6
      vertex 203.914 66.0858 6
      vertex 204.348 66.7346 6
    endloop
  endfacet
  facet normal 0 0 1
    outer loop
      vertex 203.265 69.3478 6
      vertex 203.914 66.0858 6
      vertex 203.914 68.9142 6
    endloop
  endfacet
  facet normal 0 0 1
    outer loop
      vertex 203.265 69.3478 6
      vertex 203.265 65.6522 6
      vertex 203.914 66.0858 6
    endloop
  endfacet
  facet normal 0 0 1
    outer loop
      vertex 202.5 69.5 6
      vertex 203.265 65.6522 6
      vertex 203.265 69.3478 6
    endloop
  endfacet
  facet normal 0 0 1
    outer loop
      vertex 202.5 69.5 6
      vertex 202.5 65.5 6
      vertex 203.265 65.6522 6
    endloop
  endfacet
  facet normal -0 0 1
    outer loop
      vertex 201.735 69.3478 6
      vertex 202.5 65.5 6
      vertex 202.5 69.5 6
    endloop
  endfacet
  facet normal 0 0 1
    outer loop
      vertex 201.735 69.3478 6
      vertex 201.735 65.6522 6
      vertex 202.5 65.5 6
    endloop
  endfacet
  facet normal -0 0 1
    outer loop
      vertex 201.086 68.9142 6
      vertex 201.735 65.6522 6
      vertex 201.735 69.3478 6
    endloop
  endfacet
  facet normal 0 0 1
    outer loop
      vertex 201.086 68.9142 6
      vertex 201.086 66.0858 6
      vertex 201.735 65.6522 6
    endloop
  endfacet
  facet normal -0 0 1
    outer loop
      vertex 200.652 68.2654 6
      vertex 201.086 66.0858 6
      vertex 201.086 68.9142 6
    endloop
  endfacet
  facet normal 0 0 1
    outer loop
      vertex 200.652 68.2654 6
      vertex 200.652 66.7346 6
      vertex 201.086 66.0858 6
    endloop
  endfacet
  facet normal 0 -0 1
    outer loop
      vertex 200.652 66.7346 6
      vertex 200.652 68.2654 6
      vertex 200.5 67.5 6
    endloop
  endfacet
  facet normal -0.555528 -0.831498 0
    outer loop
      vertex 201.086 66.0858 3
      vertex 201.735 65.6522 6
      vertex 201.086 66.0858 6
    endloop
  endfacet
  facet normal -0.555528 -0.831498 -0
    outer loop
      vertex 201.735 65.6522 6
      vertex 201.086 66.0858 3
      vertex 201.735 65.6522 3
    endloop
  endfacet
  facet normal 0.831261 0.555882 0
    outer loop
      vertex 204.348 113.265 6
      vertex 203.914 113.914 3
      vertex 203.914 113.914 6
    endloop
  endfacet
  facet normal 0.831261 0.555882 0
    outer loop
      vertex 203.914 113.914 3
      vertex 204.348 113.265 6
      vertex 204.348 113.265 3
    endloop
  endfacet
  facet normal 0.980826 0.194883 0
    outer loop
      vertex 204.5 112.5 6
      vertex 204.348 113.265 3
      vertex 204.348 113.265 6
    endloop
  endfacet
  facet normal 0.980826 0.194883 0
    outer loop
      vertex 204.348 113.265 3
      vertex 204.5 112.5 6
      vertex 204.5 112.5 3
    endloop
  endfacet
  facet normal 0.555882 0.831261 -0
    outer loop
      vertex 203.914 113.914 3
      vertex 203.265 114.348 6
      vertex 203.914 113.914 6
    endloop
  endfacet
  facet normal 0.555882 0.831261 0
    outer loop
      vertex 203.265 114.348 6
      vertex 203.914 113.914 3
      vertex 203.265 114.348 3
    endloop
  endfacet
  facet normal -0.980826 -0.194883 0
    outer loop
      vertex 200.652 111.735 3
      vertex 200.5 112.5 6
      vertex 200.5 112.5 3
    endloop
  endfacet
  facet normal -0.980826 -0.194883 0
    outer loop
      vertex 200.5 112.5 6
      vertex 200.652 111.735 3
      vertex 200.652 111.735 6
    endloop
  endfacet
  facet normal 0.555882 -0.831261 0
    outer loop
      vertex 203.265 110.652 3
      vertex 203.914 111.086 6
      vertex 203.265 110.652 6
    endloop
  endfacet
  facet normal 0.555882 -0.831261 0
    outer loop
      vertex 203.914 111.086 6
      vertex 203.265 110.652 3
      vertex 203.914 111.086 3
    endloop
  endfacet
  facet normal -0.831261 0.555882 0
    outer loop
      vertex 200.652 113.265 3
      vertex 201.086 113.914 6
      vertex 201.086 113.914 3
    endloop
  endfacet
  facet normal -0.831261 0.555882 0
    outer loop
      vertex 201.086 113.914 6
      vertex 200.652 113.265 3
      vertex 200.652 113.265 6
    endloop
  endfacet
  facet normal -0.194883 -0.980826 0
    outer loop
      vertex 201.735 110.652 3
      vertex 202.5 110.5 6
      vertex 201.735 110.652 6
    endloop
  endfacet
  facet normal -0.194883 -0.980826 -0
    outer loop
      vertex 202.5 110.5 6
      vertex 201.735 110.652 3
      vertex 202.5 110.5 3
    endloop
  endfacet
  facet normal 0.194883 0.980826 -0
    outer loop
      vertex 203.265 114.348 3
      vertex 202.5 114.5 6
      vertex 203.265 114.348 6
    endloop
  endfacet
  facet normal 0.194883 0.980826 0
    outer loop
      vertex 202.5 114.5 6
      vertex 203.265 114.348 3
      vertex 202.5 114.5 3
    endloop
  endfacet
  facet normal -0.194883 0.980826 0
    outer loop
      vertex 202.5 114.5 3
      vertex 201.735 114.348 6
      vertex 202.5 114.5 6
    endloop
  endfacet
  facet normal -0.194883 0.980826 0
    outer loop
      vertex 201.735 114.348 6
      vertex 202.5 114.5 3
      vertex 201.735 114.348 3
    endloop
  endfacet
  facet normal 0.831261 -0.555882 0
    outer loop
      vertex 203.914 111.086 6
      vertex 204.348 111.735 3
      vertex 204.348 111.735 6
    endloop
  endfacet
  facet normal 0.831261 -0.555882 0
    outer loop
      vertex 204.348 111.735 3
      vertex 203.914 111.086 6
      vertex 203.914 111.086 3
    endloop
  endfacet
  facet normal 0.980826 -0.194883 0
    outer loop
      vertex 204.348 111.735 6
      vertex 204.5 112.5 3
      vertex 204.5 112.5 6
    endloop
  endfacet
  facet normal 0.980826 -0.194883 0
    outer loop
      vertex 204.5 112.5 3
      vertex 204.348 111.735 6
      vertex 204.348 111.735 3
    endloop
  endfacet
  facet normal -0.831261 -0.555882 0
    outer loop
      vertex 201.086 111.086 3
      vertex 200.652 111.735 6
      vertex 200.652 111.735 3
    endloop
  endfacet
  facet normal -0.831261 -0.555882 0
    outer loop
      vertex 200.652 111.735 6
      vertex 201.086 111.086 3
      vertex 201.086 111.086 6
    endloop
  endfacet
  facet normal 0.194883 -0.980826 0
    outer loop
      vertex 202.5 110.5 3
      vertex 203.265 110.652 6
      vertex 202.5 110.5 6
    endloop
  endfacet
  facet normal 0.194883 -0.980826 0
    outer loop
      vertex 203.265 110.652 6
      vertex 202.5 110.5 3
      vertex 203.265 110.652 3
    endloop
  endfacet
  facet normal -0.980826 0.194883 0
    outer loop
      vertex 200.5 112.5 3
      vertex 200.652 113.265 6
      vertex 200.652 113.265 3
    endloop
  endfacet
  facet normal -0.980826 0.194883 0
    outer loop
      vertex 200.652 113.265 6
      vertex 200.5 112.5 3
      vertex 200.5 112.5 6
    endloop
  endfacet
  facet normal -0.555882 0.831261 0
    outer loop
      vertex 201.735 114.348 3
      vertex 201.086 113.914 6
      vertex 201.735 114.348 6
    endloop
  endfacet
  facet normal -0.555882 0.831261 0
    outer loop
      vertex 201.086 113.914 6
      vertex 201.735 114.348 3
      vertex 201.086 113.914 3
    endloop
  endfacet
  facet normal 0 0 1
    outer loop
      vertex 204.348 113.265 6
      vertex 204.348 111.735 6
      vertex 204.5 112.5 6
    endloop
  endfacet
  facet normal 0 0 1
    outer loop
      vertex 203.914 113.914 6
      vertex 204.348 111.735 6
      vertex 204.348 113.265 6
    endloop
  endfacet
  facet normal 0 0 1
    outer loop
      vertex 203.914 113.914 6
      vertex 203.914 111.086 6
      vertex 204.348 111.735 6
    endloop
  endfacet
  facet normal 0 0 1
    outer loop
      vertex 203.265 114.348 6
      vertex 203.914 111.086 6
      vertex 203.914 113.914 6
    endloop
  endfacet
  facet normal 0 0 1
    outer loop
      vertex 203.265 114.348 6
      vertex 203.265 110.652 6
      vertex 203.914 111.086 6
    endloop
  endfacet
  facet normal 0 0 1
    outer loop
      vertex 202.5 114.5 6
      vertex 203.265 110.652 6
      vertex 203.265 114.348 6
    endloop
  endfacet
  facet normal 0 0 1
    outer loop
      vertex 202.5 114.5 6
      vertex 202.5 110.5 6
      vertex 203.265 110.652 6
    endloop
  endfacet
  facet normal -0 0 1
    outer loop
      vertex 201.735 114.348 6
      vertex 202.5 110.5 6
      vertex 202.5 114.5 6
    endloop
  endfacet
  facet normal 0 0 1
    outer loop
      vertex 201.735 114.348 6
      vertex 201.735 110.652 6
      vertex 202.5 110.5 6
    endloop
  endfacet
  facet normal -0 0 1
    outer loop
      vertex 201.086 113.914 6
      vertex 201.735 110.652 6
      vertex 201.735 114.348 6
    endloop
  endfacet
  facet normal 0 0 1
    outer loop
      vertex 201.086 113.914 6
      vertex 201.086 111.086 6
      vertex 201.735 110.652 6
    endloop
  endfacet
  facet normal -0 0 1
    outer loop
      vertex 200.652 113.265 6
      vertex 201.086 111.086 6
      vertex 201.086 113.914 6
    endloop
  endfacet
  facet normal 0 0 1
    outer loop
      vertex 200.652 113.265 6
      vertex 200.652 111.735 6
      vertex 201.086 111.086 6
    endloop
  endfacet
  facet normal 0 -0 1
    outer loop
      vertex 200.652 111.735 6
      vertex 200.652 113.265 6
      vertex 200.5 112.5 6
    endloop
  endfacet
  facet normal -0.555882 -0.831261 0
    outer loop
      vertex 201.086 111.086 3
      vertex 201.735 110.652 6
      vertex 201.086 111.086 6
    endloop
  endfacet
  facet normal -0.555882 -0.831261 -0
    outer loop
      vertex 201.735 110.652 6
      vertex 201.086 111.086 3
      vertex 201.735 110.652 3
    endloop
  endfacet
  facet normal 0.831261 0.555882 0
    outer loop
      vertex 204.348 158.265 6
      vertex 203.914 158.914 3
      vertex 203.914 158.914 6
    endloop
  endfacet
  facet normal 0.831261 0.555882 0
    outer loop
      vertex 203.914 158.914 3
      vertex 204.348 158.265 6
      vertex 204.348 158.265 3
    endloop
  endfacet
  facet normal 0.980826 0.194883 0
    outer loop
      vertex 204.5 157.5 6
      vertex 204.348 158.265 3
      vertex 204.348 158.265 6
    endloop
  endfacet
  facet normal 0.980826 0.194883 0
    outer loop
      vertex 204.348 158.265 3
      vertex 204.5 157.5 6
      vertex 204.5 157.5 3
    endloop
  endfacet
  facet normal 0.555882 0.831261 -0
    outer loop
      vertex 203.914 158.914 3
      vertex 203.265 159.348 6
      vertex 203.914 158.914 6
    endloop
  endfacet
  facet normal 0.555882 0.831261 0
    outer loop
      vertex 203.265 159.348 6
      vertex 203.914 158.914 3
      vertex 203.265 159.348 3
    endloop
  endfacet
  facet normal -0.980826 -0.194883 0
    outer loop
      vertex 200.652 156.735 3
      vertex 200.5 157.5 6
      vertex 200.5 157.5 3
    endloop
  endfacet
  facet normal -0.980826 -0.194883 0
    outer loop
      vertex 200.5 157.5 6
      vertex 200.652 156.735 3
      vertex 200.652 156.735 6
    endloop
  endfacet
  facet normal 0.555882 -0.831261 0
    outer loop
      vertex 203.265 155.652 3
      vertex 203.914 156.086 6
      vertex 203.265 155.652 6
    endloop
  endfacet
  facet normal 0.555882 -0.831261 0
    outer loop
      vertex 203.914 156.086 6
      vertex 203.265 155.652 3
      vertex 203.914 156.086 3
    endloop
  endfacet
  facet normal -0.831261 0.555882 0
    outer loop
      vertex 200.652 158.265 3
      vertex 201.086 158.914 6
      vertex 201.086 158.914 3
    endloop
  endfacet
  facet normal -0.831261 0.555882 0
    outer loop
      vertex 201.086 158.914 6
      vertex 200.652 158.265 3
      vertex 200.652 158.265 6
    endloop
  endfacet
  facet normal -0.194883 -0.980826 0
    outer loop
      vertex 201.735 155.652 3
      vertex 202.5 155.5 6
      vertex 201.735 155.652 6
    endloop
  endfacet
  facet normal -0.194883 -0.980826 -0
    outer loop
      vertex 202.5 155.5 6
      vertex 201.735 155.652 3
      vertex 202.5 155.5 3
    endloop
  endfacet
  facet normal 0.194883 0.980826 -0
    outer loop
      vertex 203.265 159.348 3
      vertex 202.5 159.5 6
      vertex 203.265 159.348 6
    endloop
  endfacet
  facet normal 0.194883 0.980826 0
    outer loop
      vertex 202.5 159.5 6
      vertex 203.265 159.348 3
      vertex 202.5 159.5 3
    endloop
  endfacet
  facet normal -0.194883 0.980826 0
    outer loop
      vertex 202.5 159.5 3
      vertex 201.735 159.348 6
      vertex 202.5 159.5 6
    endloop
  endfacet
  facet normal -0.194883 0.980826 0
    outer loop
      vertex 201.735 159.348 6
      vertex 202.5 159.5 3
      vertex 201.735 159.348 3
    endloop
  endfacet
  facet normal 0.831506 -0.555516 0
    outer loop
      vertex 204.348 156.735 6
      vertex 204.191 156.5 3
      vertex 204.348 156.735 3
    endloop
  endfacet
  facet normal 0.831261 -0.555882 4.14136e-05
    outer loop
      vertex 203.914 156.086 6
      vertex 204.191 156.5 3
      vertex 204.348 156.735 6
    endloop
  endfacet
  facet normal 0.831123 -0.556089 0
    outer loop
      vertex 204.191 156.5 3
      vertex 203.914 156.086 6
      vertex 203.914 156.086 3
    endloop
  endfacet
  facet normal 0.980826 -0.194883 0
    outer loop
      vertex 204.348 156.735 6
      vertex 204.5 157.5 3
      vertex 204.5 157.5 6
    endloop
  endfacet
  facet normal 0.980826 -0.194883 0
    outer loop
      vertex 204.5 157.5 3
      vertex 204.348 156.735 6
      vertex 204.348 156.735 3
    endloop
  endfacet
  facet normal -0.831506 -0.555516 0
    outer loop
      vertex 200.809 156.5 3
      vertex 200.652 156.735 6
      vertex 200.652 156.735 3
    endloop
  endfacet
  facet normal -0.831123 -0.556089 -0
    outer loop
      vertex 201.086 156.086 6
      vertex 200.809 156.5 3
      vertex 201.086 156.086 3
    endloop
  endfacet
  facet normal -0.831261 -0.555882 4.14136e-05
    outer loop
      vertex 200.809 156.5 3
      vertex 201.086 156.086 6
      vertex 200.652 156.735 6
    endloop
  endfacet
  facet normal 0.194883 -0.980826 0
    outer loop
      vertex 202.5 155.5 3
      vertex 203.265 155.652 6
      vertex 202.5 155.5 6
    endloop
  endfacet
  facet normal 0.194883 -0.980826 0
    outer loop
      vertex 203.265 155.652 6
      vertex 202.5 155.5 3
      vertex 203.265 155.652 3
    endloop
  endfacet
  facet normal -0.980826 0.194883 0
    outer loop
      vertex 200.5 157.5 3
      vertex 200.652 158.265 6
      vertex 200.652 158.265 3
    endloop
  endfacet
  facet normal -0.980826 0.194883 0
    outer loop
      vertex 200.652 158.265 6
      vertex 200.5 157.5 3
      vertex 200.5 157.5 6
    endloop
  endfacet
  facet normal -0.555882 0.831261 0
    outer loop
      vertex 201.735 159.348 3
      vertex 201.086 158.914 6
      vertex 201.735 159.348 6
    endloop
  endfacet
  facet normal -0.555882 0.831261 0
    outer loop
      vertex 201.086 158.914 6
      vertex 201.735 159.348 3
      vertex 201.086 158.914 3
    endloop
  endfacet
  facet normal 0 0 1
    outer loop
      vertex 204.348 158.265 6
      vertex 204.348 156.735 6
      vertex 204.5 157.5 6
    endloop
  endfacet
  facet normal 0 0 1
    outer loop
      vertex 203.914 158.914 6
      vertex 204.348 156.735 6
      vertex 204.348 158.265 6
    endloop
  endfacet
  facet normal 0 0 1
    outer loop
      vertex 203.914 158.914 6
      vertex 203.914 156.086 6
      vertex 204.348 156.735 6
    endloop
  endfacet
  facet normal 0 0 1
    outer loop
      vertex 203.265 159.348 6
      vertex 203.914 156.086 6
      vertex 203.914 158.914 6
    endloop
  endfacet
  facet normal 0 0 1
    outer loop
      vertex 203.265 159.348 6
      vertex 203.265 155.652 6
      vertex 203.914 156.086 6
    endloop
  endfacet
  facet normal 0 0 1
    outer loop
      vertex 202.5 159.5 6
      vertex 203.265 155.652 6
      vertex 203.265 159.348 6
    endloop
  endfacet
  facet normal 0 0 1
    outer loop
      vertex 202.5 159.5 6
      vertex 202.5 155.5 6
      vertex 203.265 155.652 6
    endloop
  endfacet
  facet normal -0 0 1
    outer loop
      vertex 201.735 159.348 6
      vertex 202.5 155.5 6
      vertex 202.5 159.5 6
    endloop
  endfacet
  facet normal 0 0 1
    outer loop
      vertex 201.735 159.348 6
      vertex 201.735 155.652 6
      vertex 202.5 155.5 6
    endloop
  endfacet
  facet normal -0 0 1
    outer loop
      vertex 201.086 158.914 6
      vertex 201.735 155.652 6
      vertex 201.735 159.348 6
    endloop
  endfacet
  facet normal 0 0 1
    outer loop
      vertex 201.086 158.914 6
      vertex 201.086 156.086 6
      vertex 201.735 155.652 6
    endloop
  endfacet
  facet normal -0 0 1
    outer loop
      vertex 200.652 158.265 6
      vertex 201.086 156.086 6
      vertex 201.086 158.914 6
    endloop
  endfacet
  facet normal 0 0 1
    outer loop
      vertex 200.652 158.265 6
      vertex 200.652 156.735 6
      vertex 201.086 156.086 6
    endloop
  endfacet
  facet normal 0 -0 1
    outer loop
      vertex 200.652 156.735 6
      vertex 200.652 158.265 6
      vertex 200.5 157.5 6
    endloop
  endfacet
  facet normal -0.555882 -0.831261 0
    outer loop
      vertex 201.086 156.086 3
      vertex 201.735 155.652 6
      vertex 201.086 156.086 6
    endloop
  endfacet
  facet normal -0.555882 -0.831261 -0
    outer loop
      vertex 201.735 155.652 6
      vertex 201.086 156.086 3
      vertex 201.735 155.652 3
    endloop
  endfacet
  facet normal 1 -0 0
    outer loop
      vertex 8 14.5 15.5
      vertex 8 20.5 13
      vertex 8 20.5 15.5
    endloop
  endfacet
  facet normal 1 0 0
    outer loop
      vertex 8 20.5 13
      vertex 8 14.5 15.5
      vertex 8 14.5 13
    endloop
  endfacet
  facet normal -0 0 1
    outer loop
      vertex 4 20.5 15.5
      vertex 8 14.5 15.5
      vertex 8 20.5 15.5
    endloop
  endfacet
  facet normal 0 0 1
    outer loop
      vertex 8 14.5 15.5
      vertex 4 20.5 15.5
      vertex 4 14.5 15.5
    endloop
  endfacet
  facet normal 0 0 -1
    outer loop
      vertex 4 14.5 13
      vertex 8 20.5 13
      vertex 8 14.5 13
    endloop
  endfacet
  facet normal -0 0 -1
    outer loop
      vertex 8 20.5 13
      vertex 4 14.5 13
      vertex 4 20.5 13
    endloop
  endfacet
  facet normal -1 0 0
    outer loop
      vertex 4 14.5 13
      vertex 4 20.5 15.5
      vertex 4 20.5 13
    endloop
  endfacet
  facet normal -1 -0 0
    outer loop
      vertex 4 20.5 15.5
      vertex 4 14.5 13
      vertex 4 14.5 15.5
    endloop
  endfacet
  facet normal 0 1 -0
    outer loop
      vertex 8 20.5 13
      vertex 4 20.5 15.5
      vertex 8 20.5 15.5
    endloop
  endfacet
  facet normal 0 1 0
    outer loop
      vertex 4 20.5 15.5
      vertex 8 20.5 13
      vertex 4 20.5 13
    endloop
  endfacet
  facet normal 0 -1 0
    outer loop
      vertex 4 14.5 13
      vertex 8 14.5 15.5
      vertex 4 14.5 15.5
    endloop
  endfacet
  facet normal 0 -1 -0
    outer loop
      vertex 8 14.5 15.5
      vertex 4 14.5 13
      vertex 8 14.5 13
    endloop
  endfacet
  facet normal 1 -0 0
    outer loop
      vertex 8 168.5 15.5
      vertex 8 174.5 13
      vertex 8 174.5 15.5
    endloop
  endfacet
  facet normal 1 0 0
    outer loop
      vertex 8 174.5 13
      vertex 8 168.5 15.5
      vertex 8 168.5 13
    endloop
  endfacet
  facet normal -0 0 1
    outer loop
      vertex 4 174.5 15.5
      vertex 8 168.5 15.5
      vertex 8 174.5 15.5
    endloop
  endfacet
  facet normal 0 0 1
    outer loop
      vertex 8 168.5 15.5
      vertex 4 174.5 15.5
      vertex 4 168.5 15.5
    endloop
  endfacet
  facet normal 0 0 -1
    outer loop
      vertex 4 168.5 13
      vertex 8 174.5 13
      vertex 8 168.5 13
    endloop
  endfacet
  facet normal -0 0 -1
    outer loop
      vertex 8 174.5 13
      vertex 4 168.5 13
      vertex 4 174.5 13
    endloop
  endfacet
  facet normal -1 0 0
    outer loop
      vertex 4 168.5 13
      vertex 4 174.5 15.5
      vertex 4 174.5 13
    endloop
  endfacet
  facet normal -1 -0 0
    outer loop
      vertex 4 174.5 15.5
      vertex 4 168.5 13
      vertex 4 168.5 15.5
    endloop
  endfacet
  facet normal 0 1 -0
    outer loop
      vertex 8 174.5 13
      vertex 4 174.5 15.5
      vertex 8 174.5 15.5
    endloop
  endfacet
  facet normal 0 1 0
    outer loop
      vertex 4 174.5 15.5
      vertex 8 174.5 13
      vertex 4 174.5 13
    endloop
  endfacet
  facet normal 0 -1 0
    outer loop
      vertex 4 168.5 13
      vertex 8 168.5 15.5
      vertex 4 168.5 15.5
    endloop
  endfacet
  facet normal 0 -1 -0
    outer loop
      vertex 8 168.5 15.5
      vertex 4 168.5 13
      vertex 8 168.5 13
    endloop
  endfacet
  facet normal -0 0 1
    outer loop
      vertex 254.5 20.5 15.5
      vertex 258.5 14.5 15.5
      vertex 258.5 20.5 15.5
    endloop
  endfacet
  facet normal 0 0 1
    outer loop
      vertex 258.5 14.5 15.5
      vertex 254.5 20.5 15.5
      vertex 254.5 14.5 15.5
    endloop
  endfacet
  facet normal 0 0 -1
    outer loop
      vertex 254.5 14.5 13
      vertex 258.5 20.5 13
      vertex 258.5 14.5 13
    endloop
  endfacet
  facet normal -0 0 -1
    outer loop
      vertex 258.5 20.5 13
      vertex 254.5 14.5 13
      vertex 254.5 20.5 13
    endloop
  endfacet
  facet normal -1 0 0
    outer loop
      vertex 254.5 14.5 13
      vertex 254.5 20.5 15.5
      vertex 254.5 20.5 13
    endloop
  endfacet
  facet normal -1 -0 0
    outer loop
      vertex 254.5 20.5 15.5
      vertex 254.5 14.5 13
      vertex 254.5 14.5 15.5
    endloop
  endfacet
  facet normal 0 1 -0
    outer loop
      vertex 258.5 20.5 13
      vertex 254.5 20.5 15.5
      vertex 258.5 20.5 15.5
    endloop
  endfacet
  facet normal 0 1 0
    outer loop
      vertex 254.5 20.5 15.5
      vertex 258.5 20.5 13
      vertex 254.5 20.5 13
    endloop
  endfacet
  facet normal 0 -1 0
    outer loop
      vertex 254.5 14.5 13
      vertex 258.5 14.5 15.5
      vertex 254.5 14.5 15.5
    endloop
  endfacet
  facet normal 0 -1 -0
    outer loop
      vertex 258.5 14.5 15.5
      vertex 254.5 14.5 13
      vertex 258.5 14.5 13
    endloop
  endfacet
  facet normal -0 0 1
    outer loop
      vertex 254.5 174.5 15.5
      vertex 258.5 168.5 15.5
      vertex 258.5 174.5 15.5
    endloop
  endfacet
  facet normal 0 0 1
    outer loop
      vertex 258.5 168.5 15.5
      vertex 254.5 174.5 15.5
      vertex 254.5 168.5 15.5
    endloop
  endfacet
  facet normal 0 0 -1
    outer loop
      vertex 254.5 168.5 13
      vertex 258.5 174.5 13
      vertex 258.5 168.5 13
    endloop
  endfacet
  facet normal -0 0 -1
    outer loop
      vertex 258.5 174.5 13
      vertex 254.5 168.5 13
      vertex 254.5 174.5 13
    endloop
  endfacet
  facet normal -1 0 0
    outer loop
      vertex 254.5 168.5 13
      vertex 254.5 174.5 15.5
      vertex 254.5 174.5 13
    endloop
  endfacet
  facet normal -1 -0 0
    outer loop
      vertex 254.5 174.5 15.5
      vertex 254.5 168.5 13
      vertex 254.5 168.5 15.5
    endloop
  endfacet
  facet normal 0 1 -0
    outer loop
      vertex 258.5 174.5 13
      vertex 254.5 174.5 15.5
      vertex 258.5 174.5 15.5
    endloop
  endfacet
  facet normal 0 1 0
    outer loop
      vertex 254.5 174.5 15.5
      vertex 258.5 174.5 13
      vertex 254.5 174.5 13
    endloop
  endfacet
  facet normal 0 -1 0
    outer loop
      vertex 254.5 168.5 13
      vertex 258.5 168.5 15.5
      vertex 254.5 168.5 15.5
    endloop
  endfacet
  facet normal 0 -1 -0
    outer loop
      vertex 258.5 168.5 15.5
      vertex 254.5 168.5 13
      vertex 258.5 168.5 13
    endloop
  endfacet
  facet normal -0.92388 -0.382683 0
    outer loop
      vertex -5.4641 -4 0
      vertex -5.8637 -3.03528 58.5
      vertex -5.8637 -3.03528 0
    endloop
  endfacet
  facet normal -0.92388 -0.382683 0
    outer loop
      vertex -5.8637 -3.03528 58.5
      vertex -5.4641 -4 0
      vertex -5.4641 -4 58.5
    endloop
  endfacet
  facet normal -0.382683 -0.92388 0
    outer loop
      vertex -4 -5.4641 0
      vertex -3.03528 -5.8637 58.5
      vertex -4 -5.4641 58.5
    endloop
  endfacet
  facet normal -0.382683 -0.92388 -0
    outer loop
      vertex -3.03528 -5.8637 58.5
      vertex -4 -5.4641 0
      vertex -3.03528 -5.8637 0
    endloop
  endfacet
  facet normal -0.991445 -0.130529 0
    outer loop
      vertex -5.8637 -3.03528 0
      vertex -6 -2 58.5
      vertex -6 -2 0
    endloop
  endfacet
  facet normal -0.991445 -0.130529 0
    outer loop
      vertex -6 -2 58.5
      vertex -5.8637 -3.03528 0
      vertex -5.8637 -3.03528 58.5
    endloop
  endfacet
  facet normal 0.382682 -0.92388 0
    outer loop
      vertex -0.964724 -5.8637 58.5
      vertex 0 -5.4641 57.9541
      vertex 0 -5.4641 58.5
    endloop
  endfacet
  facet normal 0.382682 -0.92388 0
    outer loop
      vertex -0.964724 -5.8637 0
      vertex 0 -5.4641 57.9541
      vertex -0.964724 -5.8637 58.5
    endloop
  endfacet
  facet normal 0.382682 -0.92388 0
    outer loop
      vertex 0 -5.4641 57.9541
      vertex -0.964724 -5.8637 0
      vertex 0 -5.4641 0.501166
    endloop
  endfacet
  facet normal 0.382682 -0.92388 0
    outer loop
      vertex 0 -5.4641 0.501166
      vertex -0.964724 -5.8637 0
      vertex 0 -5.4641 0
    endloop
  endfacet
  facet normal 0.92388 -0.382683 0
    outer loop
      vertex 1.4641 -4 1.84305
      vertex 1.8637 -3.03528 55.5253
      vertex 1.4641 -4 56.49
    endloop
  endfacet
  facet normal 0.92388 -0.382683 0
    outer loop
      vertex 1.8637 -3.03528 55.5253
      vertex 1.4641 -4 1.84305
      vertex 1.8637 -3.03528 2.72725
    endloop
  endfacet
  facet normal 0.130529 0.991444 0
    outer loop
      vertex -2 2 3.67611
      vertex -0.964724 1.8637 53.4547
      vertex -0.964724 1.8637 4.62497
    endloop
  endfacet
  facet normal 0.130529 0.991444 0
    outer loop
      vertex -0.964724 1.8637 53.4547
      vertex -2 2 3.67611
      vertex -2 2 54.49
    endloop
  endfacet
  facet normal 0.608759 -0.793355 0
    outer loop
      vertex 0 -5.4641 0.501166
      vertex 0.828426 -4.82843 57.3184
      vertex 0 -5.4641 57.9541
    endloop
  endfacet
  facet normal 0.608759 -0.793355 0
    outer loop
      vertex 0.828426 -4.82843 57.3184
      vertex 0 -5.4641 0.501166
      vertex 0.828426 -4.82843 1.08378
    endloop
  endfacet
  facet normal 0.130529 -0.991444 0
    outer loop
      vertex -2 -6 0
      vertex -0.964724 -5.8637 58.5
      vertex -2 -6 58.5
    endloop
  endfacet
  facet normal 0.130529 -0.991444 0
    outer loop
      vertex -0.964724 -5.8637 58.5
      vertex -2 -6 0
      vertex -0.964724 -5.8637 0
    endloop
  endfacet
  facet normal -0.793355 0.608759 0
    outer loop
      vertex -5.4641 0 0.501166
      vertex -4.82843 0.828426 57.3184
      vertex -4.82843 0.828426 1.08378
    endloop
  endfacet
  facet normal -0.793355 0.608759 0
    outer loop
      vertex -4.82843 0.828426 57.3184
      vertex -5.4641 0 0.501166
      vertex -5.4641 0 57.9541
    endloop
  endfacet
  facet normal 0.991445 -0.130529 0
    outer loop
      vertex 1.8637 -3.03528 2.72725
      vertex 2 -2 54.49
      vertex 1.8637 -3.03528 55.5253
    endloop
  endfacet
  facet normal 0.991445 -0.130529 0
    outer loop
      vertex 2 -2 54.49
      vertex 1.8637 -3.03528 2.72725
      vertex 2 -2 3.67611
    endloop
  endfacet
  facet normal 0.991444 0.130529 -0
    outer loop
      vertex 2 -2 3.67611
      vertex 1.8637 -0.964724 53.4547
      vertex 2 -2 54.49
    endloop
  endfacet
  facet normal 0.991444 0.130529 0
    outer loop
      vertex 1.8637 -0.964724 53.4547
      vertex 2 -2 3.67611
      vertex 1.8637 -0.964724 4.62497
    endloop
  endfacet
  facet normal -0.608757 -0.793356 0
    outer loop
      vertex -4.82843 -4.82843 0
      vertex -4 -5.4641 58.5
      vertex -4.82843 -4.82843 58.5
    endloop
  endfacet
  facet normal -0.608757 -0.793356 -0
    outer loop
      vertex -4 -5.4641 58.5
      vertex -4.82843 -4.82843 0
      vertex -4 -5.4641 0
    endloop
  endfacet
  facet normal 0.92394 0.382539 0
    outer loop
      vertex 1.46824 -0.00999928 52.5
      vertex 1.4641 0 5.5
      vertex 1.4641 0 52.5
    endloop
  endfacet
  facet normal 0.92394 0.382539 0
    outer loop
      vertex 1.46824 -0.00999928 52.5
      vertex 1.46824 -0.00999928 5.5
      vertex 1.4641 0 5.5
    endloop
  endfacet
  facet normal 0.92388 0.382683 -0
    outer loop
      vertex 1.8637 -0.964724 4.62497
      vertex 1.46824 -0.00999928 52.5
      vertex 1.8637 -0.964724 53.4547
    endloop
  endfacet
  facet normal 0.92388 0.382683 0
    outer loop
      vertex 1.46824 -0.00999928 52.5
      vertex 1.8637 -0.964724 4.62497
      vertex 1.46824 -0.00999928 5.5
    endloop
  endfacet
  facet normal 0.793355 -0.60876 0
    outer loop
      vertex 0.828426 -4.82843 1.08378
      vertex 1.4641 -4 56.49
      vertex 0.828426 -4.82843 57.3184
    endloop
  endfacet
  facet normal 0.793355 -0.60876 0
    outer loop
      vertex 1.4641 -4 56.49
      vertex 0.828426 -4.82843 1.08378
      vertex 1.4641 -4 1.84305
    endloop
  endfacet
  facet normal -0.793356 -0.608757 0
    outer loop
      vertex -4.82843 -4.82843 0
      vertex -5.4641 -4 58.5
      vertex -5.4641 -4 0
    endloop
  endfacet
  facet normal -0.793356 -0.608757 0
    outer loop
      vertex -5.4641 -4 58.5
      vertex -4.82843 -4.82843 0
      vertex -4.82843 -4.82843 58.5
    endloop
  endfacet
  facet normal -0.60876 0.793355 0
    outer loop
      vertex -4.82843 0.828426 1.08378
      vertex -4 1.4641 56.49
      vertex -4 1.4641 1.84305
    endloop
  endfacet
  facet normal -0.60876 0.793355 0
    outer loop
      vertex -4 1.4641 56.49
      vertex -4.82843 0.828426 1.08378
      vertex -4.82843 0.828426 57.3184
    endloop
  endfacet
  facet normal -0.130529 -0.991445 0
    outer loop
      vertex -3.03528 -5.8637 0
      vertex -2 -6 58.5
      vertex -3.03528 -5.8637 58.5
    endloop
  endfacet
  facet normal -0.130529 -0.991445 -0
    outer loop
      vertex -2 -6 58.5
      vertex -3.03528 -5.8637 0
      vertex -2 -6 0
    endloop
  endfacet
  facet normal -0.382683 0.92388 0
    outer loop
      vertex -4 1.4641 1.84305
      vertex -3.03528 1.8637 55.5253
      vertex -3.03528 1.8637 2.72725
    endloop
  endfacet
  facet normal -0.382683 0.92388 0
    outer loop
      vertex -3.03528 1.8637 55.5253
      vertex -4 1.4641 1.84305
      vertex -4 1.4641 56.49
    endloop
  endfacet
  facet normal 0.382539 0.92394 0
    outer loop
      vertex 0 1.4641 52.5
      vertex 0 1.4641 5.5
      vertex -0.00999928 1.46824 52.5
    endloop
  endfacet
  facet normal 0.382539 0.92394 -0
    outer loop
      vertex -0.00999928 1.46824 5.5
      vertex -0.00999928 1.46824 52.5
      vertex 0 1.4641 5.5
    endloop
  endfacet
  facet normal 0.382683 0.92388 0
    outer loop
      vertex -0.964724 1.8637 4.62497
      vertex -0.00999928 1.46824 52.5
      vertex -0.00999928 1.46824 5.5
    endloop
  endfacet
  facet normal 0.382683 0.92388 0
    outer loop
      vertex -0.00999928 1.46824 52.5
      vertex -0.964724 1.8637 4.62497
      vertex -0.964724 1.8637 53.4547
    endloop
  endfacet
  facet normal -0.92388 0.382682 0
    outer loop
      vertex -5.8637 -0.964724 0
      vertex -5.4641 0 0.501166
      vertex -5.4641 0 0
    endloop
  endfacet
  facet normal -0.92388 0.382682 0
    outer loop
      vertex -5.4641 0 0.501166
      vertex -5.8637 -0.964724 0
      vertex -5.4641 0 57.9541
    endloop
  endfacet
  facet normal -0.92388 0.382682 0
    outer loop
      vertex -5.8637 -0.964724 58.5
      vertex -5.4641 0 57.9541
      vertex -5.8637 -0.964724 0
    endloop
  endfacet
  facet normal -0.92388 0.382682 0
    outer loop
      vertex -5.4641 0 57.9541
      vertex -5.8637 -0.964724 58.5
      vertex -5.4641 0 58.5
    endloop
  endfacet
  facet normal -0.130529 0.991445 0
    outer loop
      vertex -3.03528 1.8637 2.72725
      vertex -2 2 54.49
      vertex -2 2 3.67611
    endloop
  endfacet
  facet normal -0.130529 0.991445 0
    outer loop
      vertex -2 2 54.49
      vertex -3.03528 1.8637 2.72725
      vertex -3.03528 1.8637 55.5253
    endloop
  endfacet
  facet normal -0.991444 0.130529 0
    outer loop
      vertex -6 -2 0
      vertex -5.8637 -0.964724 58.5
      vertex -5.8637 -0.964724 0
    endloop
  endfacet
  facet normal -0.991444 0.130529 0
    outer loop
      vertex -5.8637 -0.964724 58.5
      vertex -6 -2 0
      vertex -6 -2 58.5
    endloop
  endfacet
  facet normal 0.991482 0.130247 0
    outer loop
      vertex 267 -2 58.5
      vertex 266.864 -0.964724 0
      vertex 266.864 -0.964724 58.5
    endloop
  endfacet
  facet normal 0.991482 0.130247 0
    outer loop
      vertex 266.864 -0.964724 0
      vertex 267 -2 58.5
      vertex 267 -2 0
    endloop
  endfacet
  facet normal 0.130564 0.99144 -0
    outer loop
      vertex 264.035 1.8637 2.72725
      vertex 263 2 54.49
      vertex 264.035 1.8637 55.5253
    endloop
  endfacet
  facet normal 0.130564 0.99144 0
    outer loop
      vertex 263 2 54.49
      vertex 264.035 1.8637 2.72725
      vertex 263 2 3.67611
    endloop
  endfacet
  facet normal 0.793202 0.608958 -0
    outer loop
      vertex 266.464 0 0.501166
      vertex 265.828 0.828426 57.3184
      vertex 266.464 0 57.9541
    endloop
  endfacet
  facet normal 0.793202 0.608958 0
    outer loop
      vertex 265.828 0.828426 57.3184
      vertex 266.464 0 0.501166
      vertex 265.828 0.828426 1.08378
    endloop
  endfacet
  facet normal -0.793204 -0.608956 0
    outer loop
      vertex 260.172 -4.82843 1.08378
      vertex 259.536 -4 56.49
      vertex 259.536 -4 1.84305
    endloop
  endfacet
  facet normal -0.793204 -0.608956 0
    outer loop
      vertex 259.536 -4 56.49
      vertex 260.172 -4.82843 1.08378
      vertex 260.172 -4.82843 57.3184
    endloop
  endfacet
  facet normal -0.991482 0.130247 0
    outer loop
      vertex 259 -2 3.67611
      vertex 259.136 -0.964724 53.4547
      vertex 259.136 -0.964724 4.62497
    endloop
  endfacet
  facet normal -0.991482 0.130247 0
    outer loop
      vertex 259.136 -0.964724 53.4547
      vertex 259 -2 3.67611
      vertex 259 -2 54.49
    endloop
  endfacet
  facet normal 0.382589 0.923919 -0
    outer loop
      vertex 265 1.4641 1.84305
      vertex 264.035 1.8637 55.5253
      vertex 265 1.4641 56.49
    endloop
  endfacet
  facet normal 0.382589 0.923919 0
    outer loop
      vertex 264.035 1.8637 55.5253
      vertex 265 1.4641 1.84305
      vertex 264.035 1.8637 2.72725
    endloop
  endfacet
  facet normal -0.991482 -0.130246 0
    outer loop
      vertex 259.136 -3.03528 2.72725
      vertex 259 -2 54.49
      vertex 259 -2 3.67611
    endloop
  endfacet
  facet normal -0.991482 -0.130246 0
    outer loop
      vertex 259 -2 54.49
      vertex 259.136 -3.03528 2.72725
      vertex 259.136 -3.03528 55.5253
    endloop
  endfacet
  facet normal -0.608956 -0.793204 0
    outer loop
      vertex 261 -5.4641 0.501166
      vertex 260.172 -4.82843 57.3184
      vertex 260.172 -4.82843 1.08378
    endloop
  endfacet
  facet normal -0.608956 -0.793204 0
    outer loop
      vertex 260.172 -4.82843 57.3184
      vertex 261 -5.4641 0.501166
      vertex 261 -5.4641 57.9541
    endloop
  endfacet
  facet normal -0.130564 0.99144 0
    outer loop
      vertex 263 2 3.67611
      vertex 261.965 1.8637 53.4547
      vertex 263 2 54.49
    endloop
  endfacet
  facet normal -0.130564 0.99144 0
    outer loop
      vertex 261.965 1.8637 53.4547
      vertex 263 2 3.67611
      vertex 261.965 1.8637 4.62497
    endloop
  endfacet
  facet normal -0.382515 0.923949 0
    outer loop
      vertex 261.01 1.46824 52.5
      vertex 261.01 1.46824 5.5
      vertex 261 1.4641 52.5
    endloop
  endfacet
  facet normal -0.382589 0.923919 0
    outer loop
      vertex 261.965 1.8637 4.62497
      vertex 261.01 1.46824 52.5
      vertex 261.965 1.8637 53.4547
    endloop
  endfacet
  facet normal -0.382589 0.923919 0
    outer loop
      vertex 261.01 1.46824 52.5
      vertex 261.965 1.8637 4.62497
      vertex 261.01 1.46824 5.5
    endloop
  endfacet
  facet normal -0.382515 0.923949 0
    outer loop
      vertex 261 1.4641 52.5
      vertex 261.01 1.46824 5.5
      vertex 261 1.4641 5.5
    endloop
  endfacet
  facet normal 0.923745 0.383009 0
    outer loop
      vertex 266.864 -0.964724 58.5
      vertex 266.464 0 57.9541
      vertex 266.464 0 58.5
    endloop
  endfacet
  facet normal 0.923745 0.383009 -0
    outer loop
      vertex 266.864 -0.964724 0
      vertex 266.464 0 57.9541
      vertex 266.864 -0.964724 58.5
    endloop
  endfacet
  facet normal 0.923745 0.383009 0
    outer loop
      vertex 266.464 0 57.9541
      vertex 266.864 -0.964724 0
      vertex 266.464 0 0.501166
    endloop
  endfacet
  facet normal 0.923745 0.383009 0
    outer loop
      vertex 266.464 0 0.501166
      vertex 266.864 -0.964724 0
      vertex 266.464 0 0
    endloop
  endfacet
  facet normal -0.928467 0.371414 0
    outer loop
      vertex 259.532 -0.00999928 5.5
      vertex 259.536 0 52.5
      vertex 259.536 0 5.5
    endloop
  endfacet
  facet normal -0.928467 0.371414 0
    outer loop
      vertex 259.532 -0.00999928 5.5
      vertex 259.532 -0.00999928 52.5
      vertex 259.536 0 52.5
    endloop
  endfacet
  facet normal -0.923695 0.383129 0
    outer loop
      vertex 259.136 -0.964724 4.62497
      vertex 259.532 -0.00999928 52.5
      vertex 259.532 -0.00999928 5.5
    endloop
  endfacet
  facet normal -0.923695 0.383129 0
    outer loop
      vertex 259.532 -0.00999928 52.5
      vertex 259.136 -0.964724 4.62497
      vertex 259.136 -0.964724 53.4547
    endloop
  endfacet
  facet normal -0.130564 -0.99144 0
    outer loop
      vertex 261.965 -5.8637 0
      vertex 263 -6 58.5
      vertex 261.965 -5.8637 58.5
    endloop
  endfacet
  facet normal -0.130564 -0.99144 -0
    outer loop
      vertex 263 -6 58.5
      vertex 261.965 -5.8637 0
      vertex 263 -6 0
    endloop
  endfacet
  facet normal 0.608959 0.793202 -0
    outer loop
      vertex 265.828 0.828426 1.08378
      vertex 265 1.4641 56.49
      vertex 265.828 0.828426 57.3184
    endloop
  endfacet
  facet normal 0.608959 0.793202 0
    outer loop
      vertex 265 1.4641 56.49
      vertex 265.828 0.828426 1.08378
      vertex 265 1.4641 1.84305
    endloop
  endfacet
  facet normal 0.382589 -0.923919 0
    outer loop
      vertex 264.035 -5.8637 0
      vertex 265 -5.4641 58.5
      vertex 264.035 -5.8637 58.5
    endloop
  endfacet
  facet normal 0.382589 -0.923919 0
    outer loop
      vertex 265 -5.4641 58.5
      vertex 264.035 -5.8637 0
      vertex 265 -5.4641 0
    endloop
  endfacet
  facet normal -0.382589 -0.923919 0
    outer loop
      vertex 261 -5.4641 57.9541
      vertex 261.965 -5.8637 58.5
      vertex 261 -5.4641 58.5
    endloop
  endfacet
  facet normal -0.382589 -0.923919 0
    outer loop
      vertex 261.965 -5.8637 0
      vertex 261 -5.4641 57.9541
      vertex 261 -5.4641 0.501166
    endloop
  endfacet
  facet normal -0.382589 -0.923919 0
    outer loop
      vertex 261.965 -5.8637 0
      vertex 261 -5.4641 0.501166
      vertex 261 -5.4641 0
    endloop
  endfacet
  facet normal -0.382589 -0.923919 0
    outer loop
      vertex 261 -5.4641 57.9541
      vertex 261.965 -5.8637 0
      vertex 261.965 -5.8637 58.5
    endloop
  endfacet
  facet normal -0.923744 -0.38301 0
    outer loop
      vertex 259.536 -4 1.84305
      vertex 259.136 -3.03528 55.5253
      vertex 259.136 -3.03528 2.72725
    endloop
  endfacet
  facet normal -0.923744 -0.38301 0
    outer loop
      vertex 259.136 -3.03528 55.5253
      vertex 259.536 -4 1.84305
      vertex 259.536 -4 56.49
    endloop
  endfacet
  facet normal 0.991482 -0.130246 0
    outer loop
      vertex 266.864 -3.03528 58.5
      vertex 267 -2 0
      vertex 267 -2 58.5
    endloop
  endfacet
  facet normal 0.991482 -0.130246 0
    outer loop
      vertex 267 -2 0
      vertex 266.864 -3.03528 58.5
      vertex 266.864 -3.03528 0
    endloop
  endfacet
  facet normal 0.608956 -0.793204 0
    outer loop
      vertex 265 -5.4641 0
      vertex 265.828 -4.82843 58.5
      vertex 265 -5.4641 58.5
    endloop
  endfacet
  facet normal 0.608956 -0.793204 0
    outer loop
      vertex 265.828 -4.82843 58.5
      vertex 265 -5.4641 0
      vertex 265.828 -4.82843 0
    endloop
  endfacet
  facet normal 0.923744 -0.38301 0
    outer loop
      vertex 266.464 -4 58.5
      vertex 266.864 -3.03528 0
      vertex 266.864 -3.03528 58.5
    endloop
  endfacet
  facet normal 0.923744 -0.38301 0
    outer loop
      vertex 266.864 -3.03528 0
      vertex 266.464 -4 58.5
      vertex 266.464 -4 0
    endloop
  endfacet
  facet normal 0.793204 -0.608956 0
    outer loop
      vertex 265.828 -4.82843 58.5
      vertex 266.464 -4 0
      vertex 266.464 -4 58.5
    endloop
  endfacet
  facet normal 0.793204 -0.608956 0
    outer loop
      vertex 266.464 -4 0
      vertex 265.828 -4.82843 58.5
      vertex 265.828 -4.82843 0
    endloop
  endfacet
  facet normal 0.130564 -0.99144 0
    outer loop
      vertex 263 -6 0
      vertex 264.035 -5.8637 58.5
      vertex 263 -6 58.5
    endloop
  endfacet
  facet normal 0.130564 -0.99144 0
    outer loop
      vertex 264.035 -5.8637 58.5
      vertex 263 -6 0
      vertex 264.035 -5.8637 0
    endloop
  endfacet
  facet normal -0.923919 0.382589 0
    outer loop
      vertex -5.8637 192.035 0
      vertex -5.4641 193 58.5
      vertex -5.4641 193 0
    endloop
  endfacet
  facet normal -0.923919 0.382589 0
    outer loop
      vertex -5.4641 193 58.5
      vertex -5.8637 192.035 0
      vertex -5.8637 192.035 58.5
    endloop
  endfacet
  facet normal -0.38301 -0.923744 0
    outer loop
      vertex -4 187.536 1.84305
      vertex -3.03528 187.136 55.5253
      vertex -4 187.536 56.49
    endloop
  endfacet
  facet normal -0.38301 -0.923744 -0
    outer loop
      vertex -3.03528 187.136 55.5253
      vertex -4 187.536 1.84305
      vertex -3.03528 187.136 2.72725
    endloop
  endfacet
  facet normal 0.99144 -0.130564 0
    outer loop
      vertex 1.8637 189.965 53.4547
      vertex 2 191 3.67611
      vertex 2 191 54.49
    endloop
  endfacet
  facet normal 0.99144 -0.130564 0
    outer loop
      vertex 2 191 3.67611
      vertex 1.8637 189.965 53.4547
      vertex 1.8637 189.965 4.62497
    endloop
  endfacet
  facet normal -0.608956 0.793204 0
    outer loop
      vertex -4 194.464 0
      vertex -4.82843 193.828 58.5
      vertex -4 194.464 58.5
    endloop
  endfacet
  facet normal -0.608956 0.793204 0
    outer loop
      vertex -4.82843 193.828 58.5
      vertex -4 194.464 0
      vertex -4.82843 193.828 0
    endloop
  endfacet
  facet normal 0.608958 0.793202 0
    outer loop
      vertex 0 194.464 0.501166
      vertex 0.828426 193.828 57.3184
      vertex 0.828426 193.828 1.08378
    endloop
  endfacet
  facet normal 0.608958 0.793202 0
    outer loop
      vertex 0.828426 193.828 57.3184
      vertex 0 194.464 0.501166
      vertex 0 194.464 57.9541
    endloop
  endfacet
  facet normal -0.99144 -0.130564 0
    outer loop
      vertex -5.8637 189.965 0
      vertex -6 191 58.5
      vertex -6 191 0
    endloop
  endfacet
  facet normal -0.99144 -0.130564 0
    outer loop
      vertex -6 191 58.5
      vertex -5.8637 189.965 0
      vertex -5.8637 189.965 58.5
    endloop
  endfacet
  facet normal 0.130247 -0.991482 0
    outer loop
      vertex -2 187 3.67611
      vertex -0.964724 187.136 53.4547
      vertex -2 187 54.49
    endloop
  endfacet
  facet normal 0.130247 -0.991482 0
    outer loop
      vertex -0.964724 187.136 53.4547
      vertex -2 187 3.67611
      vertex -0.964724 187.136 4.62497
    endloop
  endfacet
  facet normal -0.130246 0.991482 0
    outer loop
      vertex -2 195 0
      vertex -3.03528 194.864 58.5
      vertex -2 195 58.5
    endloop
  endfacet
  facet normal -0.130246 0.991482 0
    outer loop
      vertex -3.03528 194.864 58.5
      vertex -2 195 0
      vertex -3.03528 194.864 0
    endloop
  endfacet
  facet normal -0.923919 -0.382589 -0
    outer loop
      vertex -5.4641 189 0.501166
      vertex -5.8637 189.965 0
      vertex -5.4641 189 0
    endloop
  endfacet
  facet normal -0.923919 -0.382589 -0
    outer loop
      vertex -5.4641 189 57.9541
      vertex -5.8637 189.965 0
      vertex -5.4641 189 0.501166
    endloop
  endfacet
  facet normal -0.923919 -0.382589 0
    outer loop
      vertex -5.8637 189.965 0
      vertex -5.4641 189 57.9541
      vertex -5.8637 189.965 58.5
    endloop
  endfacet
  facet normal -0.923919 -0.382589 0
    outer loop
      vertex -5.8637 189.965 58.5
      vertex -5.4641 189 57.9541
      vertex -5.4641 189 58.5
    endloop
  endfacet
  facet normal 0.923919 0.382589 0
    outer loop
      vertex 1.8637 192.035 55.5253
      vertex 1.4641 193 1.84305
      vertex 1.4641 193 56.49
    endloop
  endfacet
  facet normal 0.923919 0.382589 0
    outer loop
      vertex 1.4641 193 1.84305
      vertex 1.8637 192.035 55.5253
      vertex 1.8637 192.035 2.72725
    endloop
  endfacet
  facet normal 0.371414 -0.928467 0
    outer loop
      vertex -0.00999928 187.532 52.5
      vertex -0.00999928 187.532 5.5
      vertex 0 187.536 52.5
    endloop
  endfacet
  facet normal 0.383129 -0.923695 0
    outer loop
      vertex -0.964724 187.136 4.62497
      vertex -0.00999928 187.532 52.5
      vertex -0.964724 187.136 53.4547
    endloop
  endfacet
  facet normal 0.383129 -0.923695 0
    outer loop
      vertex -0.00999928 187.532 52.5
      vertex -0.964724 187.136 4.62497
      vertex -0.00999928 187.532 5.5
    endloop
  endfacet
  facet normal 0.371414 -0.928467 0
    outer loop
      vertex 0 187.536 52.5
      vertex -0.00999928 187.532 5.5
      vertex 0 187.536 5.5
    endloop
  endfacet
  facet normal 0.923919 -0.382589 0
    outer loop
      vertex 1.46824 189.01 52.5
      vertex 1.8637 189.965 4.62497
      vertex 1.8637 189.965 53.4547
    endloop
  endfacet
  facet normal 0.923919 -0.382589 0
    outer loop
      vertex 1.46824 189.01 52.5
      vertex 1.46824 189.01 5.5
      vertex 1.8637 189.965 4.62497
    endloop
  endfacet
  facet normal 0.923949 -0.382515 0
    outer loop
      vertex 1.4641 189 52.5
      vertex 1.46824 189.01 5.5
      vertex 1.46824 189.01 52.5
    endloop
  endfacet
  facet normal 0.923949 -0.382515 0
    outer loop
      vertex 1.46824 189.01 5.5
      vertex 1.4641 189 52.5
      vertex 1.4641 189 5.5
    endloop
  endfacet
  facet normal 0.130247 0.991482 -0
    outer loop
      vertex -0.964724 194.864 0
      vertex -2 195 58.5
      vertex -0.964724 194.864 58.5
    endloop
  endfacet
  facet normal 0.130247 0.991482 0
    outer loop
      vertex -2 195 58.5
      vertex -0.964724 194.864 0
      vertex -2 195 0
    endloop
  endfacet
  facet normal -0.130246 -0.991482 0
    outer loop
      vertex -3.03528 187.136 2.72725
      vertex -2 187 54.49
      vertex -3.03528 187.136 55.5253
    endloop
  endfacet
  facet normal -0.130246 -0.991482 -0
    outer loop
      vertex -2 187 54.49
      vertex -3.03528 187.136 2.72725
      vertex -2 187 3.67611
    endloop
  endfacet
  facet normal -0.793204 -0.608956 -0
    outer loop
      vertex -4.82843 188.172 57.3184
      vertex -5.4641 189 0.501166
      vertex -4.82843 188.172 1.08378
    endloop
  endfacet
  facet normal -0.793204 -0.608956 0
    outer loop
      vertex -5.4641 189 0.501166
      vertex -4.82843 188.172 57.3184
      vertex -5.4641 189 57.9541
    endloop
  endfacet
  facet normal -0.99144 0.130564 0
    outer loop
      vertex -6 191 0
      vertex -5.8637 192.035 58.5
      vertex -5.8637 192.035 0
    endloop
  endfacet
  facet normal -0.99144 0.130564 0
    outer loop
      vertex -5.8637 192.035 58.5
      vertex -6 191 0
      vertex -6 191 58.5
    endloop
  endfacet
  facet normal 0.793202 0.608959 0
    outer loop
      vertex 1.4641 193 56.49
      vertex 0.828426 193.828 1.08378
      vertex 0.828426 193.828 57.3184
    endloop
  endfacet
  facet normal 0.793202 0.608959 0
    outer loop
      vertex 0.828426 193.828 1.08378
      vertex 1.4641 193 56.49
      vertex 1.4641 193 1.84305
    endloop
  endfacet
  facet normal -0.608956 -0.793204 0
    outer loop
      vertex -4.82843 188.172 1.08378
      vertex -4 187.536 56.49
      vertex -4.82843 188.172 57.3184
    endloop
  endfacet
  facet normal -0.608956 -0.793204 -0
    outer loop
      vertex -4 187.536 56.49
      vertex -4.82843 188.172 1.08378
      vertex -4 187.536 1.84305
    endloop
  endfacet
  facet normal -0.38301 0.923744 0
    outer loop
      vertex -3.03528 194.864 0
      vertex -4 194.464 58.5
      vertex -3.03528 194.864 58.5
    endloop
  endfacet
  facet normal -0.38301 0.923744 0
    outer loop
      vertex -4 194.464 58.5
      vertex -3.03528 194.864 0
      vertex -4 194.464 0
    endloop
  endfacet
  facet normal -0.793204 0.608956 0
    outer loop
      vertex -5.4641 193 0
      vertex -4.82843 193.828 58.5
      vertex -4.82843 193.828 0
    endloop
  endfacet
  facet normal -0.793204 0.608956 0
    outer loop
      vertex -4.82843 193.828 58.5
      vertex -5.4641 193 0
      vertex -5.4641 193 58.5
    endloop
  endfacet
  facet normal 0.383009 0.923745 -0
    outer loop
      vertex 0 194.464 57.9541
      vertex -0.964724 194.864 58.5
      vertex 0 194.464 58.5
    endloop
  endfacet
  facet normal 0.383009 0.923745 0
    outer loop
      vertex -0.964724 194.864 0
      vertex 0 194.464 57.9541
      vertex 0 194.464 0.501166
    endloop
  endfacet
  facet normal 0.383009 0.923745 0
    outer loop
      vertex -0.964724 194.864 0
      vertex 0 194.464 0.501166
      vertex 0 194.464 0
    endloop
  endfacet
  facet normal 0.383009 0.923745 0
    outer loop
      vertex 0 194.464 57.9541
      vertex -0.964724 194.864 0
      vertex -0.964724 194.864 58.5
    endloop
  endfacet
  facet normal 0.99144 0.130564 0
    outer loop
      vertex 2 191 54.49
      vertex 1.8637 192.035 2.72725
      vertex 1.8637 192.035 55.5253
    endloop
  endfacet
  facet normal 0.99144 0.130564 0
    outer loop
      vertex 1.8637 192.035 2.72725
      vertex 2 191 54.49
      vertex 2 191 3.67611
    endloop
  endfacet
  facet normal -0.382915 0.923783 0
    outer loop
      vertex 261.965 194.864 58.5
      vertex 261 194.464 57.9541
      vertex 261 194.464 58.5
    endloop
  endfacet
  facet normal -0.382915 0.923783 0
    outer loop
      vertex 261.965 194.864 0
      vertex 261 194.464 57.9541
      vertex 261.965 194.864 58.5
    endloop
  endfacet
  facet normal -0.382915 0.923783 0
    outer loop
      vertex 261 194.464 57.9541
      vertex 261.965 194.864 0
      vertex 261 194.464 0.501166
    endloop
  endfacet
  facet normal -0.382915 0.923783 0
    outer loop
      vertex 261 194.464 0.501166
      vertex 261.965 194.864 0
      vertex 261 194.464 0
    endloop
  endfacet
  facet normal -0.923734 -0.383035 -0
    outer loop
      vertex 259.532 189.01 52.5
      vertex 259.136 189.965 4.62497
      vertex 259.532 189.01 5.5
    endloop
  endfacet
  facet normal -0.923734 -0.383035 0
    outer loop
      vertex 259.136 189.965 4.62497
      vertex 259.532 189.01 52.5
      vertex 259.136 189.965 53.4547
    endloop
  endfacet
  facet normal -0.928477 -0.371391 0
    outer loop
      vertex 259.536 189 5.5
      vertex 259.532 189.01 52.5
      vertex 259.532 189.01 5.5
    endloop
  endfacet
  facet normal -0.928477 -0.371391 0
    outer loop
      vertex 259.532 189.01 52.5
      vertex 259.536 189 5.5
      vertex 259.536 189 52.5
    endloop
  endfacet
  facet normal 0.923783 -0.382915 0
    outer loop
      vertex 266.464 189 57.9541
      vertex 266.864 189.965 58.5
      vertex 266.464 189 58.5
    endloop
  endfacet
  facet normal 0.923783 -0.382915 0
    outer loop
      vertex 266.864 189.965 58.5
      vertex 266.464 189 57.9541
      vertex 266.864 189.965 0
    endloop
  endfacet
  facet normal 0.923783 -0.382915 0
    outer loop
      vertex 266.464 189 0.501166
      vertex 266.864 189.965 0
      vertex 266.464 189 57.9541
    endloop
  endfacet
  facet normal 0.923783 -0.382915 0
    outer loop
      vertex 266.864 189.965 0
      vertex 266.464 189 0.501166
      vertex 266.464 189 0
    endloop
  endfacet
  facet normal 0.991477 0.130281 0
    outer loop
      vertex 267 191 58.5
      vertex 266.864 192.035 0
      vertex 266.864 192.035 58.5
    endloop
  endfacet
  facet normal 0.991477 0.130281 0
    outer loop
      vertex 266.864 192.035 0
      vertex 267 191 58.5
      vertex 267 191 0
    endloop
  endfacet
  facet normal 0.382915 -0.923783 0
    outer loop
      vertex 265 187.536 1.84305
      vertex 264.035 187.136 55.5253
      vertex 264.035 187.136 2.72725
    endloop
  endfacet
  facet normal 0.382915 -0.923783 0
    outer loop
      vertex 264.035 187.136 55.5253
      vertex 265 187.536 1.84305
      vertex 265 187.536 56.49
    endloop
  endfacet
  facet normal 0.609155 -0.793051 0
    outer loop
      vertex 265.828 188.172 1.08378
      vertex 265 187.536 56.49
      vertex 265 187.536 1.84305
    endloop
  endfacet
  facet normal 0.609155 -0.793051 0
    outer loop
      vertex 265 187.536 56.49
      vertex 265.828 188.172 1.08378
      vertex 265.828 188.172 57.3184
    endloop
  endfacet
  facet normal 0.793051 0.609155 0
    outer loop
      vertex 266.464 193 58.5
      vertex 265.828 193.828 0
      vertex 265.828 193.828 58.5
    endloop
  endfacet
  facet normal 0.793051 0.609155 0
    outer loop
      vertex 265.828 193.828 0
      vertex 266.464 193 58.5
      vertex 266.464 193 0
    endloop
  endfacet
  facet normal 0.793051 -0.609155 0
    outer loop
      vertex 265.828 188.172 57.3184
      vertex 266.464 189 0.501166
      vertex 266.464 189 57.9541
    endloop
  endfacet
  facet normal 0.793051 -0.609155 0
    outer loop
      vertex 266.464 189 0.501166
      vertex 265.828 188.172 57.3184
      vertex 265.828 188.172 1.08378
    endloop
  endfacet
  facet normal -0.923783 0.382915 0
    outer loop
      vertex 259.136 192.035 55.5253
      vertex 259.536 193 1.84305
      vertex 259.136 192.035 2.72725
    endloop
  endfacet
  facet normal -0.923783 0.382915 0
    outer loop
      vertex 259.536 193 1.84305
      vertex 259.136 192.035 55.5253
      vertex 259.536 193 56.49
    endloop
  endfacet
  facet normal 0.130281 0.991477 -0
    outer loop
      vertex 264.035 194.864 0
      vertex 263 195 58.5
      vertex 264.035 194.864 58.5
    endloop
  endfacet
  facet normal 0.130281 0.991477 0
    outer loop
      vertex 263 195 58.5
      vertex 264.035 194.864 0
      vertex 263 195 0
    endloop
  endfacet
  facet normal -0.130281 0.991477 0
    outer loop
      vertex 263 195 0
      vertex 261.965 194.864 58.5
      vertex 263 195 58.5
    endloop
  endfacet
  facet normal -0.130281 0.991477 0
    outer loop
      vertex 261.965 194.864 58.5
      vertex 263 195 0
      vertex 261.965 194.864 0
    endloop
  endfacet
  facet normal 0.991477 -0.130281 0
    outer loop
      vertex 266.864 189.965 58.5
      vertex 267 191 0
      vertex 267 191 58.5
    endloop
  endfacet
  facet normal 0.991477 -0.130281 0
    outer loop
      vertex 267 191 0
      vertex 266.864 189.965 58.5
      vertex 266.864 189.965 0
    endloop
  endfacet
  facet normal 0.609155 0.793051 -0
    outer loop
      vertex 265.828 193.828 0
      vertex 265 194.464 58.5
      vertex 265.828 193.828 58.5
    endloop
  endfacet
  facet normal 0.609155 0.793051 0
    outer loop
      vertex 265 194.464 58.5
      vertex 265.828 193.828 0
      vertex 265 194.464 0
    endloop
  endfacet
  facet normal -0.991477 0.130281 0
    outer loop
      vertex 259 191 54.49
      vertex 259.136 192.035 2.72725
      vertex 259 191 3.67611
    endloop
  endfacet
  facet normal -0.991477 0.130281 0
    outer loop
      vertex 259.136 192.035 2.72725
      vertex 259 191 54.49
      vertex 259.136 192.035 55.5253
    endloop
  endfacet
  facet normal -0.130281 -0.991477 0
    outer loop
      vertex 263 187 3.67611
      vertex 261.965 187.136 53.4547
      vertex 261.965 187.136 4.62497
    endloop
  endfacet
  facet normal -0.130281 -0.991477 0
    outer loop
      vertex 261.965 187.136 53.4547
      vertex 263 187 3.67611
      vertex 263 187 54.49
    endloop
  endfacet
  facet normal -0.609155 0.793051 0
    outer loop
      vertex 261 194.464 0.501166
      vertex 260.172 193.828 57.3184
      vertex 261 194.464 57.9541
    endloop
  endfacet
  facet normal -0.609155 0.793051 0
    outer loop
      vertex 260.172 193.828 57.3184
      vertex 261 194.464 0.501166
      vertex 260.172 193.828 1.08378
    endloop
  endfacet
  facet normal 0.382915 0.923783 -0
    outer loop
      vertex 265 194.464 0
      vertex 264.035 194.864 58.5
      vertex 265 194.464 58.5
    endloop
  endfacet
  facet normal 0.382915 0.923783 0
    outer loop
      vertex 264.035 194.864 58.5
      vertex 265 194.464 0
      vertex 264.035 194.864 0
    endloop
  endfacet
  facet normal -0.371391 -0.928477 -0
    outer loop
      vertex 261 187.536 52.5
      vertex 261 187.536 5.5
      vertex 261.01 187.532 52.5
    endloop
  endfacet
  facet normal -0.371391 -0.928477 0
    outer loop
      vertex 261.01 187.532 5.5
      vertex 261.01 187.532 52.5
      vertex 261 187.536 5.5
    endloop
  endfacet
  facet normal -0.383035 -0.923734 0
    outer loop
      vertex 261.965 187.136 4.62497
      vertex 261.01 187.532 52.5
      vertex 261.01 187.532 5.5
    endloop
  endfacet
  facet normal -0.383035 -0.923734 0
    outer loop
      vertex 261.01 187.532 52.5
      vertex 261.965 187.136 4.62497
      vertex 261.965 187.136 53.4547
    endloop
  endfacet
  facet normal 0.130281 -0.991477 0
    outer loop
      vertex 264.035 187.136 2.72725
      vertex 263 187 54.49
      vertex 263 187 3.67611
    endloop
  endfacet
  facet normal 0.130281 -0.991477 0
    outer loop
      vertex 263 187 54.49
      vertex 264.035 187.136 2.72725
      vertex 264.035 187.136 55.5253
    endloop
  endfacet
  facet normal -0.793051 0.609155 0
    outer loop
      vertex 259.536 193 56.49
      vertex 260.172 193.828 1.08378
      vertex 259.536 193 1.84305
    endloop
  endfacet
  facet normal -0.793051 0.609155 0
    outer loop
      vertex 260.172 193.828 1.08378
      vertex 259.536 193 56.49
      vertex 260.172 193.828 57.3184
    endloop
  endfacet
  facet normal -0.991477 -0.130281 -0
    outer loop
      vertex 259.136 189.965 53.4547
      vertex 259 191 3.67611
      vertex 259.136 189.965 4.62497
    endloop
  endfacet
  facet normal -0.991477 -0.130281 0
    outer loop
      vertex 259 191 3.67611
      vertex 259.136 189.965 53.4547
      vertex 259 191 54.49
    endloop
  endfacet
  facet normal 0.923783 0.382915 0
    outer loop
      vertex 266.864 192.035 58.5
      vertex 266.464 193 0
      vertex 266.464 193 58.5
    endloop
  endfacet
  facet normal 0.923783 0.382915 0
    outer loop
      vertex 266.464 193 0
      vertex 266.864 192.035 58.5
      vertex 266.864 192.035 0
    endloop
  endfacet
  facet normal -0.923882 -0.382677 0
    outer loop
      vertex -0.744296 -1.66354 50.5
      vertex -0.874166 -1.35 58.5
      vertex -0.874166 -1.35 50.5
    endloop
  endfacet
  facet normal -0.923882 -0.382677 0
    outer loop
      vertex -0.874166 -1.35 58.5
      vertex -0.744296 -1.66354 50.5
      vertex -0.744296 -1.66354 58.5
    endloop
  endfacet
  facet normal -0.991445 -0.130527 0
    outer loop
      vertex -0.7 -2 50.5
      vertex -0.744296 -1.66354 58.5
      vertex -0.744296 -1.66354 50.5
    endloop
  endfacet
  facet normal -0.991445 -0.130527 0
    outer loop
      vertex -0.744296 -1.66354 58.5
      vertex -0.7 -2 50.5
      vertex -0.7 -2 58.5
    endloop
  endfacet
  facet normal 0.130527 -0.991445 0
    outer loop
      vertex -2.33646 -0.744296 50.5
      vertex -2 -0.7 58.5
      vertex -2.33646 -0.744296 58.5
    endloop
  endfacet
  facet normal 0.130527 -0.991445 0
    outer loop
      vertex -2 -0.7 58.5
      vertex -2.33646 -0.744296 50.5
      vertex -2 -0.7 50.5
    endloop
  endfacet
  facet normal -0.991445 0.130527 0
    outer loop
      vertex -0.744296 -2.33646 50.5
      vertex -0.7 -2 58.5
      vertex -0.7 -2 50.5
    endloop
  endfacet
  facet normal -0.991445 0.130527 0
    outer loop
      vertex -0.7 -2 58.5
      vertex -0.744296 -2.33646 50.5
      vertex -0.744296 -2.33646 58.5
    endloop
  endfacet
  facet normal -0.382677 0.923882 0
    outer loop
      vertex -1.35 -3.12583 50.5
      vertex -1.66354 -3.2557 58.5
      vertex -1.35 -3.12583 58.5
    endloop
  endfacet
  facet normal -0.382677 0.923882 0
    outer loop
      vertex -1.66354 -3.2557 58.5
      vertex -1.35 -3.12583 50.5
      vertex -1.66354 -3.2557 50.5
    endloop
  endfacet
  facet normal 0.923882 0.382677 0
    outer loop
      vertex -3.12583 -2.65 58.5
      vertex -3.2557 -2.33646 50.5
      vertex -3.2557 -2.33646 58.5
    endloop
  endfacet
  facet normal 0.923882 0.382677 0
    outer loop
      vertex -3.2557 -2.33646 50.5
      vertex -3.12583 -2.65 58.5
      vertex -3.12583 -2.65 50.5
    endloop
  endfacet
  facet normal 0.608759 -0.793355 0
    outer loop
      vertex -2.91924 -1.08076 50.5
      vertex -2.65 -0.874166 58.5
      vertex -2.91924 -1.08076 58.5
    endloop
  endfacet
  facet normal 0.608759 -0.793355 0
    outer loop
      vertex -2.65 -0.874166 58.5
      vertex -2.91924 -1.08076 50.5
      vertex -2.65 -0.874166 50.5
    endloop
  endfacet
  facet normal -0.608752 0.793361 0
    outer loop
      vertex -1.08076 -2.91924 50.5
      vertex -1.35 -3.12583 58.5
      vertex -1.08076 -2.91924 58.5
    endloop
  endfacet
  facet normal -0.608752 0.793361 0
    outer loop
      vertex -1.35 -3.12583 58.5
      vertex -1.08076 -2.91924 50.5
      vertex -1.35 -3.12583 50.5
    endloop
  endfacet
  facet normal 0.382677 -0.923882 0
    outer loop
      vertex -2.65 -0.874166 50.5
      vertex -2.33646 -0.744296 58.5
      vertex -2.65 -0.874166 58.5
    endloop
  endfacet
  facet normal 0.382677 -0.923882 0
    outer loop
      vertex -2.33646 -0.744296 58.5
      vertex -2.65 -0.874166 50.5
      vertex -2.33646 -0.744296 50.5
    endloop
  endfacet
  facet normal 0.923882 -0.382677 0
    outer loop
      vertex -3.2557 -1.66354 58.5
      vertex -3.12583 -1.35 50.5
      vertex -3.12583 -1.35 58.5
    endloop
  endfacet
  facet normal 0.923882 -0.382677 0
    outer loop
      vertex -3.12583 -1.35 50.5
      vertex -3.2557 -1.66354 58.5
      vertex -3.2557 -1.66354 50.5
    endloop
  endfacet
  facet normal 0.991443 -0.130538 0
    outer loop
      vertex -3.3 -2 58.5
      vertex -3.2557 -1.66354 50.5
      vertex -3.2557 -1.66354 58.5
    endloop
  endfacet
  facet normal 0.991443 -0.130538 0
    outer loop
      vertex -3.2557 -1.66354 50.5
      vertex -3.3 -2 58.5
      vertex -3.3 -2 50.5
    endloop
  endfacet
  facet normal -0.382677 -0.923882 0
    outer loop
      vertex -1.66354 -0.744296 50.5
      vertex -1.35 -0.874166 58.5
      vertex -1.66354 -0.744296 58.5
    endloop
  endfacet
  facet normal -0.382677 -0.923882 -0
    outer loop
      vertex -1.35 -0.874166 58.5
      vertex -1.66354 -0.744296 50.5
      vertex -1.35 -0.874166 50.5
    endloop
  endfacet
  facet normal 0.793361 -0.608752 0
    outer loop
      vertex -3.12583 -1.35 58.5
      vertex -2.91924 -1.08076 50.5
      vertex -2.91924 -1.08076 58.5
    endloop
  endfacet
  facet normal 0.793361 -0.608752 0
    outer loop
      vertex -2.91924 -1.08076 50.5
      vertex -3.12583 -1.35 58.5
      vertex -3.12583 -1.35 50.5
    endloop
  endfacet
  facet normal -0.793355 0.608759 0
    outer loop
      vertex -1.08076 -2.91924 50.5
      vertex -0.874166 -2.65 58.5
      vertex -0.874166 -2.65 50.5
    endloop
  endfacet
  facet normal -0.793355 0.608759 0
    outer loop
      vertex -0.874166 -2.65 58.5
      vertex -1.08076 -2.91924 50.5
      vertex -1.08076 -2.91924 58.5
    endloop
  endfacet
  facet normal -0.923882 0.382677 0
    outer loop
      vertex -0.874166 -2.65 50.5
      vertex -0.744296 -2.33646 58.5
      vertex -0.744296 -2.33646 50.5
    endloop
  endfacet
  facet normal -0.923882 0.382677 0
    outer loop
      vertex -0.744296 -2.33646 58.5
      vertex -0.874166 -2.65 50.5
      vertex -0.874166 -2.65 58.5
    endloop
  endfacet
  facet normal 0.608752 0.793361 -0
    outer loop
      vertex -2.65 -3.12583 50.5
      vertex -2.91924 -2.91924 58.5
      vertex -2.65 -3.12583 58.5
    endloop
  endfacet
  facet normal 0.608752 0.793361 0
    outer loop
      vertex -2.91924 -2.91924 58.5
      vertex -2.65 -3.12583 50.5
      vertex -2.91924 -2.91924 50.5
    endloop
  endfacet
  facet normal 0.130538 0.991443 -0
    outer loop
      vertex -2 -3.3 50.5
      vertex -2.33646 -3.2557 58.5
      vertex -2 -3.3 58.5
    endloop
  endfacet
  facet normal 0.130538 0.991443 0
    outer loop
      vertex -2.33646 -3.2557 58.5
      vertex -2 -3.3 50.5
      vertex -2.33646 -3.2557 50.5
    endloop
  endfacet
  facet normal -0.130538 0.991443 0
    outer loop
      vertex -1.66354 -3.2557 50.5
      vertex -2 -3.3 58.5
      vertex -1.66354 -3.2557 58.5
    endloop
  endfacet
  facet normal -0.130538 0.991443 0
    outer loop
      vertex -2 -3.3 58.5
      vertex -1.66354 -3.2557 50.5
      vertex -2 -3.3 50.5
    endloop
  endfacet
  facet normal 0.991443 0.130538 0
    outer loop
      vertex -3.2557 -2.33646 58.5
      vertex -3.3 -2 50.5
      vertex -3.3 -2 58.5
    endloop
  endfacet
  facet normal 0.991443 0.130538 0
    outer loop
      vertex -3.3 -2 50.5
      vertex -3.2557 -2.33646 58.5
      vertex -3.2557 -2.33646 50.5
    endloop
  endfacet
  facet normal -0.130527 -0.991445 0
    outer loop
      vertex -2 -0.7 50.5
      vertex -1.66354 -0.744296 58.5
      vertex -2 -0.7 58.5
    endloop
  endfacet
  facet normal -0.130527 -0.991445 -0
    outer loop
      vertex -1.66354 -0.744296 58.5
      vertex -2 -0.7 50.5
      vertex -1.66354 -0.744296 50.5
    endloop
  endfacet
  facet normal -0.608759 -0.793355 0
    outer loop
      vertex -1.35 -0.874166 50.5
      vertex -1.08076 -1.08076 58.5
      vertex -1.35 -0.874166 58.5
    endloop
  endfacet
  facet normal -0.608759 -0.793355 -0
    outer loop
      vertex -1.08076 -1.08076 58.5
      vertex -1.35 -0.874166 50.5
      vertex -1.08076 -1.08076 50.5
    endloop
  endfacet
  facet normal -0.793355 -0.608759 0
    outer loop
      vertex -0.874166 -1.35 50.5
      vertex -1.08076 -1.08076 58.5
      vertex -1.08076 -1.08076 50.5
    endloop
  endfacet
  facet normal -0.793355 -0.608759 0
    outer loop
      vertex -1.08076 -1.08076 58.5
      vertex -0.874166 -1.35 50.5
      vertex -0.874166 -1.35 58.5
    endloop
  endfacet
  facet normal 0.382677 0.923882 -0
    outer loop
      vertex -2.33646 -3.2557 50.5
      vertex -2.65 -3.12583 58.5
      vertex -2.33646 -3.2557 58.5
    endloop
  endfacet
  facet normal 0.382677 0.923882 0
    outer loop
      vertex -2.65 -3.12583 58.5
      vertex -2.33646 -3.2557 50.5
      vertex -2.65 -3.12583 50.5
    endloop
  endfacet
  facet normal 0 0 1
    outer loop
      vertex -0.744296 -1.66354 50.5
      vertex -0.744296 -2.33646 50.5
      vertex -0.7 -2 50.5
    endloop
  endfacet
  facet normal 0 0 1
    outer loop
      vertex -0.874166 -1.35 50.5
      vertex -0.744296 -2.33646 50.5
      vertex -0.744296 -1.66354 50.5
    endloop
  endfacet
  facet normal 0 0 1
    outer loop
      vertex -0.874166 -1.35 50.5
      vertex -0.874166 -2.65 50.5
      vertex -0.744296 -2.33646 50.5
    endloop
  endfacet
  facet normal 0 0 1
    outer loop
      vertex -1.08076 -1.08076 50.5
      vertex -0.874166 -2.65 50.5
      vertex -0.874166 -1.35 50.5
    endloop
  endfacet
  facet normal 0 0 1
    outer loop
      vertex -1.08076 -1.08076 50.5
      vertex -1.08076 -2.91924 50.5
      vertex -0.874166 -2.65 50.5
    endloop
  endfacet
  facet normal 0 0 1
    outer loop
      vertex -1.35 -0.874166 50.5
      vertex -1.08076 -2.91924 50.5
      vertex -1.08076 -1.08076 50.5
    endloop
  endfacet
  facet normal 0 0 1
    outer loop
      vertex -1.35 -0.874166 50.5
      vertex -1.35 -3.12583 50.5
      vertex -1.08076 -2.91924 50.5
    endloop
  endfacet
  facet normal 0 0 1
    outer loop
      vertex -1.66354 -0.744296 50.5
      vertex -1.35 -3.12583 50.5
      vertex -1.35 -0.874166 50.5
    endloop
  endfacet
  facet normal 0 0 1
    outer loop
      vertex -1.66354 -0.744296 50.5
      vertex -1.66354 -3.2557 50.5
      vertex -1.35 -3.12583 50.5
    endloop
  endfacet
  facet normal 0 0 1
    outer loop
      vertex -2 -0.7 50.5
      vertex -1.66354 -3.2557 50.5
      vertex -1.66354 -0.744296 50.5
    endloop
  endfacet
  facet normal 0 0 1
    outer loop
      vertex -2 -0.7 50.5
      vertex -2 -3.3 50.5
      vertex -1.66354 -3.2557 50.5
    endloop
  endfacet
  facet normal -0 0 1
    outer loop
      vertex -2.33646 -0.744296 50.5
      vertex -2 -3.3 50.5
      vertex -2 -0.7 50.5
    endloop
  endfacet
  facet normal 0 0 1
    outer loop
      vertex -2.33646 -0.744296 50.5
      vertex -2.33646 -3.2557 50.5
      vertex -2 -3.3 50.5
    endloop
  endfacet
  facet normal -0 0 1
    outer loop
      vertex -2.65 -0.874166 50.5
      vertex -2.33646 -3.2557 50.5
      vertex -2.33646 -0.744296 50.5
    endloop
  endfacet
  facet normal 0 0 1
    outer loop
      vertex -2.65 -0.874166 50.5
      vertex -2.65 -3.12583 50.5
      vertex -2.33646 -3.2557 50.5
    endloop
  endfacet
  facet normal -0 0 1
    outer loop
      vertex -2.91924 -1.08076 50.5
      vertex -2.65 -3.12583 50.5
      vertex -2.65 -0.874166 50.5
    endloop
  endfacet
  facet normal 0 0 1
    outer loop
      vertex -2.91924 -1.08076 50.5
      vertex -2.91924 -2.91924 50.5
      vertex -2.65 -3.12583 50.5
    endloop
  endfacet
  facet normal -0 0 1
    outer loop
      vertex -3.12583 -1.35 50.5
      vertex -2.91924 -2.91924 50.5
      vertex -2.91924 -1.08076 50.5
    endloop
  endfacet
  facet normal 0 0 1
    outer loop
      vertex -3.12583 -1.35 50.5
      vertex -3.12583 -2.65 50.5
      vertex -2.91924 -2.91924 50.5
    endloop
  endfacet
  facet normal -0 0 1
    outer loop
      vertex -3.2557 -1.66354 50.5
      vertex -3.12583 -2.65 50.5
      vertex -3.12583 -1.35 50.5
    endloop
  endfacet
  facet normal 0 0 1
    outer loop
      vertex -3.2557 -1.66354 50.5
      vertex -3.2557 -2.33646 50.5
      vertex -3.12583 -2.65 50.5
    endloop
  endfacet
  facet normal 0 -0 1
    outer loop
      vertex -3.2557 -2.33646 50.5
      vertex -3.2557 -1.66354 50.5
      vertex -3.3 -2 50.5
    endloop
  endfacet
  facet normal 0.793361 0.608752 0
    outer loop
      vertex -2.91924 -2.91924 58.5
      vertex -3.12583 -2.65 50.5
      vertex -3.12583 -2.65 58.5
    endloop
  endfacet
  facet normal 0.793361 0.608752 0
    outer loop
      vertex -3.12583 -2.65 50.5
      vertex -2.91924 -2.91924 58.5
      vertex -2.91924 -2.91924 50.5
    endloop
  endfacet
  facet normal -0.923747 -0.383004 0
    outer loop
      vertex 264.256 -1.66354 50.5
      vertex 264.126 -1.35 58.5
      vertex 264.126 -1.35 50.5
    endloop
  endfacet
  facet normal -0.923747 -0.383004 0
    outer loop
      vertex 264.126 -1.35 58.5
      vertex 264.256 -1.66354 50.5
      vertex 264.256 -1.66354 58.5
    endloop
  endfacet
  facet normal -0.991557 -0.129669 0
    outer loop
      vertex 264.3 -2 50.5
      vertex 264.256 -1.66354 58.5
      vertex 264.256 -1.66354 50.5
    endloop
  endfacet
  facet normal -0.991557 -0.129669 0
    outer loop
      vertex 264.256 -1.66354 58.5
      vertex 264.3 -2 50.5
      vertex 264.3 -2 58.5
    endloop
  endfacet
  facet normal 0.130702 -0.991422 0
    outer loop
      vertex 262.664 -0.744296 50.5
      vertex 263 -0.7 58.5
      vertex 262.664 -0.744296 58.5
    endloop
  endfacet
  facet normal 0.130702 -0.991422 0
    outer loop
      vertex 263 -0.7 58.5
      vertex 262.664 -0.744296 50.5
      vertex 263 -0.7 50.5
    endloop
  endfacet
  facet normal -0.991557 0.129669 0
    outer loop
      vertex 264.256 -2.33646 50.5
      vertex 264.3 -2 58.5
      vertex 264.3 -2 50.5
    endloop
  endfacet
  facet normal -0.991557 0.129669 0
    outer loop
      vertex 264.3 -2 58.5
      vertex 264.256 -2.33646 50.5
      vertex 264.256 -2.33646 58.5
    endloop
  endfacet
  facet normal -0.382198 0.92408 0
    outer loop
      vertex 263.65 -3.12583 50.5
      vertex 263.336 -3.2557 58.5
      vertex 263.65 -3.12583 58.5
    endloop
  endfacet
  facet normal -0.382198 0.92408 0
    outer loop
      vertex 263.336 -3.2557 58.5
      vertex 263.65 -3.12583 50.5
      vertex 263.336 -3.2557 50.5
    endloop
  endfacet
  facet normal 0.923747 0.383004 0
    outer loop
      vertex 261.874 -2.65 58.5
      vertex 261.744 -2.33646 50.5
      vertex 261.744 -2.33646 58.5
    endloop
  endfacet
  facet normal 0.923747 0.383004 0
    outer loop
      vertex 261.744 -2.33646 50.5
      vertex 261.874 -2.65 58.5
      vertex 261.874 -2.65 50.5
    endloop
  endfacet
  facet normal 0.609101 -0.793093 0
    outer loop
      vertex 262.081 -1.08076 50.5
      vertex 262.35 -0.874166 58.5
      vertex 262.081 -1.08076 58.5
    endloop
  endfacet
  facet normal 0.609101 -0.793093 0
    outer loop
      vertex 262.35 -0.874166 58.5
      vertex 262.081 -1.08076 50.5
      vertex 262.35 -0.874166 50.5
    endloop
  endfacet
  facet normal -0.609094 0.793098 0
    outer loop
      vertex 263.919 -2.91924 50.5
      vertex 263.65 -3.12583 58.5
      vertex 263.919 -2.91924 58.5
    endloop
  endfacet
  facet normal -0.609094 0.793098 0
    outer loop
      vertex 263.65 -3.12583 58.5
      vertex 263.919 -2.91924 50.5
      vertex 263.65 -3.12583 50.5
    endloop
  endfacet
  facet normal 0.923747 -0.383004 0
    outer loop
      vertex 261.744 -1.66354 58.5
      vertex 261.874 -1.35 50.5
      vertex 261.874 -1.35 58.5
    endloop
  endfacet
  facet normal 0.923747 -0.383004 0
    outer loop
      vertex 261.874 -1.35 50.5
      vertex 261.744 -1.66354 58.5
      vertex 261.744 -1.66354 50.5
    endloop
  endfacet
  facet normal 0.991557 -0.129669 0
    outer loop
      vertex 261.7 -2 58.5
      vertex 261.744 -1.66354 50.5
      vertex 261.744 -1.66354 58.5
    endloop
  endfacet
  facet normal 0.991557 -0.129669 0
    outer loop
      vertex 261.744 -1.66354 50.5
      vertex 261.7 -2 58.5
      vertex 261.7 -2 50.5
    endloop
  endfacet
  facet normal -0.382198 -0.92408 0
    outer loop
      vertex 263.336 -0.744296 50.5
      vertex 263.65 -0.874166 58.5
      vertex 263.336 -0.744296 58.5
    endloop
  endfacet
  facet normal -0.382198 -0.92408 -0
    outer loop
      vertex 263.65 -0.874166 58.5
      vertex 263.336 -0.744296 50.5
      vertex 263.65 -0.874166 50.5
    endloop
  endfacet
  facet normal 0.792777 -0.609512 0
    outer loop
      vertex 261.874 -1.35 58.5
      vertex 262.081 -1.08076 50.5
      vertex 262.081 -1.08076 58.5
    endloop
  endfacet
  facet normal 0.792777 -0.609512 0
    outer loop
      vertex 262.081 -1.08076 50.5
      vertex 261.874 -1.35 58.5
      vertex 261.874 -1.35 50.5
    endloop
  endfacet
  facet normal -0.792777 0.609512 0
    outer loop
      vertex 263.919 -2.91924 50.5
      vertex 264.126 -2.65 58.5
      vertex 264.126 -2.65 50.5
    endloop
  endfacet
  facet normal -0.792777 0.609512 0
    outer loop
      vertex 264.126 -2.65 58.5
      vertex 263.919 -2.91924 50.5
      vertex 263.919 -2.91924 58.5
    endloop
  endfacet
  facet normal -0.923747 0.383004 0
    outer loop
      vertex 264.126 -2.65 50.5
      vertex 264.256 -2.33646 58.5
      vertex 264.256 -2.33646 50.5
    endloop
  endfacet
  facet normal -0.923747 0.383004 0
    outer loop
      vertex 264.256 -2.33646 58.5
      vertex 264.126 -2.65 50.5
      vertex 264.126 -2.65 58.5
    endloop
  endfacet
  facet normal 0 0 1
    outer loop
      vertex 264.256 -1.66354 50.5
      vertex 264.256 -2.33646 50.5
      vertex 264.3 -2 50.5
    endloop
  endfacet
  facet normal 0 0 1
    outer loop
      vertex 264.126 -1.35 50.5
      vertex 264.256 -2.33646 50.5
      vertex 264.256 -1.66354 50.5
    endloop
  endfacet
  facet normal 0 0 1
    outer loop
      vertex 264.126 -1.35 50.5
      vertex 264.126 -2.65 50.5
      vertex 264.256 -2.33646 50.5
    endloop
  endfacet
  facet normal 0 0 1
    outer loop
      vertex 263.919 -1.08076 50.5
      vertex 264.126 -2.65 50.5
      vertex 264.126 -1.35 50.5
    endloop
  endfacet
  facet normal 0 0 1
    outer loop
      vertex 263.919 -1.08076 50.5
      vertex 263.919 -2.91924 50.5
      vertex 264.126 -2.65 50.5
    endloop
  endfacet
  facet normal 0 0 1
    outer loop
      vertex 263.65 -0.874166 50.5
      vertex 263.919 -2.91924 50.5
      vertex 263.919 -1.08076 50.5
    endloop
  endfacet
  facet normal 0 0 1
    outer loop
      vertex 263.65 -0.874166 50.5
      vertex 263.65 -3.12583 50.5
      vertex 263.919 -2.91924 50.5
    endloop
  endfacet
  facet normal 0 0 1
    outer loop
      vertex 263.336 -0.744296 50.5
      vertex 263.65 -3.12583 50.5
      vertex 263.65 -0.874166 50.5
    endloop
  endfacet
  facet normal 0 0 1
    outer loop
      vertex 263.336 -0.744296 50.5
      vertex 263.336 -3.2557 50.5
      vertex 263.65 -3.12583 50.5
    endloop
  endfacet
  facet normal 0 0 1
    outer loop
      vertex 263 -0.7 50.5
      vertex 263.336 -3.2557 50.5
      vertex 263.336 -0.744296 50.5
    endloop
  endfacet
  facet normal 0 0 1
    outer loop
      vertex 263 -0.7 50.5
      vertex 263 -3.3 50.5
      vertex 263.336 -3.2557 50.5
    endloop
  endfacet
  facet normal -0 0 1
    outer loop
      vertex 262.664 -0.744296 50.5
      vertex 263 -3.3 50.5
      vertex 263 -0.7 50.5
    endloop
  endfacet
  facet normal 0 0 1
    outer loop
      vertex 262.664 -0.744296 50.5
      vertex 262.664 -3.2557 50.5
      vertex 263 -3.3 50.5
    endloop
  endfacet
  facet normal -0 0 1
    outer loop
      vertex 262.35 -0.874166 50.5
      vertex 262.664 -3.2557 50.5
      vertex 262.664 -0.744296 50.5
    endloop
  endfacet
  facet normal 0 0 1
    outer loop
      vertex 262.35 -0.874166 50.5
      vertex 262.35 -3.12583 50.5
      vertex 262.664 -3.2557 50.5
    endloop
  endfacet
  facet normal -0 0 1
    outer loop
      vertex 262.081 -1.08076 50.5
      vertex 262.35 -3.12583 50.5
      vertex 262.35 -0.874166 50.5
    endloop
  endfacet
  facet normal 0 0 1
    outer loop
      vertex 262.081 -1.08076 50.5
      vertex 262.081 -2.91924 50.5
      vertex 262.35 -3.12583 50.5
    endloop
  endfacet
  facet normal -0 0 1
    outer loop
      vertex 261.874 -1.35 50.5
      vertex 262.081 -2.91924 50.5
      vertex 262.081 -1.08076 50.5
    endloop
  endfacet
  facet normal 0 0 1
    outer loop
      vertex 261.874 -1.35 50.5
      vertex 261.874 -2.65 50.5
      vertex 262.081 -2.91924 50.5
    endloop
  endfacet
  facet normal -0 0 1
    outer loop
      vertex 261.744 -1.66354 50.5
      vertex 261.874 -2.65 50.5
      vertex 261.874 -1.35 50.5
    endloop
  endfacet
  facet normal 0 0 1
    outer loop
      vertex 261.744 -1.66354 50.5
      vertex 261.744 -2.33646 50.5
      vertex 261.874 -2.65 50.5
    endloop
  endfacet
  facet normal 0 -0 1
    outer loop
      vertex 261.744 -2.33646 50.5
      vertex 261.744 -1.66354 50.5
      vertex 261.7 -2 50.5
    endloop
  endfacet
  facet normal 0.609094 0.793098 -0
    outer loop
      vertex 262.35 -3.12583 50.5
      vertex 262.081 -2.91924 58.5
      vertex 262.35 -3.12583 58.5
    endloop
  endfacet
  facet normal 0.609094 0.793098 0
    outer loop
      vertex 262.081 -2.91924 58.5
      vertex 262.35 -3.12583 50.5
      vertex 262.081 -2.91924 50.5
    endloop
  endfacet
  facet normal 0.382198 -0.92408 0
    outer loop
      vertex 262.35 -0.874166 50.5
      vertex 262.664 -0.744296 58.5
      vertex 262.35 -0.874166 58.5
    endloop
  endfacet
  facet normal 0.382198 -0.92408 0
    outer loop
      vertex 262.664 -0.744296 58.5
      vertex 262.35 -0.874166 50.5
      vertex 262.664 -0.744296 50.5
    endloop
  endfacet
  facet normal 0.130714 0.99142 -0
    outer loop
      vertex 263 -3.3 50.5
      vertex 262.664 -3.2557 58.5
      vertex 263 -3.3 58.5
    endloop
  endfacet
  facet normal 0.130714 0.99142 0
    outer loop
      vertex 262.664 -3.2557 58.5
      vertex 263 -3.3 50.5
      vertex 262.664 -3.2557 50.5
    endloop
  endfacet
  facet normal -0.130714 0.99142 0
    outer loop
      vertex 263.336 -3.2557 50.5
      vertex 263 -3.3 58.5
      vertex 263.336 -3.2557 58.5
    endloop
  endfacet
  facet normal -0.130714 0.99142 0
    outer loop
      vertex 263 -3.3 58.5
      vertex 263.336 -3.2557 50.5
      vertex 263 -3.3 50.5
    endloop
  endfacet
  facet normal 0.991557 0.129669 0
    outer loop
      vertex 261.744 -2.33646 58.5
      vertex 261.7 -2 50.5
      vertex 261.7 -2 58.5
    endloop
  endfacet
  facet normal 0.991557 0.129669 0
    outer loop
      vertex 261.7 -2 50.5
      vertex 261.744 -2.33646 58.5
      vertex 261.744 -2.33646 50.5
    endloop
  endfacet
  facet normal -0.792777 -0.609512 0
    outer loop
      vertex 264.126 -1.35 50.5
      vertex 263.919 -1.08076 58.5
      vertex 263.919 -1.08076 50.5
    endloop
  endfacet
  facet normal -0.792777 -0.609512 0
    outer loop
      vertex 263.919 -1.08076 58.5
      vertex 264.126 -1.35 50.5
      vertex 264.126 -1.35 58.5
    endloop
  endfacet
  facet normal -0.130702 -0.991422 0
    outer loop
      vertex 263 -0.7 50.5
      vertex 263.336 -0.744296 58.5
      vertex 263 -0.7 58.5
    endloop
  endfacet
  facet normal -0.130702 -0.991422 -0
    outer loop
      vertex 263.336 -0.744296 58.5
      vertex 263 -0.7 50.5
      vertex 263.336 -0.744296 50.5
    endloop
  endfacet
  facet normal -0.609101 -0.793093 0
    outer loop
      vertex 263.65 -0.874166 50.5
      vertex 263.919 -1.08076 58.5
      vertex 263.65 -0.874166 58.5
    endloop
  endfacet
  facet normal -0.609101 -0.793093 -0
    outer loop
      vertex 263.919 -1.08076 58.5
      vertex 263.65 -0.874166 50.5
      vertex 263.919 -1.08076 50.5
    endloop
  endfacet
  facet normal 0.382198 0.92408 -0
    outer loop
      vertex 262.664 -3.2557 50.5
      vertex 262.35 -3.12583 58.5
      vertex 262.664 -3.2557 58.5
    endloop
  endfacet
  facet normal 0.382198 0.92408 0
    outer loop
      vertex 262.35 -3.12583 58.5
      vertex 262.664 -3.2557 50.5
      vertex 262.35 -3.12583 50.5
    endloop
  endfacet
  facet normal 0.792777 0.609512 0
    outer loop
      vertex 262.081 -2.91924 58.5
      vertex 261.874 -2.65 50.5
      vertex 261.874 -2.65 58.5
    endloop
  endfacet
  facet normal 0.792777 0.609512 0
    outer loop
      vertex 261.874 -2.65 50.5
      vertex 262.081 -2.91924 58.5
      vertex 262.081 -2.91924 50.5
    endloop
  endfacet
  facet normal 0.99142 -0.130714 0
    outer loop
      vertex -3.3 191 58.5
      vertex -3.2557 191.336 50.5
      vertex -3.2557 191.336 58.5
    endloop
  endfacet
  facet normal 0.99142 -0.130714 0
    outer loop
      vertex -3.2557 191.336 50.5
      vertex -3.3 191 58.5
      vertex -3.3 191 50.5
    endloop
  endfacet
  facet normal -0.92408 -0.382198 0
    outer loop
      vertex -0.744296 191.336 50.5
      vertex -0.874166 191.65 58.5
      vertex -0.874166 191.65 50.5
    endloop
  endfacet
  facet normal -0.92408 -0.382198 0
    outer loop
      vertex -0.874166 191.65 58.5
      vertex -0.744296 191.336 50.5
      vertex -0.744296 191.336 58.5
    endloop
  endfacet
  facet normal -0.991422 -0.130702 0
    outer loop
      vertex -0.7 191 50.5
      vertex -0.744296 191.336 58.5
      vertex -0.744296 191.336 50.5
    endloop
  endfacet
  facet normal -0.991422 -0.130702 0
    outer loop
      vertex -0.744296 191.336 58.5
      vertex -0.7 191 50.5
      vertex -0.7 191 58.5
    endloop
  endfacet
  facet normal -0.991422 0.130702 0
    outer loop
      vertex -0.744296 190.664 50.5
      vertex -0.7 191 58.5
      vertex -0.7 191 50.5
    endloop
  endfacet
  facet normal -0.991422 0.130702 0
    outer loop
      vertex -0.7 191 58.5
      vertex -0.744296 190.664 50.5
      vertex -0.744296 190.664 58.5
    endloop
  endfacet
  facet normal 0 0 1
    outer loop
      vertex -0.744296 191.336 50.5
      vertex -0.744296 190.664 50.5
      vertex -0.7 191 50.5
    endloop
  endfacet
  facet normal 0 0 1
    outer loop
      vertex -0.874166 191.65 50.5
      vertex -0.744296 190.664 50.5
      vertex -0.744296 191.336 50.5
    endloop
  endfacet
  facet normal 0 0 1
    outer loop
      vertex -0.874166 191.65 50.5
      vertex -0.874166 190.35 50.5
      vertex -0.744296 190.664 50.5
    endloop
  endfacet
  facet normal 0 0 1
    outer loop
      vertex -1.08076 191.919 50.5
      vertex -0.874166 190.35 50.5
      vertex -0.874166 191.65 50.5
    endloop
  endfacet
  facet normal 0 0 1
    outer loop
      vertex -1.08076 191.919 50.5
      vertex -1.08076 190.081 50.5
      vertex -0.874166 190.35 50.5
    endloop
  endfacet
  facet normal 0 0 1
    outer loop
      vertex -1.35 192.126 50.5
      vertex -1.08076 190.081 50.5
      vertex -1.08076 191.919 50.5
    endloop
  endfacet
  facet normal 0 0 1
    outer loop
      vertex -1.35 192.126 50.5
      vertex -1.35 189.874 50.5
      vertex -1.08076 190.081 50.5
    endloop
  endfacet
  facet normal 0 0 1
    outer loop
      vertex -1.66354 192.256 50.5
      vertex -1.35 189.874 50.5
      vertex -1.35 192.126 50.5
    endloop
  endfacet
  facet normal 0 0 1
    outer loop
      vertex -1.66354 192.256 50.5
      vertex -1.66354 189.744 50.5
      vertex -1.35 189.874 50.5
    endloop
  endfacet
  facet normal 0 0 1
    outer loop
      vertex -2 192.3 50.5
      vertex -1.66354 189.744 50.5
      vertex -1.66354 192.256 50.5
    endloop
  endfacet
  facet normal 0 0 1
    outer loop
      vertex -2 192.3 50.5
      vertex -2 189.7 50.5
      vertex -1.66354 189.744 50.5
    endloop
  endfacet
  facet normal -0 0 1
    outer loop
      vertex -2.33646 192.256 50.5
      vertex -2 189.7 50.5
      vertex -2 192.3 50.5
    endloop
  endfacet
  facet normal 0 0 1
    outer loop
      vertex -2.33646 192.256 50.5
      vertex -2.33646 189.744 50.5
      vertex -2 189.7 50.5
    endloop
  endfacet
  facet normal -0 0 1
    outer loop
      vertex -2.65 192.126 50.5
      vertex -2.33646 189.744 50.5
      vertex -2.33646 192.256 50.5
    endloop
  endfacet
  facet normal 0 0 1
    outer loop
      vertex -2.65 192.126 50.5
      vertex -2.65 189.874 50.5
      vertex -2.33646 189.744 50.5
    endloop
  endfacet
  facet normal -0 0 1
    outer loop
      vertex -2.91924 191.919 50.5
      vertex -2.65 189.874 50.5
      vertex -2.65 192.126 50.5
    endloop
  endfacet
  facet normal 0 0 1
    outer loop
      vertex -2.91924 191.919 50.5
      vertex -2.91924 190.081 50.5
      vertex -2.65 189.874 50.5
    endloop
  endfacet
  facet normal -0 0 1
    outer loop
      vertex -3.12583 191.65 50.5
      vertex -2.91924 190.081 50.5
      vertex -2.91924 191.919 50.5
    endloop
  endfacet
  facet normal 0 0 1
    outer loop
      vertex -3.12583 191.65 50.5
      vertex -3.12583 190.35 50.5
      vertex -2.91924 190.081 50.5
    endloop
  endfacet
  facet normal -0 0 1
    outer loop
      vertex -3.2557 191.336 50.5
      vertex -3.12583 190.35 50.5
      vertex -3.12583 191.65 50.5
    endloop
  endfacet
  facet normal 0 0 1
    outer loop
      vertex -3.2557 191.336 50.5
      vertex -3.2557 190.664 50.5
      vertex -3.12583 190.35 50.5
    endloop
  endfacet
  facet normal 0 -0 1
    outer loop
      vertex -3.2557 190.664 50.5
      vertex -3.2557 191.336 50.5
      vertex -3.3 191 50.5
    endloop
  endfacet
  facet normal 0.99142 0.130714 0
    outer loop
      vertex -3.2557 190.664 58.5
      vertex -3.3 191 50.5
      vertex -3.3 191 58.5
    endloop
  endfacet
  facet normal 0.99142 0.130714 0
    outer loop
      vertex -3.3 191 50.5
      vertex -3.2557 190.664 58.5
      vertex -3.2557 190.664 50.5
    endloop
  endfacet
  facet normal -0.609512 0.792777 0
    outer loop
      vertex -1.08076 190.081 50.5
      vertex -1.35 189.874 58.5
      vertex -1.08076 190.081 58.5
    endloop
  endfacet
  facet normal -0.609512 0.792777 0
    outer loop
      vertex -1.35 189.874 58.5
      vertex -1.08076 190.081 50.5
      vertex -1.35 189.874 50.5
    endloop
  endfacet
  facet normal 0.793098 0.609094 0
    outer loop
      vertex -2.91924 190.081 58.5
      vertex -3.12583 190.35 50.5
      vertex -3.12583 190.35 58.5
    endloop
  endfacet
  facet normal 0.793098 0.609094 0
    outer loop
      vertex -3.12583 190.35 50.5
      vertex -2.91924 190.081 58.5
      vertex -2.91924 190.081 50.5
    endloop
  endfacet
  facet normal 0.383004 0.923747 -0
    outer loop
      vertex -2.33646 189.744 50.5
      vertex -2.65 189.874 58.5
      vertex -2.33646 189.744 58.5
    endloop
  endfacet
  facet normal 0.383004 0.923747 0
    outer loop
      vertex -2.65 189.874 58.5
      vertex -2.33646 189.744 50.5
      vertex -2.65 189.874 50.5
    endloop
  endfacet
  facet normal -0.793093 0.609101 0
    outer loop
      vertex -1.08076 190.081 50.5
      vertex -0.874166 190.35 58.5
      vertex -0.874166 190.35 50.5
    endloop
  endfacet
  facet normal -0.793093 0.609101 0
    outer loop
      vertex -0.874166 190.35 58.5
      vertex -1.08076 190.081 50.5
      vertex -1.08076 190.081 58.5
    endloop
  endfacet
  facet normal -0.92408 0.382198 0
    outer loop
      vertex -0.874166 190.35 50.5
      vertex -0.744296 190.664 58.5
      vertex -0.744296 190.664 50.5
    endloop
  endfacet
  facet normal -0.92408 0.382198 0
    outer loop
      vertex -0.744296 190.664 58.5
      vertex -0.874166 190.35 50.5
      vertex -0.874166 190.35 58.5
    endloop
  endfacet
  facet normal -0.383004 -0.923747 0
    outer loop
      vertex -1.66354 192.256 50.5
      vertex -1.35 192.126 58.5
      vertex -1.66354 192.256 58.5
    endloop
  endfacet
  facet normal -0.383004 -0.923747 -0
    outer loop
      vertex -1.35 192.126 58.5
      vertex -1.66354 192.256 50.5
      vertex -1.35 192.126 50.5
    endloop
  endfacet
  facet normal 0.609512 -0.792777 0
    outer loop
      vertex -2.91924 191.919 50.5
      vertex -2.65 192.126 58.5
      vertex -2.91924 191.919 58.5
    endloop
  endfacet
  facet normal 0.609512 -0.792777 0
    outer loop
      vertex -2.65 192.126 58.5
      vertex -2.91924 191.919 50.5
      vertex -2.65 192.126 50.5
    endloop
  endfacet
  facet normal -0.383004 0.923747 0
    outer loop
      vertex -1.35 189.874 50.5
      vertex -1.66354 189.744 58.5
      vertex -1.35 189.874 58.5
    endloop
  endfacet
  facet normal -0.383004 0.923747 0
    outer loop
      vertex -1.66354 189.744 58.5
      vertex -1.35 189.874 50.5
      vertex -1.66354 189.744 50.5
    endloop
  endfacet
  facet normal -0.129669 -0.991557 0
    outer loop
      vertex -2 192.3 50.5
      vertex -1.66354 192.256 58.5
      vertex -2 192.3 58.5
    endloop
  endfacet
  facet normal -0.129669 -0.991557 -0
    outer loop
      vertex -1.66354 192.256 58.5
      vertex -2 192.3 50.5
      vertex -1.66354 192.256 50.5
    endloop
  endfacet
  facet normal 0.793098 -0.609094 0
    outer loop
      vertex -3.12583 191.65 58.5
      vertex -2.91924 191.919 50.5
      vertex -2.91924 191.919 58.5
    endloop
  endfacet
  facet normal 0.793098 -0.609094 0
    outer loop
      vertex -2.91924 191.919 50.5
      vertex -3.12583 191.65 58.5
      vertex -3.12583 191.65 50.5
    endloop
  endfacet
  facet normal 0.383004 -0.923747 0
    outer loop
      vertex -2.65 192.126 50.5
      vertex -2.33646 192.256 58.5
      vertex -2.65 192.126 58.5
    endloop
  endfacet
  facet normal 0.383004 -0.923747 0
    outer loop
      vertex -2.33646 192.256 58.5
      vertex -2.65 192.126 50.5
      vertex -2.33646 192.256 50.5
    endloop
  endfacet
  facet normal 0.129669 0.991557 -0
    outer loop
      vertex -2 189.7 50.5
      vertex -2.33646 189.744 58.5
      vertex -2 189.7 58.5
    endloop
  endfacet
  facet normal 0.129669 0.991557 0
    outer loop
      vertex -2.33646 189.744 58.5
      vertex -2 189.7 50.5
      vertex -2.33646 189.744 50.5
    endloop
  endfacet
  facet normal 0.92408 0.382198 0
    outer loop
      vertex -3.12583 190.35 58.5
      vertex -3.2557 190.664 50.5
      vertex -3.2557 190.664 58.5
    endloop
  endfacet
  facet normal 0.92408 0.382198 0
    outer loop
      vertex -3.2557 190.664 50.5
      vertex -3.12583 190.35 58.5
      vertex -3.12583 190.35 50.5
    endloop
  endfacet
  facet normal -0.609512 -0.792777 0
    outer loop
      vertex -1.35 192.126 50.5
      vertex -1.08076 191.919 58.5
      vertex -1.35 192.126 58.5
    endloop
  endfacet
  facet normal -0.609512 -0.792777 -0
    outer loop
      vertex -1.08076 191.919 58.5
      vertex -1.35 192.126 50.5
      vertex -1.08076 191.919 50.5
    endloop
  endfacet
  facet normal 0.92408 -0.382198 0
    outer loop
      vertex -3.2557 191.336 58.5
      vertex -3.12583 191.65 50.5
      vertex -3.12583 191.65 58.5
    endloop
  endfacet
  facet normal 0.92408 -0.382198 0
    outer loop
      vertex -3.12583 191.65 50.5
      vertex -3.2557 191.336 58.5
      vertex -3.2557 191.336 50.5
    endloop
  endfacet
  facet normal 0.129669 -0.991557 0
    outer loop
      vertex -2.33646 192.256 50.5
      vertex -2 192.3 58.5
      vertex -2.33646 192.256 58.5
    endloop
  endfacet
  facet normal 0.129669 -0.991557 0
    outer loop
      vertex -2 192.3 58.5
      vertex -2.33646 192.256 50.5
      vertex -2 192.3 50.5
    endloop
  endfacet
  facet normal -0.793093 -0.609101 0
    outer loop
      vertex -0.874166 191.65 50.5
      vertex -1.08076 191.919 58.5
      vertex -1.08076 191.919 50.5
    endloop
  endfacet
  facet normal -0.793093 -0.609101 0
    outer loop
      vertex -1.08076 191.919 58.5
      vertex -0.874166 191.65 50.5
      vertex -0.874166 191.65 58.5
    endloop
  endfacet
  facet normal 0.609512 0.792777 -0
    outer loop
      vertex -2.65 189.874 50.5
      vertex -2.91924 190.081 58.5
      vertex -2.65 189.874 58.5
    endloop
  endfacet
  facet normal 0.609512 0.792777 0
    outer loop
      vertex -2.91924 190.081 58.5
      vertex -2.65 189.874 50.5
      vertex -2.91924 190.081 50.5
    endloop
  endfacet
  facet normal -0.129669 0.991557 0
    outer loop
      vertex -1.66354 189.744 50.5
      vertex -2 189.7 58.5
      vertex -1.66354 189.744 58.5
    endloop
  endfacet
  facet normal -0.129669 0.991557 0
    outer loop
      vertex -2 189.7 58.5
      vertex -1.66354 189.744 50.5
      vertex -2 189.7 50.5
    endloop
  endfacet
  facet normal 0.991534 -0.129844 0
    outer loop
      vertex 261.7 191 58.5
      vertex 261.744 191.336 50.5
      vertex 261.744 191.336 58.5
    endloop
  endfacet
  facet normal 0.991534 -0.129844 0
    outer loop
      vertex 261.744 191.336 50.5
      vertex 261.7 191 58.5
      vertex 261.7 191 50.5
    endloop
  endfacet
  facet normal -0.923945 -0.382525 0
    outer loop
      vertex 264.256 191.336 50.5
      vertex 264.126 191.65 58.5
      vertex 264.126 191.65 50.5
    endloop
  endfacet
  facet normal -0.923945 -0.382525 0
    outer loop
      vertex 264.126 191.65 58.5
      vertex 264.256 191.336 50.5
      vertex 264.256 191.336 58.5
    endloop
  endfacet
  facet normal -0.991534 -0.129844 0
    outer loop
      vertex 264.3 191 50.5
      vertex 264.256 191.336 58.5
      vertex 264.256 191.336 50.5
    endloop
  endfacet
  facet normal -0.991534 -0.129844 0
    outer loop
      vertex 264.256 191.336 58.5
      vertex 264.3 191 50.5
      vertex 264.3 191 58.5
    endloop
  endfacet
  facet normal -0.991534 0.129844 0
    outer loop
      vertex 264.256 190.664 50.5
      vertex 264.3 191 58.5
      vertex 264.3 191 50.5
    endloop
  endfacet
  facet normal -0.991534 0.129844 0
    outer loop
      vertex 264.3 191 58.5
      vertex 264.256 190.664 50.5
      vertex 264.256 190.664 58.5
    endloop
  endfacet
  facet normal 0.991534 0.129844 0
    outer loop
      vertex 261.744 190.664 58.5
      vertex 261.7 191 50.5
      vertex 261.7 191 58.5
    endloop
  endfacet
  facet normal 0.991534 0.129844 0
    outer loop
      vertex 261.7 191 50.5
      vertex 261.744 190.664 58.5
      vertex 261.744 190.664 50.5
    endloop
  endfacet
  facet normal -0.609853 0.792514 0
    outer loop
      vertex 263.919 190.081 50.5
      vertex 263.65 189.874 58.5
      vertex 263.919 190.081 58.5
    endloop
  endfacet
  facet normal -0.609853 0.792514 0
    outer loop
      vertex 263.65 189.874 58.5
      vertex 263.919 190.081 50.5
      vertex 263.65 189.874 50.5
    endloop
  endfacet
  facet normal 0.792514 0.609853 0
    outer loop
      vertex 262.081 190.081 58.5
      vertex 261.874 190.35 50.5
      vertex 261.874 190.35 58.5
    endloop
  endfacet
  facet normal 0.792514 0.609853 0
    outer loop
      vertex 261.874 190.35 50.5
      vertex 262.081 190.081 58.5
      vertex 262.081 190.081 50.5
    endloop
  endfacet
  facet normal 0.382525 0.923945 -0
    outer loop
      vertex 262.664 189.744 50.5
      vertex 262.35 189.874 58.5
      vertex 262.664 189.744 58.5
    endloop
  endfacet
  facet normal 0.382525 0.923945 0
    outer loop
      vertex 262.35 189.874 58.5
      vertex 262.664 189.744 50.5
      vertex 262.35 189.874 50.5
    endloop
  endfacet
  facet normal -0.792514 0.609853 0
    outer loop
      vertex 263.919 190.081 50.5
      vertex 264.126 190.35 58.5
      vertex 264.126 190.35 50.5
    endloop
  endfacet
  facet normal -0.792514 0.609853 0
    outer loop
      vertex 264.126 190.35 58.5
      vertex 263.919 190.081 50.5
      vertex 263.919 190.081 58.5
    endloop
  endfacet
  facet normal -0.923945 0.382525 0
    outer loop
      vertex 264.126 190.35 50.5
      vertex 264.256 190.664 58.5
      vertex 264.256 190.664 50.5
    endloop
  endfacet
  facet normal -0.923945 0.382525 0
    outer loop
      vertex 264.256 190.664 58.5
      vertex 264.126 190.35 50.5
      vertex 264.126 190.35 58.5
    endloop
  endfacet
  facet normal -0.382525 -0.923945 0
    outer loop
      vertex 263.336 192.256 50.5
      vertex 263.65 192.126 58.5
      vertex 263.336 192.256 58.5
    endloop
  endfacet
  facet normal -0.382525 -0.923945 -0
    outer loop
      vertex 263.65 192.126 58.5
      vertex 263.336 192.256 50.5
      vertex 263.65 192.126 50.5
    endloop
  endfacet
  facet normal 0.609853 -0.792514 0
    outer loop
      vertex 262.081 191.919 50.5
      vertex 262.35 192.126 58.5
      vertex 262.081 191.919 58.5
    endloop
  endfacet
  facet normal 0.609853 -0.792514 0
    outer loop
      vertex 262.35 192.126 58.5
      vertex 262.081 191.919 50.5
      vertex 262.35 192.126 50.5
    endloop
  endfacet
  facet normal -0.382525 0.923945 0
    outer loop
      vertex 263.65 189.874 50.5
      vertex 263.336 189.744 58.5
      vertex 263.65 189.874 58.5
    endloop
  endfacet
  facet normal -0.382525 0.923945 0
    outer loop
      vertex 263.336 189.744 58.5
      vertex 263.65 189.874 50.5
      vertex 263.336 189.744 50.5
    endloop
  endfacet
  facet normal -0.129844 -0.991534 0
    outer loop
      vertex 263 192.3 50.5
      vertex 263.336 192.256 58.5
      vertex 263 192.3 58.5
    endloop
  endfacet
  facet normal -0.129844 -0.991534 -0
    outer loop
      vertex 263.336 192.256 58.5
      vertex 263 192.3 50.5
      vertex 263.336 192.256 50.5
    endloop
  endfacet
  facet normal 0.792514 -0.609853 0
    outer loop
      vertex 261.874 191.65 58.5
      vertex 262.081 191.919 50.5
      vertex 262.081 191.919 58.5
    endloop
  endfacet
  facet normal 0.792514 -0.609853 0
    outer loop
      vertex 262.081 191.919 50.5
      vertex 261.874 191.65 58.5
      vertex 261.874 191.65 50.5
    endloop
  endfacet
  facet normal 0.382525 -0.923945 0
    outer loop
      vertex 262.35 192.126 50.5
      vertex 262.664 192.256 58.5
      vertex 262.35 192.126 58.5
    endloop
  endfacet
  facet normal 0.382525 -0.923945 0
    outer loop
      vertex 262.664 192.256 58.5
      vertex 262.35 192.126 50.5
      vertex 262.664 192.256 50.5
    endloop
  endfacet
  facet normal 0.129844 0.991534 -0
    outer loop
      vertex 263 189.7 50.5
      vertex 262.664 189.744 58.5
      vertex 263 189.7 58.5
    endloop
  endfacet
  facet normal 0.129844 0.991534 0
    outer loop
      vertex 262.664 189.744 58.5
      vertex 263 189.7 50.5
      vertex 262.664 189.744 50.5
    endloop
  endfacet
  facet normal 0.923945 0.382525 0
    outer loop
      vertex 261.874 190.35 58.5
      vertex 261.744 190.664 50.5
      vertex 261.744 190.664 58.5
    endloop
  endfacet
  facet normal 0.923945 0.382525 0
    outer loop
      vertex 261.744 190.664 50.5
      vertex 261.874 190.35 58.5
      vertex 261.874 190.35 50.5
    endloop
  endfacet
  facet normal -0.609853 -0.792514 0
    outer loop
      vertex 263.65 192.126 50.5
      vertex 263.919 191.919 58.5
      vertex 263.65 192.126 58.5
    endloop
  endfacet
  facet normal -0.609853 -0.792514 -0
    outer loop
      vertex 263.919 191.919 58.5
      vertex 263.65 192.126 50.5
      vertex 263.919 191.919 50.5
    endloop
  endfacet
  facet normal 0.923945 -0.382525 0
    outer loop
      vertex 261.744 191.336 58.5
      vertex 261.874 191.65 50.5
      vertex 261.874 191.65 58.5
    endloop
  endfacet
  facet normal 0.923945 -0.382525 0
    outer loop
      vertex 261.874 191.65 50.5
      vertex 261.744 191.336 58.5
      vertex 261.744 191.336 50.5
    endloop
  endfacet
  facet normal 0.129844 -0.991534 0
    outer loop
      vertex 262.664 192.256 50.5
      vertex 263 192.3 58.5
      vertex 262.664 192.256 58.5
    endloop
  endfacet
  facet normal 0.129844 -0.991534 0
    outer loop
      vertex 263 192.3 58.5
      vertex 262.664 192.256 50.5
      vertex 263 192.3 50.5
    endloop
  endfacet
  facet normal -0.792514 -0.609853 0
    outer loop
      vertex 264.126 191.65 50.5
      vertex 263.919 191.919 58.5
      vertex 263.919 191.919 50.5
    endloop
  endfacet
  facet normal -0.792514 -0.609853 0
    outer loop
      vertex 263.919 191.919 58.5
      vertex 264.126 191.65 50.5
      vertex 264.126 191.65 58.5
    endloop
  endfacet
  facet normal 0 0 1
    outer loop
      vertex 264.256 191.336 50.5
      vertex 264.256 190.664 50.5
      vertex 264.3 191 50.5
    endloop
  endfacet
  facet normal 0 0 1
    outer loop
      vertex 264.126 191.65 50.5
      vertex 264.256 190.664 50.5
      vertex 264.256 191.336 50.5
    endloop
  endfacet
  facet normal 0 0 1
    outer loop
      vertex 264.126 191.65 50.5
      vertex 264.126 190.35 50.5
      vertex 264.256 190.664 50.5
    endloop
  endfacet
  facet normal 0 0 1
    outer loop
      vertex 263.919 191.919 50.5
      vertex 264.126 190.35 50.5
      vertex 264.126 191.65 50.5
    endloop
  endfacet
  facet normal 0 0 1
    outer loop
      vertex 263.919 191.919 50.5
      vertex 263.919 190.081 50.5
      vertex 264.126 190.35 50.5
    endloop
  endfacet
  facet normal 0 0 1
    outer loop
      vertex 263.65 192.126 50.5
      vertex 263.919 190.081 50.5
      vertex 263.919 191.919 50.5
    endloop
  endfacet
  facet normal 0 0 1
    outer loop
      vertex 263.65 192.126 50.5
      vertex 263.65 189.874 50.5
      vertex 263.919 190.081 50.5
    endloop
  endfacet
  facet normal 0 0 1
    outer loop
      vertex 263.336 192.256 50.5
      vertex 263.65 189.874 50.5
      vertex 263.65 192.126 50.5
    endloop
  endfacet
  facet normal 0 0 1
    outer loop
      vertex 263.336 192.256 50.5
      vertex 263.336 189.744 50.5
      vertex 263.65 189.874 50.5
    endloop
  endfacet
  facet normal 0 0 1
    outer loop
      vertex 263 192.3 50.5
      vertex 263.336 189.744 50.5
      vertex 263.336 192.256 50.5
    endloop
  endfacet
  facet normal 0 0 1
    outer loop
      vertex 263 192.3 50.5
      vertex 263 189.7 50.5
      vertex 263.336 189.744 50.5
    endloop
  endfacet
  facet normal -0 0 1
    outer loop
      vertex 262.664 192.256 50.5
      vertex 263 189.7 50.5
      vertex 263 192.3 50.5
    endloop
  endfacet
  facet normal 0 0 1
    outer loop
      vertex 262.664 192.256 50.5
      vertex 262.664 189.744 50.5
      vertex 263 189.7 50.5
    endloop
  endfacet
  facet normal -0 0 1
    outer loop
      vertex 262.35 192.126 50.5
      vertex 262.664 189.744 50.5
      vertex 262.664 192.256 50.5
    endloop
  endfacet
  facet normal 0 0 1
    outer loop
      vertex 262.35 192.126 50.5
      vertex 262.35 189.874 50.5
      vertex 262.664 189.744 50.5
    endloop
  endfacet
  facet normal -0 0 1
    outer loop
      vertex 262.081 191.919 50.5
      vertex 262.35 189.874 50.5
      vertex 262.35 192.126 50.5
    endloop
  endfacet
  facet normal 0 0 1
    outer loop
      vertex 262.081 191.919 50.5
      vertex 262.081 190.081 50.5
      vertex 262.35 189.874 50.5
    endloop
  endfacet
  facet normal -0 0 1
    outer loop
      vertex 261.874 191.65 50.5
      vertex 262.081 190.081 50.5
      vertex 262.081 191.919 50.5
    endloop
  endfacet
  facet normal 0 0 1
    outer loop
      vertex 261.874 191.65 50.5
      vertex 261.874 190.35 50.5
      vertex 262.081 190.081 50.5
    endloop
  endfacet
  facet normal -0 0 1
    outer loop
      vertex 261.744 191.336 50.5
      vertex 261.874 190.35 50.5
      vertex 261.874 191.65 50.5
    endloop
  endfacet
  facet normal 0 0 1
    outer loop
      vertex 261.744 191.336 50.5
      vertex 261.744 190.664 50.5
      vertex 261.874 190.35 50.5
    endloop
  endfacet
  facet normal 0 -0 1
    outer loop
      vertex 261.744 190.664 50.5
      vertex 261.744 191.336 50.5
      vertex 261.7 191 50.5
    endloop
  endfacet
  facet normal 0.609853 0.792514 -0
    outer loop
      vertex 262.35 189.874 50.5
      vertex 262.081 190.081 58.5
      vertex 262.35 189.874 58.5
    endloop
  endfacet
  facet normal 0.609853 0.792514 0
    outer loop
      vertex 262.081 190.081 58.5
      vertex 262.35 189.874 50.5
      vertex 262.081 190.081 50.5
    endloop
  endfacet
  facet normal -0.129844 0.991534 0
    outer loop
      vertex 263.336 189.744 50.5
      vertex 263 189.7 58.5
      vertex 263.336 189.744 58.5
    endloop
  endfacet
  facet normal -0.129844 0.991534 0
    outer loop
      vertex 263 189.7 58.5
      vertex 263.336 189.744 50.5
      vertex 263 189.7 50.5
    endloop
  endfacet
  facet normal 0 0 -1
    outer loop
      vertex 6 2.5 5
      vertex 2.51 2.51 5
      vertex 6 2.51 5
    endloop
  endfacet
  facet normal -0 0 -1
    outer loop
      vertex 2.51 2.51 5
      vertex 2.5 2.5 5
      vertex 2.51 186.49 5
    endloop
  endfacet
  facet normal 0 0 -1
    outer loop
      vertex 2.5 2.5 5
      vertex 2.51 2.51 5
      vertex 6 2.5 5
    endloop
  endfacet
  facet normal 0 0 -1
    outer loop
      vertex 258.5 2.5 5
      vertex 258.49 2.51 5
      vertex 258.5 186.5 5
    endloop
  endfacet
  facet normal 0 0 -1
    outer loop
      vertex 169.8 2.5 5
      vertex 258.49 2.51 5
      vertex 258.5 2.5 5
    endloop
  endfacet
  facet normal -0 0 -1
    outer loop
      vertex 258.49 2.51 5
      vertex 169.8 2.5 5
      vertex 169.8 2.51 5
    endloop
  endfacet
  facet normal 0 0 -1
    outer loop
      vertex 258.49 186.49 5
      vertex 258.5 186.5 5
      vertex 258.49 2.51 5
    endloop
  endfacet
  facet normal 0 0 -1
    outer loop
      vertex 2.51 186.49 5
      vertex 258.5 186.5 5
      vertex 258.49 186.49 5
    endloop
  endfacet
  facet normal 0 0 -1
    outer loop
      vertex 2.51 186.49 5
      vertex 2.5 186.5 5
      vertex 258.5 186.5 5
    endloop
  endfacet
  facet normal 0 0 -1
    outer loop
      vertex 2.5 186.5 5
      vertex 2.51 186.49 5
      vertex 2.5 2.5 5
    endloop
  endfacet
  facet normal 0 0 1
    outer loop
      vertex 9.5 7.5 9.01
      vertex 8.5 2.5 9.01
      vertex 9.5 2.5 9.01
    endloop
  endfacet
  facet normal -0 0 1
    outer loop
      vertex 6 7.5 9.01
      vertex 8.5 2.5 9.01
      vertex 9.5 7.5 9.01
    endloop
  endfacet
  facet normal 0 0 1
    outer loop
      vertex 8.5 2.5 9.01
      vertex 6 7.5 9.01
      vertex 6 2.5 9.01
    endloop
  endfacet
  facet normal 0.496676 6.50253e-06 -0.867936
    outer loop
      vertex 6 4.50215 6.99714
      vertex 9.5 2.5 9
      vertex 8.5 2.5 8.42775
    endloop
  endfacet
  facet normal 0.496672 0 -0.867938
    outer loop
      vertex 6 4.50215 6.99714
      vertex 8.5 2.5 8.42775
      vertex 6 2.5 6.99714
    endloop
  endfacet
  facet normal 0.496673 0 -0.867937
    outer loop
      vertex 9.5 2.5 9
      vertex 6 4.50215 6.99714
      vertex 9.5 182.5 9
    endloop
  endfacet
  facet normal 0.496674 0 -0.867937
    outer loop
      vertex 2.51 186.49 5
      vertex 6 4.50215 6.99714
      vertex 2.51 2.51 5
    endloop
  endfacet
  facet normal 0.496674 -5.93263e-09 -0.867937
    outer loop
      vertex 6 4.50215 6.99714
      vertex 2.51 186.49 5
      vertex 9.5 182.5 9
    endloop
  endfacet
  facet normal -0.707991 0 -0.706221
    outer loop
      vertex 258.49 186.49 5
      vertex 254.5 6.5 9
      vertex 254.5 182.5 9
    endloop
  endfacet
  facet normal -0.707991 0 -0.706221
    outer loop
      vertex 254.5 6.5 9
      vertex 258.49 186.49 5
      vertex 258.49 2.51 5
    endloop
  endfacet
  facet normal -0 -0.707991 -0.706221
    outer loop
      vertex 258.49 186.49 5
      vertex 9.5 182.5 9
      vertex 2.51 186.49 5
    endloop
  endfacet
  facet normal 0 -0.707991 -0.706221
    outer loop
      vertex 9.5 182.5 9
      vertex 258.49 186.49 5
      vertex 254.5 182.5 9
    endloop
  endfacet
  facet normal 0 0.707991 -0.706222
    outer loop
      vertex 6 2.51 5
      vertex 2.51 2.51 5
      vertex 6 4.50215 6.99714
    endloop
  endfacet
  facet normal 1 -0 0
    outer loop
      vertex 6 2.5 6.99714
      vertex 6 2.51 5
      vertex 6 4.50215 6.99714
    endloop
  endfacet
  facet normal 1 0 0
    outer loop
      vertex 6 2.51 5
      vertex 6 2.5 6.99714
      vertex 6 2.5 5
    endloop
  endfacet
  facet normal 0 0.707991 -0.706221
    outer loop
      vertex 169.8 2.51 5
      vertex 254.5 6.5 9
      vertex 258.49 2.51 5
    endloop
  endfacet
  facet normal 0 0.707991 -0.706221
    outer loop
      vertex 254.5 6.5 9
      vertex 169.8 2.51 5
      vertex 169.8 6.5 9
    endloop
  endfacet
  facet normal -0.707098 0 -0.707116
    outer loop
      vertex -0.964724 1.8637 53.4547
      vertex -0.00999928 187.532 52.5
      vertex -0.00999928 1.46824 52.5
    endloop
  endfacet
  facet normal -0.707098 0 -0.707116
    outer loop
      vertex -0.964724 1.8637 53.4547
      vertex -0.964724 187.136 53.4547
      vertex -0.00999928 187.532 52.5
    endloop
  endfacet
  facet normal -0.707115 0 -0.707099
    outer loop
      vertex -2 2 54.49
      vertex -0.964724 187.136 53.4547
      vertex -0.964724 1.8637 53.4547
    endloop
  endfacet
  facet normal -0.707115 0 -0.707099
    outer loop
      vertex -2 2 54.49
      vertex -2 187 54.49
      vertex -0.964724 187.136 53.4547
    endloop
  endfacet
  facet normal -0.707114 0 -0.7071
    outer loop
      vertex -3.03528 1.8637 55.5253
      vertex -2 187 54.49
      vertex -2 2 54.49
    endloop
  endfacet
  facet normal -0.707114 0 -0.7071
    outer loop
      vertex -3.03528 1.8637 55.5253
      vertex -3.03528 187.136 55.5253
      vertex -2 187 54.49
    endloop
  endfacet
  facet normal -0.707099 0 -0.707114
    outer loop
      vertex -4 1.4641 56.49
      vertex -3.03528 187.136 55.5253
      vertex -3.03528 1.8637 55.5253
    endloop
  endfacet
  facet normal -0.707099 0 -0.707114
    outer loop
      vertex -4 1.4641 56.49
      vertex -4 187.536 56.49
      vertex -3.03528 187.136 55.5253
    endloop
  endfacet
  facet normal -0.707372 0.000725664 -0.706841
    outer loop
      vertex -6 0 58.49
      vertex -4 1.4641 56.49
      vertex -4.82843 0.828426 57.3184
    endloop
  endfacet
  facet normal -0.707107 0 -0.707107
    outer loop
      vertex -4 1.4641 56.49
      vertex -6 0 58.49
      vertex -4 187.536 56.49
    endloop
  endfacet
  facet normal -0.707107 -2.56066e-05 -0.707107
    outer loop
      vertex -6 0 58.49
      vertex -4.82843 0.828426 57.3184
      vertex -5.4641 0 57.9541
    endloop
  endfacet
  facet normal -0.707107 -0 -0.707107
    outer loop
      vertex -6 189 58.49
      vertex -4 187.536 56.49
      vertex -6 0 58.49
    endloop
  endfacet
  facet normal -0.707369 -0.000716657 -0.706844
    outer loop
      vertex -4 187.536 56.49
      vertex -6 189 58.49
      vertex -4.82843 188.172 57.3184
    endloop
  endfacet
  facet normal -0.707107 2.56198e-05 -0.707107
    outer loop
      vertex -4.82843 188.172 57.3184
      vertex -6 189 58.49
      vertex -5.4641 189 57.9541
    endloop
  endfacet
  facet normal 0 1 0
    outer loop
      vertex -5.4641 189 58.5
      vertex -6 189 58.49
      vertex -6 189 58.5
    endloop
  endfacet
  facet normal -0 1 0
    outer loop
      vertex -6 189 58.49
      vertex -5.4641 189 58.5
      vertex -5.4641 189 57.9541
    endloop
  endfacet
  facet normal -1 0 0
    outer loop
      vertex -6 0 58.49
      vertex -6 189 58.5
      vertex -6 189 58.49
    endloop
  endfacet
  facet normal -1 -0 0
    outer loop
      vertex -6 189 58.5
      vertex -6 0 58.49
      vertex -6 0 58.5
    endloop
  endfacet
  facet normal 0 0 -1
    outer loop
      vertex -0.00999928 1.46824 52.5
      vertex 0 187.536 52.5
      vertex 0 1.4641 52.5
    endloop
  endfacet
  facet normal 0 0 -1
    outer loop
      vertex 0 187.536 52.5
      vertex -0.00999928 1.46824 52.5
      vertex -0.00999928 187.532 52.5
    endloop
  endfacet
  facet normal 0 -1 0
    outer loop
      vertex -6 0 58.49
      vertex -5.4641 0 58.5
      vertex -6 0 58.5
    endloop
  endfacet
  facet normal 0 -1 -0
    outer loop
      vertex -5.4641 0 58.5
      vertex -6 0 58.49
      vertex -5.4641 0 57.9541
    endloop
  endfacet
  facet normal 0 -1 0
    outer loop
      vertex 266.464 0 58.5
      vertex 267 0 58.49
      vertex 267 0 58.5
    endloop
  endfacet
  facet normal -0 -1 0
    outer loop
      vertex 267 0 58.49
      vertex 266.464 0 58.5
      vertex 266.464 0 57.9541
    endloop
  endfacet
  facet normal 1 -0 0
    outer loop
      vertex 267 0 58.5
      vertex 267 189 58.49
      vertex 267 189 58.5
    endloop
  endfacet
  facet normal 1 0 0
    outer loop
      vertex 267 189 58.49
      vertex 267 0 58.5
      vertex 267 0 58.49
    endloop
  endfacet
  facet normal 0 0 -1
    outer loop
      vertex 261 1.4641 52.5
      vertex 261.01 187.532 52.5
      vertex 261.01 1.46824 52.5
    endloop
  endfacet
  facet normal -0 0 -1
    outer loop
      vertex 261.01 187.532 52.5
      vertex 261 1.4641 52.5
      vertex 261 187.536 52.5
    endloop
  endfacet
  facet normal 0.707041 -0.00015488 -0.707173
    outer loop
      vertex 267 189 58.49
      vertex 265.828 188.172 57.3184
      vertex 266.464 189 57.9541
    endloop
  endfacet
  facet normal 0.703588 0.00950435 -0.710545
    outer loop
      vertex 267 189 58.49
      vertex 265 187.536 56.49
      vertex 265.828 188.172 57.3184
    endloop
  endfacet
  facet normal 0.707209 0 -0.707004
    outer loop
      vertex 264.035 187.136 55.5253
      vertex 263 2 54.49
      vertex 263 187 54.49
    endloop
  endfacet
  facet normal 0.706997 0 -0.707217
    outer loop
      vertex 264.035 1.8637 55.5253
      vertex 264.035 187.136 55.5253
      vertex 265 187.536 56.49
    endloop
  endfacet
  facet normal 0.707107 0 -0.707107
    outer loop
      vertex 265 1.4641 56.49
      vertex 265 187.536 56.49
      vertex 267 189 58.49
    endloop
  endfacet
  facet normal 0.707209 0 -0.707004
    outer loop
      vertex 264.035 187.136 55.5253
      vertex 264.035 1.8637 55.5253
      vertex 263 2 54.49
    endloop
  endfacet
  facet normal 0.706997 0 -0.707217
    outer loop
      vertex 265 187.536 56.49
      vertex 265 1.4641 56.49
      vertex 264.035 1.8637 55.5253
    endloop
  endfacet
  facet normal 0.707107 0 -0.707107
    outer loop
      vertex 267 0 58.49
      vertex 265 1.4641 56.49
      vertex 267 189 58.49
    endloop
  endfacet
  facet normal 0.703543 -0.00962315 -0.710588
    outer loop
      vertex 265 1.4641 56.49
      vertex 267 0 58.49
      vertex 265.828 0.828426 57.3184
    endloop
  endfacet
  facet normal 0.707041 0.000154801 -0.707173
    outer loop
      vertex 265.828 0.828426 57.3184
      vertex 267 0 58.49
      vertex 266.464 0 57.9541
    endloop
  endfacet
  facet normal 0.707209 0 -0.707004
    outer loop
      vertex 263 2 54.49
      vertex 261.965 187.136 53.4547
      vertex 263 187 54.49
    endloop
  endfacet
  facet normal 0.707209 0 -0.707004
    outer loop
      vertex 261.965 1.8637 53.4547
      vertex 261.965 187.136 53.4547
      vertex 263 2 54.49
    endloop
  endfacet
  facet normal 0.706996 0 -0.707218
    outer loop
      vertex 261.965 187.136 53.4547
      vertex 261.965 1.8637 53.4547
      vertex 261.01 187.532 52.5
    endloop
  endfacet
  facet normal 0.706996 0 -0.707218
    outer loop
      vertex 261.01 187.532 52.5
      vertex 261.965 1.8637 53.4547
      vertex 261.01 1.46824 52.5
    endloop
  endfacet
  facet normal 0 1 -0
    outer loop
      vertex 267 189 58.49
      vertex 266.464 189 58.5
      vertex 267 189 58.5
    endloop
  endfacet
  facet normal 0 1 0
    outer loop
      vertex 266.464 189 58.5
      vertex 267 189 58.49
      vertex 266.464 189 57.9541
    endloop
  endfacet
  facet normal 0 1 -0
    outer loop
      vertex 261 195 58.49
      vertex 0 195 58.5
      vertex 261 195 58.5
    endloop
  endfacet
  facet normal 0 1 0
    outer loop
      vertex 0 195 58.5
      vertex 261 195 58.49
      vertex 0 195 58.49
    endloop
  endfacet
  facet normal 0 0.707209 -0.707004
    outer loop
      vertex 259.136 189.965 53.4547
      vertex 2 191 54.49
      vertex 259 191 54.49
    endloop
  endfacet
  facet normal 0 0.706996 -0.707218
    outer loop
      vertex 1.8637 189.965 53.4547
      vertex 259.136 189.965 53.4547
      vertex 259.532 189.01 52.5
    endloop
  endfacet
  facet normal 0 0.707209 -0.707004
    outer loop
      vertex 259.136 189.965 53.4547
      vertex 1.8637 189.965 53.4547
      vertex 2 191 54.49
    endloop
  endfacet
  facet normal 0 0.706996 -0.707218
    outer loop
      vertex 1.8637 189.965 53.4547
      vertex 259.532 189.01 52.5
      vertex 1.46824 189.01 52.5
    endloop
  endfacet
  facet normal -0.00015488 0.707041 -0.707173
    outer loop
      vertex 260.172 193.828 57.3184
      vertex 261 195 58.49
      vertex 261 194.464 57.9541
    endloop
  endfacet
  facet normal 0.00950435 0.703588 -0.710545
    outer loop
      vertex 259.536 193 56.49
      vertex 261 195 58.49
      vertex 260.172 193.828 57.3184
    endloop
  endfacet
  facet normal 0 0.707209 -0.707004
    outer loop
      vertex 2 191 54.49
      vertex 259.136 192.035 55.5253
      vertex 259 191 54.49
    endloop
  endfacet
  facet normal 0 0.707209 -0.707004
    outer loop
      vertex 1.8637 192.035 55.5253
      vertex 259.136 192.035 55.5253
      vertex 2 191 54.49
    endloop
  endfacet
  facet normal 0 0.706997 -0.707217
    outer loop
      vertex 259.136 192.035 55.5253
      vertex 1.8637 192.035 55.5253
      vertex 259.536 193 56.49
    endloop
  endfacet
  facet normal 0 0.706997 -0.707217
    outer loop
      vertex 1.4641 193 56.49
      vertex 259.536 193 56.49
      vertex 1.8637 192.035 55.5253
    endloop
  endfacet
  facet normal 0 0.707107 -0.707107
    outer loop
      vertex 259.536 193 56.49
      vertex 1.4641 193 56.49
      vertex 261 195 58.49
    endloop
  endfacet
  facet normal -0.00962315 0.703543 -0.710588
    outer loop
      vertex 0 195 58.49
      vertex 1.4641 193 56.49
      vertex 0.828426 193.828 57.3184
    endloop
  endfacet
  facet normal 0.000154801 0.707041 -0.707173
    outer loop
      vertex 0 195 58.49
      vertex 0.828426 193.828 57.3184
      vertex 0 194.464 57.9541
    endloop
  endfacet
  facet normal 0 0.707107 -0.707107
    outer loop
      vertex 1.4641 193 56.49
      vertex 0 195 58.49
      vertex 261 195 58.49
    endloop
  endfacet
  facet normal -1 0 0
    outer loop
      vertex 0 194.464 58.5
      vertex 0 195 58.49
      vertex 0 194.464 57.9541
    endloop
  endfacet
  facet normal -1 0 0
    outer loop
      vertex 0 195 58.49
      vertex 0 194.464 58.5
      vertex 0 195 58.5
    endloop
  endfacet
  facet normal 0 0 -1
    outer loop
      vertex 259.536 189 52.5
      vertex 1.46824 189.01 52.5
      vertex 259.532 189.01 52.5
    endloop
  endfacet
  facet normal 0 -0 -1
    outer loop
      vertex 1.46824 189.01 52.5
      vertex 259.536 189 52.5
      vertex 1.4641 189 52.5
    endloop
  endfacet
  facet normal 1 -0 0
    outer loop
      vertex 261 194.464 58.5
      vertex 261 195 58.49
      vertex 261 195 58.5
    endloop
  endfacet
  facet normal 1 0 0
    outer loop
      vertex 261 195 58.49
      vertex 261 194.464 58.5
      vertex 261 194.464 57.9541
    endloop
  endfacet
  facet normal 0 0 -1
    outer loop
      vertex 1.46824 -0.00999928 52.5
      vertex 7.5 0 52.5
      vertex 7.5 -0.00999928 52.5
    endloop
  endfacet
  facet normal -0 0 -1
    outer loop
      vertex 7.5 0 52.5
      vertex 1.46824 -0.00999928 52.5
      vertex 1.4641 0 52.5
    endloop
  endfacet
  facet normal -1 0 0
    outer loop
      vertex 0 -6 58.49
      vertex 0 -5.4641 58.5
      vertex 0 -5.4641 57.9541
    endloop
  endfacet
  facet normal -1 -0 0
    outer loop
      vertex 0 -5.4641 58.5
      vertex 0 -6 58.49
      vertex 0 -6 58.5
    endloop
  endfacet
  facet normal 0 -1 0
    outer loop
      vertex 0 -6 58.49
      vertex 7.5 -6 58.5
      vertex 0 -6 58.5
    endloop
  endfacet
  facet normal 0 -1 -0
    outer loop
      vertex 7.5 -6 58.5
      vertex 0 -6 58.49
      vertex 7.5 -6 58.49
    endloop
  endfacet
  facet normal 1 0 0
    outer loop
      vertex 7.5 0 58.5
      vertex 7.5 -0.00999928 52.5
      vertex 7.5 0 52.5
    endloop
  endfacet
  facet normal 1 0 0
    outer loop
      vertex 7.5 -6 58.49
      vertex 7.5 0 58.5
      vertex 7.5 -6 58.5
    endloop
  endfacet
  facet normal 1 0 0
    outer loop
      vertex 7.5 0 58.5
      vertex 7.5 -6 58.49
      vertex 7.5 -0.00999928 52.5
    endloop
  endfacet
  facet normal 6.18142e-08 -0.707107 -0.707107
    outer loop
      vertex 7.5 -6 58.49
      vertex 2 -2 54.49
      vertex 7.5 -0.00999928 52.5
    endloop
  endfacet
  facet normal -9.0665e-06 -0.707113 -0.707101
    outer loop
      vertex 7.5 -6 58.49
      vertex 1.8637 -3.03528 55.5253
      vertex 2 -2 54.49
    endloop
  endfacet
  facet normal 4.2712e-06 -0.7071 -0.707113
    outer loop
      vertex 7.5 -6 58.49
      vertex 1.4641 -4 56.49
      vertex 1.8637 -3.03528 55.5253
    endloop
  endfacet
  facet normal 6.76487e-06 -0.707097 -0.707117
    outer loop
      vertex 7.5 -6 58.49
      vertex 0.828426 -4.82843 57.3184
      vertex 1.4641 -4 56.49
    endloop
  endfacet
  facet normal 0 -0.707116 -0.707098
    outer loop
      vertex 0 -6 58.49
      vertex 0.828426 -4.82843 57.3184
      vertex 7.5 -6 58.49
    endloop
  endfacet
  facet normal -2.56066e-05 -0.707107 -0.707107
    outer loop
      vertex 0.828426 -4.82843 57.3184
      vertex 0 -6 58.49
      vertex 0 -5.4641 57.9541
    endloop
  endfacet
  facet normal 5.74965e-06 -0.707115 -0.707099
    outer loop
      vertex 1.8637 -0.964724 53.4547
      vertex 7.5 -0.00999928 52.5
      vertex 2 -2 54.49
    endloop
  endfacet
  facet normal -0 -0.707098 -0.707116
    outer loop
      vertex 7.5 -0.00999928 52.5
      vertex 1.8637 -0.964724 53.4547
      vertex 1.46824 -0.00999928 52.5
    endloop
  endfacet
  facet normal 0 0 -1
    outer loop
      vertex 168.3 0 52.5
      vertex 259.532 -0.00999928 52.5
      vertex 168.3 -0.00999928 52.5
    endloop
  endfacet
  facet normal 0 0 -1
    outer loop
      vertex 259.532 -0.00999928 52.5
      vertex 168.3 0 52.5
      vertex 259.536 0 52.5
    endloop
  endfacet
  facet normal -1 0 0
    outer loop
      vertex 168.3 -0.00999928 52.5
      vertex 168.3 0 58.5
      vertex 168.3 0 52.5
    endloop
  endfacet
  facet normal -1 0 0
    outer loop
      vertex 168.3 -6 58.49
      vertex 168.3 0 58.5
      vertex 168.3 -0.00999928 52.5
    endloop
  endfacet
  facet normal -1 -0 0
    outer loop
      vertex 168.3 0 58.5
      vertex 168.3 -6 58.49
      vertex 168.3 -6 58.5
    endloop
  endfacet
  facet normal 0 -1 0
    outer loop
      vertex 168.3 -6 58.49
      vertex 261 -6 58.5
      vertex 168.3 -6 58.5
    endloop
  endfacet
  facet normal 0 -1 -0
    outer loop
      vertex 261 -6 58.5
      vertex 168.3 -6 58.49
      vertex 261 -6 58.49
    endloop
  endfacet
  facet normal 1 0 0
    outer loop
      vertex 261 -6 58.49
      vertex 261 -5.4641 58.5
      vertex 261 -6 58.5
    endloop
  endfacet
  facet normal 1 0 0
    outer loop
      vertex 261 -5.4641 58.5
      vertex 261 -6 58.49
      vertex 261 -5.4641 57.9541
    endloop
  endfacet
  facet normal 2.56198e-05 -0.707107 -0.707107
    outer loop
      vertex 261 -6 58.49
      vertex 260.172 -4.82843 57.3184
      vertex 261 -5.4641 57.9541
    endloop
  endfacet
  facet normal -0.000716657 -0.707369 -0.706844
    outer loop
      vertex 261 -6 58.49
      vertex 259.536 -4 56.49
      vertex 260.172 -4.82843 57.3184
    endloop
  endfacet
  facet normal 5.98959e-07 -0.707114 -0.7071
    outer loop
      vertex 259.136 -3.03528 55.5253
      vertex 168.3 -6 58.49
      vertex 259 -2 54.49
    endloop
  endfacet
  facet normal -3.18458e-07 -0.7071 -0.707114
    outer loop
      vertex 259.536 -4 56.49
      vertex 168.3 -6 58.49
      vertex 259.136 -3.03528 55.5253
    endloop
  endfacet
  facet normal 0 -0.707107 -0.707107
    outer loop
      vertex 168.3 -6 58.49
      vertex 259.536 -4 56.49
      vertex 261 -6 58.49
    endloop
  endfacet
  facet normal -3.74838e-09 -0.707107 -0.707107
    outer loop
      vertex 168.3 -0.00999928 52.5
      vertex 259 -2 54.49
      vertex 168.3 -6 58.49
    endloop
  endfacet
  facet normal -3.64214e-07 -0.707115 -0.707099
    outer loop
      vertex 259 -2 54.49
      vertex 168.3 -0.00999928 52.5
      vertex 259.136 -0.964724 53.4547
    endloop
  endfacet
  facet normal 0 -0.707098 -0.707116
    outer loop
      vertex 259.136 -0.964724 53.4547
      vertex 168.3 -0.00999928 52.5
      vertex 259.532 -0.00999928 52.5
    endloop
  endfacet
  facet normal -0.675668 0 0.737206
    outer loop
      vertex -0.964724 187.136 4.62497
      vertex -0.00999928 1.46824 5.5
      vertex -0.00999928 187.532 5.5
    endloop
  endfacet
  facet normal -0.675668 0 0.737206
    outer loop
      vertex -0.964724 187.136 4.62497
      vertex -0.964724 1.8637 4.62497
      vertex -0.00999928 1.46824 5.5
    endloop
  endfacet
  facet normal -0.675669 0 0.737205
    outer loop
      vertex -2 187 3.67611
      vertex -0.964724 1.8637 4.62497
      vertex -0.964724 187.136 4.62497
    endloop
  endfacet
  facet normal -0.675669 0 0.737205
    outer loop
      vertex -2 187 3.67611
      vertex -2 2 3.67611
      vertex -0.964724 1.8637 4.62497
    endloop
  endfacet
  facet normal -0.675668 0 0.737206
    outer loop
      vertex -3.03528 187.136 2.72725
      vertex -2 2 3.67611
      vertex -2 187 3.67611
    endloop
  endfacet
  facet normal -0.675668 0 0.737206
    outer loop
      vertex -3.03528 187.136 2.72725
      vertex -3.03528 1.8637 2.72725
      vertex -2 2 3.67611
    endloop
  endfacet
  facet normal -0.675672 0 0.737202
    outer loop
      vertex -4 187.536 1.84305
      vertex -3.03528 1.8637 2.72725
      vertex -3.03528 187.136 2.72725
    endloop
  endfacet
  facet normal -0.675672 0 0.737202
    outer loop
      vertex -4 187.536 1.84305
      vertex -4 1.4641 1.84305
      vertex -3.03528 1.8637 2.72725
    endloop
  endfacet
  facet normal -0.675738 -0.000176978 0.737141
    outer loop
      vertex -6 189 0.00999928
      vertex -4 187.536 1.84305
      vertex -4.82843 188.172 1.08378
    endloop
  endfacet
  facet normal -0.675668 0 0.737206
    outer loop
      vertex -4 187.536 1.84305
      vertex -6 189 0.00999928
      vertex -4 1.4641 1.84305
    endloop
  endfacet
  facet normal -0.675669 4.80759e-06 0.737205
    outer loop
      vertex -6 189 0.00999928
      vertex -4.82843 188.172 1.08378
      vertex -5.4641 189 0.501166
    endloop
  endfacet
  facet normal -0.675668 0 0.737206
    outer loop
      vertex -6 0 0.00999928
      vertex -4 1.4641 1.84305
      vertex -6 189 0.00999928
    endloop
  endfacet
  facet normal -0.675739 0.000179203 0.737141
    outer loop
      vertex -4 1.4641 1.84305
      vertex -6 0 0.00999928
      vertex -4.82843 0.828426 1.08378
    endloop
  endfacet
  facet normal -0.675669 -4.80512e-06 0.737205
    outer loop
      vertex -4.82843 0.828426 1.08378
      vertex -6 0 0.00999928
      vertex -5.4641 0 0.501166
    endloop
  endfacet
  facet normal 0 1 -0
    outer loop
      vertex -5.4641 189 0
      vertex -6 189 0.00999928
      vertex -5.4641 189 0.501166
    endloop
  endfacet
  facet normal 0 1 0
    outer loop
      vertex -6 189 0.00999928
      vertex -5.4641 189 0
      vertex -6 189 0
    endloop
  endfacet
  facet normal 0 -1 0
    outer loop
      vertex -5.4641 0 0
      vertex -6 0 0.00999928
      vertex -6 0 0
    endloop
  endfacet
  facet normal 0 -1 0
    outer loop
      vertex -6 0 0.00999928
      vertex -5.4641 0 0
      vertex -5.4641 0 0.501166
    endloop
  endfacet
  facet normal -1 0 0
    outer loop
      vertex -6 0 0
      vertex -6 189 0.00999928
      vertex -6 189 0
    endloop
  endfacet
  facet normal -1 -0 0
    outer loop
      vertex -6 189 0.00999928
      vertex -6 0 0
      vertex -6 0 0.00999928
    endloop
  endfacet
  facet normal -0 0 1
    outer loop
      vertex -0.00999928 187.532 5.5
      vertex 0 1.4641 5.5
      vertex 0 187.536 5.5
    endloop
  endfacet
  facet normal 0 0 1
    outer loop
      vertex 0 1.4641 5.5
      vertex -0.00999928 187.532 5.5
      vertex -0.00999928 1.46824 5.5
    endloop
  endfacet
  facet normal 0 0 1
    outer loop
      vertex 261 187.536 5.5
      vertex 261.01 1.46824 5.5
      vertex 261.01 187.532 5.5
    endloop
  endfacet
  facet normal 0 0 1
    outer loop
      vertex 261.01 1.46824 5.5
      vertex 261 187.536 5.5
      vertex 261 1.4641 5.5
    endloop
  endfacet
  facet normal 1 -0 0
    outer loop
      vertex 267 0 0.00999928
      vertex 267 189 0
      vertex 267 189 0.00999928
    endloop
  endfacet
  facet normal 1 0 0
    outer loop
      vertex 267 189 0
      vertex 267 0 0.00999928
      vertex 267 0 0
    endloop
  endfacet
  facet normal 0 1 0
    outer loop
      vertex 266.464 189 0
      vertex 267 189 0.00999928
      vertex 267 189 0
    endloop
  endfacet
  facet normal 0 1 0
    outer loop
      vertex 267 189 0.00999928
      vertex 266.464 189 0
      vertex 266.464 189 0.501166
    endloop
  endfacet
  facet normal 0 -1 0
    outer loop
      vertex 266.464 0 0
      vertex 267 0 0.00999928
      vertex 266.464 0 0.501166
    endloop
  endfacet
  facet normal 0 -1 -0
    outer loop
      vertex 267 0 0.00999928
      vertex 266.464 0 0
      vertex 267 0 0
    endloop
  endfacet
  facet normal 0.6756 -0.000167668 0.737268
    outer loop
      vertex 265.828 188.172 1.08378
      vertex 267 189 0.00999928
      vertex 266.464 189 0.501166
    endloop
  endfacet
  facet normal 0.671815 0.0095852 0.740657
    outer loop
      vertex 265 187.536 1.84305
      vertex 267 189 0.00999928
      vertex 265.828 188.172 1.08378
    endloop
  endfacet
  facet normal 0.675668 0 0.737206
    outer loop
      vertex 267 189 0.00999928
      vertex 265 187.536 1.84305
      vertex 267 0 0.00999928
    endloop
  endfacet
  facet normal 0.6756 0.000167582 0.737268
    outer loop
      vertex 267 0 0.00999928
      vertex 265.828 0.828426 1.08378
      vertex 266.464 0 0.501166
    endloop
  endfacet
  facet normal 0.675668 -0 0.737206
    outer loop
      vertex 265 1.4641 1.84305
      vertex 267 0 0.00999928
      vertex 265 187.536 1.84305
    endloop
  endfacet
  facet normal 0.671766 -0.00970499 0.7407
    outer loop
      vertex 267 0 0.00999928
      vertex 265 1.4641 1.84305
      vertex 265.828 0.828426 1.08378
    endloop
  endfacet
  facet normal 0.675565 0 0.7373
    outer loop
      vertex 264.035 187.136 2.72725
      vertex 265 1.4641 1.84305
      vertex 265 187.536 1.84305
    endloop
  endfacet
  facet normal 0.675565 0 0.7373
    outer loop
      vertex 264.035 187.136 2.72725
      vertex 264.035 1.8637 2.72725
      vertex 265 1.4641 1.84305
    endloop
  endfacet
  facet normal 0.675767 0 0.737115
    outer loop
      vertex 263 187 3.67611
      vertex 264.035 1.8637 2.72725
      vertex 264.035 187.136 2.72725
    endloop
  endfacet
  facet normal 0.675767 0 0.737115
    outer loop
      vertex 263 187 3.67611
      vertex 263 2 3.67611
      vertex 264.035 1.8637 2.72725
    endloop
  endfacet
  facet normal 0.675767 0 0.737115
    outer loop
      vertex 261.965 187.136 4.62497
      vertex 263 2 3.67611
      vertex 263 187 3.67611
    endloop
  endfacet
  facet normal 0.675767 0 0.737115
    outer loop
      vertex 261.965 187.136 4.62497
      vertex 261.965 1.8637 4.62497
      vertex 263 2 3.67611
    endloop
  endfacet
  facet normal 0.675562 0 0.737303
    outer loop
      vertex 261.01 187.532 5.5
      vertex 261.965 1.8637 4.62497
      vertex 261.965 187.136 4.62497
    endloop
  endfacet
  facet normal 0.675562 0 0.737303
    outer loop
      vertex 261.965 1.8637 4.62497
      vertex 261.01 187.532 5.5
      vertex 261.01 1.46824 5.5
    endloop
  endfacet
  facet normal 1 0 0
    outer loop
      vertex 261 194.464 0
      vertex 261 195 0.00999928
      vertex 261 194.464 0.501166
    endloop
  endfacet
  facet normal 1 0 0
    outer loop
      vertex 261 195 0.00999928
      vertex 261 194.464 0
      vertex 261 195 0
    endloop
  endfacet
  facet normal -0.000167668 0.6756 0.737268
    outer loop
      vertex 261 195 0.00999928
      vertex 260.172 193.828 1.08378
      vertex 261 194.464 0.501166
    endloop
  endfacet
  facet normal 0.0095852 0.671815 0.740657
    outer loop
      vertex 261 195 0.00999928
      vertex 259.536 193 1.84305
      vertex 260.172 193.828 1.08378
    endloop
  endfacet
  facet normal 0 0.675767 0.737115
    outer loop
      vertex 259.136 192.035 2.72725
      vertex 2 191 3.67611
      vertex 259 191 3.67611
    endloop
  endfacet
  facet normal -0 0.675565 0.7373
    outer loop
      vertex 1.8637 192.035 2.72725
      vertex 259.136 192.035 2.72725
      vertex 259.536 193 1.84305
    endloop
  endfacet
  facet normal -0 0.675668 0.737206
    outer loop
      vertex 1.4641 193 1.84305
      vertex 259.536 193 1.84305
      vertex 261 195 0.00999928
    endloop
  endfacet
  facet normal 0 0.675767 0.737115
    outer loop
      vertex 259.136 192.035 2.72725
      vertex 1.8637 192.035 2.72725
      vertex 2 191 3.67611
    endloop
  endfacet
  facet normal 0 0.675565 0.7373
    outer loop
      vertex 259.536 193 1.84305
      vertex 1.4641 193 1.84305
      vertex 1.8637 192.035 2.72725
    endloop
  endfacet
  facet normal -0 0.675668 0.737206
    outer loop
      vertex 0 195 0.00999928
      vertex 1.4641 193 1.84305
      vertex 261 195 0.00999928
    endloop
  endfacet
  facet normal -0.00970499 0.671766 0.7407
    outer loop
      vertex 1.4641 193 1.84305
      vertex 0 195 0.00999928
      vertex 0.828426 193.828 1.08378
    endloop
  endfacet
  facet normal 0.000167582 0.6756 0.737268
    outer loop
      vertex 0.828426 193.828 1.08378
      vertex 0 195 0.00999928
      vertex 0 194.464 0.501166
    endloop
  endfacet
  facet normal -0 0.675767 0.737115
    outer loop
      vertex 2 191 3.67611
      vertex 259.136 189.965 4.62497
      vertex 259 191 3.67611
    endloop
  endfacet
  facet normal -0 0.675767 0.737115
    outer loop
      vertex 1.8637 189.965 4.62497
      vertex 259.136 189.965 4.62497
      vertex 2 191 3.67611
    endloop
  endfacet
  facet normal 0 0.675562 0.737303
    outer loop
      vertex 259.136 189.965 4.62497
      vertex 1.8637 189.965 4.62497
      vertex 259.532 189.01 5.5
    endloop
  endfacet
  facet normal 0 0.675562 0.737303
    outer loop
      vertex 259.532 189.01 5.5
      vertex 1.8637 189.965 4.62497
      vertex 1.46824 189.01 5.5
    endloop
  endfacet
  facet normal 0 1 -0
    outer loop
      vertex 261 195 0
      vertex 0 195 0.00999928
      vertex 261 195 0.00999928
    endloop
  endfacet
  facet normal 0 1 0
    outer loop
      vertex 0 195 0.00999928
      vertex 261 195 0
      vertex 0 195 0
    endloop
  endfacet
  facet normal -1 0 0
    outer loop
      vertex 0 194.464 0
      vertex 0 195 0.00999928
      vertex 0 195 0
    endloop
  endfacet
  facet normal -1 -0 0
    outer loop
      vertex 0 195 0.00999928
      vertex 0 194.464 0
      vertex 0 194.464 0.501166
    endloop
  endfacet
  facet normal -0 0 1
    outer loop
      vertex 1.46824 189.01 5.5
      vertex 259.536 189 5.5
      vertex 259.532 189.01 5.5
    endloop
  endfacet
  facet normal 0 0 1
    outer loop
      vertex 259.536 189 5.5
      vertex 1.46824 189.01 5.5
      vertex 1.4641 189 5.5
    endloop
  endfacet
  facet normal -1 0 0
    outer loop
      vertex 0 -6 0.00999928
      vertex 0 -5.4641 0
      vertex 0 -6 0
    endloop
  endfacet
  facet normal -1 0 0
    outer loop
      vertex 0 -5.4641 0
      vertex 0 -6 0.00999928
      vertex 0 -5.4641 0.501166
    endloop
  endfacet
  facet normal 0 -0.675669 0.737205
    outer loop
      vertex 259.136 -0.964724 4.62497
      vertex 2 -2 3.67611
      vertex 259 -2 3.67611
    endloop
  endfacet
  facet normal 0 -0.675668 0.737206
    outer loop
      vertex 1.8637 -0.964724 4.62497
      vertex 259.136 -0.964724 4.62497
      vertex 259.532 -0.00999928 5.5
    endloop
  endfacet
  facet normal 0 -0.675669 0.737205
    outer loop
      vertex 259.136 -0.964724 4.62497
      vertex 1.8637 -0.964724 4.62497
      vertex 2 -2 3.67611
    endloop
  endfacet
  facet normal 0 -0.675668 0.737206
    outer loop
      vertex 1.8637 -0.964724 4.62497
      vertex 259.532 -0.00999928 5.5
      vertex 1.46824 -0.00999928 5.5
    endloop
  endfacet
  facet normal 4.80759e-06 -0.675669 0.737205
    outer loop
      vertex 260.172 -4.82843 1.08378
      vertex 261 -6 0.00999928
      vertex 261 -5.4641 0.501166
    endloop
  endfacet
  facet normal -0.000176978 -0.675738 0.737141
    outer loop
      vertex 259.536 -4 1.84305
      vertex 261 -6 0.00999928
      vertex 260.172 -4.82843 1.08378
    endloop
  endfacet
  facet normal 0 -0.675668 0.737206
    outer loop
      vertex 2 -2 3.67611
      vertex 259.136 -3.03528 2.72725
      vertex 259 -2 3.67611
    endloop
  endfacet
  facet normal 0 -0.675668 0.737206
    outer loop
      vertex 1.8637 -3.03528 2.72725
      vertex 259.136 -3.03528 2.72725
      vertex 2 -2 3.67611
    endloop
  endfacet
  facet normal 0 -0.675672 0.737202
    outer loop
      vertex 259.136 -3.03528 2.72725
      vertex 1.8637 -3.03528 2.72725
      vertex 259.536 -4 1.84305
    endloop
  endfacet
  facet normal 0 -0.675672 0.737202
    outer loop
      vertex 1.4641 -4 1.84305
      vertex 259.536 -4 1.84305
      vertex 1.8637 -3.03528 2.72725
    endloop
  endfacet
  facet normal 0 -0.675668 0.737206
    outer loop
      vertex 259.536 -4 1.84305
      vertex 1.4641 -4 1.84305
      vertex 261 -6 0.00999928
    endloop
  endfacet
  facet normal 0.000179203 -0.675739 0.737141
    outer loop
      vertex 0 -6 0.00999928
      vertex 1.4641 -4 1.84305
      vertex 0.828426 -4.82843 1.08378
    endloop
  endfacet
  facet normal -4.80512e-06 -0.675669 0.737205
    outer loop
      vertex 0 -6 0.00999928
      vertex 0.828426 -4.82843 1.08378
      vertex 0 -5.4641 0.501166
    endloop
  endfacet
  facet normal 0 -0.675668 0.737206
    outer loop
      vertex 1.4641 -4 1.84305
      vertex 0 -6 0.00999928
      vertex 261 -6 0.00999928
    endloop
  endfacet
  facet normal 0 -1 0
    outer loop
      vertex 0 -6 0
      vertex 261 -6 0.00999928
      vertex 0 -6 0.00999928
    endloop
  endfacet
  facet normal 0 -1 -0
    outer loop
      vertex 261 -6 0.00999928
      vertex 0 -6 0
      vertex 261 -6 0
    endloop
  endfacet
  facet normal 0 0 1
    outer loop
      vertex 259.536 0 5.5
      vertex 1.46824 -0.00999928 5.5
      vertex 259.532 -0.00999928 5.5
    endloop
  endfacet
  facet normal 0 -0 1
    outer loop
      vertex 1.46824 -0.00999928 5.5
      vertex 259.536 0 5.5
      vertex 1.4641 0 5.5
    endloop
  endfacet
  facet normal 1 -0 0
    outer loop
      vertex 261 -6 0.00999928
      vertex 261 -5.4641 0
      vertex 261 -5.4641 0.501166
    endloop
  endfacet
  facet normal 1 0 0
    outer loop
      vertex 261 -5.4641 0
      vertex 261 -6 0.00999928
      vertex 261 -6 0
    endloop
  endfacet
endsolid OpenSCAD_Model
